site,season,as_of,horizon,n_seasons,ess,bandwidth,method,categories_available,observed,p_adverse,p_typical,p_favorable,c_adverse,c_typical,c_favorable,rps,rps_clim,brier,brier_clim,hit,hit_clim,crps_precip_mm,crps_clim_precip_mm,crps_gdd,crps_clim_gdd,crps_kdd_29c,crps_clim_kdd_29c,crps_heat_days,crps_clim_heat_days,crps_water_deficit_mm,crps_clim_water_deficit_mm
Ames,2018,05-01,30,5,2.498129015646979,1.953125,historical_analogs,True,0,0.11876325278472506,0.16392514191971644,0.7173116052955585,0.4,0.2,0.4,0.6455570718671246,0.25999999999999995,1.3179855958876485,0.56,0.0,0.5,60.77162634800322,41.494399999999985,109.31625791035148,120.9920399999999,6.371670588173026,7.642472975613787,2.0,2.0,27.46846251700608,18.138762378647442
Ames,2018,05-01,60,5,2.498129015646979,1.953125,historical_analogs,True,2,0.16988779012698796,0.11280060457745356,0.7173116052955585,0.4,0.2,0.4,0.05438729486740281,0.26000000000000006,0.12149856612784465,0.56,1.0,0.5,37.53450066480979,102.26120000000003,135.54611750195454,143.30231999999978,6.759885377896074,8.204921680162354,1.3329353700953184,1.7200000000000002,65.71320706978086,127.63080882708601
Ames,2018,05-01,90,5,2.498129015646979,1.953125,historical_analogs,True,1,0.16988779012698796,0.5860328358279427,0.24407937404506932,0.4,0.2,0.4,0.04421830103423218,0.15999999999999998,0.2598054150811194,0.9600000000000002,1.0,0.0,78.82508589186546,134.912,118.88631802475416,145.0803599999999,5.513338022938021,6.239386214700866,1.253613034346039,1.52,90.68291338200748,145.97308804291836
Ames,2018,05-01,season,5,2.498129015646979,1.953125,historical_analogs,True,2,0.7499579777476592,0.0059626482072715125,0.24407937404506932,0.4,0.2,0.4,0.5669264805657264,0.26000000000000006,1.1338885143050965,0.56,0.0,0.5,373.3517499331376,393.79,46.743013262143464,47.82708000000004,2.7146532853741836,2.6989746667122425,0.6517096338518725,0.7199999999999998,419.6672206826921,442.0200660602087
Ames,2018,05-15,30,5,4.559866828042216,1.0,historical_analogs,True,2,0.3656725208366768,0.17625670671810661,0.4580707724452166,0.4,0.2,0.4,0.213701840086587,0.26000000000000006,0.45847010683628664,0.56,1.0,0.5,59.2358923664146,71.86840000000004,113.44933413551468,107.88912000000016,7.434818675187162,7.078418305944108,2.274134098732364,2.36,69.65483704180204,85.93448649184093
Ames,2018,05-15,60,5,4.559866828042216,1.0,historical_analogs,True,2,0.31756683213572234,0.3167606470276009,0.3656725208366768,0.4,0.2,0.4,0.25161002184720715,0.26000000000000006,0.6035573511997586,0.56,1.0,0.5,152.44616781883778,167.65480000000002,138.30144395154684,134.75304000000003,11.364927590954439,11.423521982513396,1.5482681974647279,1.7200000000000002,141.88702590363934,161.6703721131458
Ames,2018,05-15,90,5,4.559866828042216,1.0,historical_analogs,True,2,0.4580707724452166,0.15966118427897097,0.38226804327581243,0.4,0.2,0.4,0.2957108014634255,0.26000000000000006,0.6169132966922145,0.56,0.0,0.5,175.6161704594108,186.89480000000003,115.23088553225588,117.71567999999988,5.631339262143139,6.412789385357465,0.942136112560569,1.1999999999999997,158.901641621334,172.09822376242855
Ames,2018,05-15,season,5,4.559866828042216,1.0,historical_analogs,True,2,0.4580707724452166,0.15966118427897097,0.38226804327581243,0.4,0.2,0.4,0.2957108014634255,0.26000000000000006,0.6169132966922145,0.56,0.0,0.5,409.9613722411294,416.78600000000006,39.13190233607019,43.669799999999775,3.526586417096266,3.331427680540381,0.6904919921699213,0.7199999999999998,432.29233540031686,442.02006606020876
Ames,2018,06-01,30,5,2.7771502077389925,1.25,historical_analogs,True,2,0.2986737627227165,0.5239921637658854,0.17733407351139802,0.4,0.2,0.4,0.3829926215721477,0.26000000000000006,1.04055303083235,0.56,0.0,0.5,203.75853360932817,189.52239999999992,14.726372444473501,13.23467999999999,1.8187898159503577,1.6465702196666956,0.31290047687722283,0.31999999999999995,205.72869613256898,189.31432238478328
Ames,2018,06-01,60,5,2.7771502077389925,1.25,historical_analogs,True,1,0.2986737627227165,0.15781751044845935,0.5435087268288241,0.4,0.2,0.4,0.19230387633901747,0.15999999999999998,1.0938790983852658,0.9600000000000002,0.0,0.0,238.14105946796334,214.756,23.00827692290506,16.389360000000064,2.360312127661654,1.2611137632997913,1.0019857954435658,0.5199999999999999,231.56612738537146,207.51443421833096
Ames,2018,06-01,90,5,2.7771502077389925,1.25,historical_analogs,True,2,0.2986737627227165,0.15781751044845935,0.5435087268288241,0.4,0.2,0.4,0.14879514951019335,0.26000000000000006,0.32249666562453627,0.56,1.0,0.5,302.48653529173146,296.5107999999999,18.33130659493141,21.123360000000076,2.860942784208558,3.4809498361963755,2.852424403920367,1.6,299.5934148736886,292.5857638774958
Ames,2018,06-01,season,5,2.7771502077389925,1.25,historical_analogs,True,2,0.2986737627227165,0.15781751044845935,0.5435087268288241,0.4,0.2,0.4,0.14879514951019335,0.26000000000000006,0.32249666562453627,0.56,1.0,0.5,495.6853390176872,475.35640000000006,63.10005977357129,34.89660000000006,6.016068341980675,4.188338413475089,3.6761277669845303,1.7199999999999998,510.9828544225359,487.79761148120286
Ames,2018,06-15,30,5,4.349124809764805,1.0,historical_analogs,True,1,0.4106238087156468,0.16895549963899156,0.42042069164536167,0.4,0.2,0.4,0.17268273512385418,0.15999999999999998,1.0360004318279865,0.9600000000000002,0.0,0.0,100.01505641435294,99.5224,16.6605499660129,18.327240000000025,4.101800705245462,3.7906669886577635,0.1339193808795559,0.15999999999999998,93.94812374140668,92.93214675993768
Ames,2018,06-15,60,5,4.349124809764805,1.0,historical_analogs,True,2,0.4933331492657983,0.19699447082084592,0.3096723799133558,0.4,0.2,0.4,0.3599649096095003,0.26000000000000006,0.7587366407529856,0.56,0.0,0.5,104.84611560481628,100.09039999999995,11.214074004649142,14.99184000000005,1.481030080329167,1.3683915420292991,0.40445621656937303,0.43999999999999995,92.44458817775204,87.84819042832795
Ames,2018,06-15,90,5,4.349124809764805,1.0,historical_analogs,True,2,0.4933331492657983,0.08624615908884008,0.42042069164536167,0.4,0.2,0.4,0.2896448854186757,0.26000000000000006,0.5867281707949289,0.56,0.0,0.5,272.5536221597783,261.09959999999995,24.49108535213486,23.593679999999967,5.793080406066906,4.516797221719422,1.7023305955537644,1.3200000000000003,280.1955089221252,266.9502367991277
Ames,2018,06-15,season,5,4.349124809764805,1.0,historical_analogs,True,2,0.4933331492657983,0.19699447082084592,0.3096723799133558,0.4,0.2,0.4,0.3599649096095003,0.26000000000000006,0.7587366407529856,0.56,0.0,0.5,350.36618674313024,326.36879999999985,40.93844115650248,40.973399999999955,3.9278697310695403,3.2455082543800065,1.7023305955537644,1.3200000000000003,366.8516803210436,340.56816232631274
Ames,2018,07-01,30,5,2.7906088359467516,3.814697265625,historical_analogs,True,0,0.6509442362543992,0.09963331287783946,0.24942245086776121,0.4,0.2,0.4,0.09202574260045272,0.25999999999999995,0.19397828223591884,0.56,1.0,0.5,27.30011257981093,21.088,14.76022004848741,10.055880000000005,0.8475069277553886,0.9863614965004529,0.013559336674960482,0.03999999999999998,22.052533250107214,17.188714590674934
Ames,2018,07-01,60,5,2.7906088359467516,3.814697265625,historical_analogs,True,2,0.6509442362543992,0.13297788605273644,0.2160778776928642,0.4,0.2,0.4,0.5191311462776734,0.26000000000000006,1.0559454107344015,0.56,0.0,0.5,105.47543883939458,94.40920000000001,15.832360393944825,8.143560000000004,3.939437886112854,3.7722387595023705,1.204889817363457,0.8,101.67901972408568,92.42491104193026
Ames,2018,07-01,90,5,2.7906088359467516,3.814697265625,historical_analogs,True,2,0.6509442362543992,0.13297788605273644,0.2160778776928642,0.4,0.2,0.4,0.5191311462776734,0.26000000000000006,1.0559454107344015,0.56,0.0,0.5,243.84280697920013,228.07160000000002,11.656844262116767,12.175560000000011,2.983297782035632,3.777929446416458,1.2455678273883386,0.9199999999999999,247.5301998728892,234.4245408076332
Ames,2018,07-01,season,5,2.7906088359467516,3.814697265625,historical_analogs,True,2,0.6509442362543992,0.13297788605273644,0.2160778776928642,0.4,0.2,0.4,0.5191311462776734,0.26000000000000006,1.0559454107344015,0.56,0.0,0.5,291.8129732483699,259.93159999999995,64.12750506435916,46.959839999999886,2.9180211100567304,3.8976206310621384,1.2455678273883386,0.9199999999999999,303.03338536008187,273.01452821572826
Ames,2018,07-15,30,5,2.8132006867911463,1.25,historical_analogs,True,2,0.2008441970301157,0.23549413489618284,0.5636616680737014,0.4,0.2,0.4,0.11536476569444831,0.26000000000000006,0.2861870189593982,0.56,1.0,0.5,15.332332184874073,15.296799999999998,15.53225892561953,9.539640000000007,2.627268966495811,3.184854633126978,0.452871933256413,0.20000000000000007,18.6777615994217,15.4521287198165
Ames,2018,07-15,60,5,2.8132006867911463,1.25,historical_analogs,True,2,0.2008441970301157,0.23549413489618284,0.5636616680737014,0.4,0.2,0.4,0.11536476569444831,0.26000000000000006,0.2861870189593982,0.56,1.0,0.5,173.43386168404206,158.73080000000002,27.635339670321606,22.445639999999976,11.64471326671,7.951053621904677,2.4357220337907797,0.9199999999999999,183.2059004611263,166.90852506239526
Ames,2018,07-15,90,5,2.8132006867911463,1.25,historical_analogs,True,2,0.2008441970301157,0.23549413489618284,0.5636616680737014,0.4,0.2,0.4,0.11536476569444831,0.26000000000000006,0.2861870189593982,0.56,1.0,0.5,232.77092784040215,220.936,113.0109311503798,51.64703999999999,10.216289946616465,6.130036376079427,2.4357220337907797,0.9199999999999999,248.7211806779004,236.18662174067728
Ames,2018,07-15,season,5,2.8132006867911463,1.25,historical_analogs,True,2,0.2008441970301157,0.23549413489618284,0.5636616680737014,0.4,0.2,0.4,0.11536476569444831,0.26000000000000006,0.2861870189593982,0.56,1.0,0.5,236.07072614660336,224.324,119.29059024143933,57.06648000000001,10.216289946616465,6.130036376079427,2.4357220337907797,0.9199999999999999,252.16364821743477,240.1596024329816
Ames,2018,08-01,30,5,2.7585179945913403,1.0,historical_analogs,True,2,0.18417384427646266,0.011325018684384206,0.804501137039153,0.4,0.2,0.4,0.03606990516727735,0.26000000000000006,0.07226806638275639,0.56,1.0,0.5,53.75906307908696,70.3372,10.375728232178759,8.825400000000037,5.153311061753467,3.3801682145405336,0.5827404038665068,0.76,59.21537536049513,74.13983363138331
Ames,2018,08-01,60,5,2.7585179945913403,1.0,historical_analogs,True,2,0.18417384427646266,0.011325018684384206,0.804501137039153,0.4,0.2,0.4,0.03606990516727735,0.26000000000000006,0.07226806638275639,0.56,1.0,0.5,191.52422210945204,195.4492,40.382702495759496,16.16040000000001,4.96508513411309,2.916158131121546,0.8697692547548104,0.8799999999999999,208.30567243031422,208.75734851546747
Ames,2018,08-01,90,5,2.7585179945913403,1.0,historical_analogs,True,2,0.18417384427646266,0.011325018684384206,0.804501137039153,0.4,0.2,0.4,0.03606990516727735,0.26000000000000006,0.07226806638275639,0.56,1.0,0.5,136.4195710785079,168.82720000000003,140.8684209917502,54.62243999999994,4.916293313537801,2.882484040095674,0.8697692547548104,0.8799999999999999,158.78843507207796,186.67104356031462
Ames,2018,08-01,season,5,2.7585179945913403,1.0,historical_analogs,True,2,0.18417384427646266,0.011325018684384206,0.804501137039153,0.4,0.2,0.4,0.03606990516727735,0.26000000000000006,0.07226806638275639,0.56,1.0,0.5,228.20820851084133,226.97439999999997,119.84239424697898,43.29611999999996,4.916293313537801,2.882484040095674,0.8697692547548104,0.8799999999999999,249.75243435157574,245.168664797161
Ames,2018,08-15,30,5,2.6181700108568724,1.25,historical_analogs,True,2,0.7345405467960495,0.054155746080553666,0.21130370712339686,0.4,0.2,0.4,0.580795828642368,0.26000000000000006,1.1645245021182773,0.56,0.0,0.5,161.74152625303947,136.7268,14.6531695888742,17.944920000000007,8.628628445699121,3.0426635871639576,2.2762843098482755,0.47999999999999976,176.30496934074887,147.37047843707813
Ames,2018,08-15,60,5,2.6181700108568724,1.25,historical_analogs,True,2,0.7345405467960495,0.0001744981067979125,0.2652849550971526,0.4,0.2,0.4,0.5396780060470163,0.26000000000000006,1.0793560425436217,0.56,0.0,0.5,242.5543439590999,218.74360000000004,90.9008672927403,50.81508000000002,7.634202835768676,2.7896677922406945,2.2762843098482755,0.47999999999999976,267.42088551974126,238.07001628775612
Ames,2018,08-15,90,5,2.6181700108568724,1.25,historical_analogs,True,2,0.7345405467960495,0.0001744981067979125,0.2652849550971526,0.4,0.2,0.4,0.5396780060470163,0.26000000000000006,1.0793560425436217,0.56,0.0,0.5,199.45220484495783,167.71160000000003,140.17747653293347,72.32112000000004,7.634202835768676,2.7896677922406945,2.2762843098482755,0.47999999999999976,226.04910309625757,189.22223297725674
Ames,2018,08-15,season,5,2.6181700108568724,1.25,historical_analogs,True,2,0.7345405467960495,0.0001744981067979125,0.2652849550971526,0.4,0.2,0.4,0.5396780060470163,0.26000000000000006,1.0793560425436217,0.56,0.0,0.5,242.24728617077088,218.5708000000001,92.1752537732817,53.91360000000001,7.634202835768676,2.7896677922406945,2.2762843098482755,0.47999999999999976,267.20136238748984,238.20550331766557
Ames,2019,05-01,30,5,4.109396385581232,1.0,historical_analogs,True,2,0.4228490098698411,0.17700103320551067,0.40014995692464816,0.4,0.2,0.4,0.26931067966270317,0.26000000000000006,0.5699507250812247,0.56,0.0,0.5,78.80823939740026,80.10559999999998,45.08195613095193,53.73828,0.6933309142103201,0.9093495378694585,0.016896477672744187,0.07999999999999996,32.72452712048248,35.79461230573492
Ames,2019,05-01,60,5,4.109396385581232,1.0,historical_analogs,True,2,0.4607102195731573,0.33093470828204635,0.20835507214479632,0.4,0.2,0.4,0.4194777991090086,0.26000000000000006,0.9484733793637405,0.56,0.0,0.5,65.60277051580134,49.32199999999999,132.6650597583662,142.0452,1.5632922394923612,3.571379159106722,0.3054468946978859,0.7599999999999998,39.855614410691715,38.214501189559314
Ames,2019,05-01,90,5,4.109396385581232,1.0,historical_analogs,True,2,0.4607102195731573,0.09191430158779476,0.4473754788390479,0.4,0.2,0.4,0.25882388390375916,0.26000000000000006,0.5260960066438906,0.56,0.0,0.5,90.31941509110948,59.29759999999999,110.64803100149096,119.7824399999999,2.2540047413692497,3.720787969007605,0.6700200964612277,1.0399999999999998,68.71810658387668,50.10485962121476
Ames,2019,05-01,season,5,4.109396385581232,1.0,historical_analogs,True,1,0.40014995692464816,0.17700103320551067,0.4228490098698411,0.4,0.2,0.4,0.16946063658735142,0.15999999999999998,1.0162485725194998,0.9600000000000002,0.0,0.0,143.57024079256263,108.6988,150.18398281113863,175.41396000000051,11.460896594922886,12.128898137765043,2.8195316297764688,2.6400000000000006,126.3423374877587,98.34127266254643
Ames,2019,05-15,30,5,3.725270039863572,1.0,historical_analogs,True,0,0.24021105451402958,0.38590086630568043,0.3738880791802899,0.4,0.2,0.4,0.3585357687179049,0.25999999999999995,0.8659910160512843,0.56,0.0,0.5,23.534483900889192,33.06999999999998,57.334054485202245,56.748959999999855,3.651982069508337,2.9742320861778095,0.4143316738677031,0.43999999999999995,26.371575142313077,30.664143226196416
Ames,2019,05-15,60,5,3.725270039863572,1.0,historical_analogs,True,0,0.586184734709926,0.22113698740880497,0.19267827788126884,0.4,0.2,0.4,0.1041839962771929,0.25999999999999995,0.2572695597546277,0.56,1.0,0.5,37.94699774758578,44.48679999999999,84.99143232783489,69.06744000000035,4.423769068507368,3.666865978360182,0.7382480817378869,0.7599999999999998,32.57372757141628,37.345735437305464
Ames,2019,05-15,90,5,3.725270039863572,1.0,historical_analogs,True,1,0.586184734709926,0.22113698740880497,0.19267827788126884,0.4,0.2,0.4,0.19036873098711896,0.15999999999999998,0.9873650543568698,0.9600000000000002,0.0,0.0,59.64928073483249,52.504400000000004,102.90243086733904,89.38512000000014,5.355032917418885,4.760447021555167,0.9110784995695662,1.1999999999999997,46.11748859935532,34.185108964901275
Ames,2019,05-15,season,5,3.725270039863572,1.0,historical_analogs,True,1,0.586184734709926,0.22113698740880497,0.19267827788126884,0.4,0.2,0.4,0.19036873098711896,0.15999999999999998,0.9873650543568698,0.9600000000000002,0.0,0.0,132.0775729179112,122.6708,93.4236664531256,120.0214799999997,11.6008715971102,11.559320919908163,2.2036286123920985,2.6400000000000006,112.08866679842782,98.34127266254643
Ames,2019,06-01,30,5,2.249060010803729,2.44140625,historical_analogs,True,1,0.20266754464341785,0.6240595780428542,0.17327287731372798,0.4,0.2,0.4,0.035548811832185,0.15999999999999998,0.21242882452568687,0.9600000000000002,1.0,0.0,70.10704640957968,33.196,69.52360033576109,71.04492,2.776874397197569,1.9652168000040107,0.7868712732001868,0.31999999999999995,65.05495212134778,35.44777244952695
Ames,2019,06-01,60,5,2.249060010803729,2.44140625,historical_analogs,True,2,0.20266754464341785,0.6240595780428542,0.17327287731372798,0.4,0.2,0.4,0.362275934518457,0.26000000000000006,1.1140022259839393,0.56,0.0,0.5,53.13845121202192,40.751200000000004,68.62852342868601,50.219279999999884,3.126351613547947,2.3126328338499063,0.9225220922103031,0.5199999999999999,47.10123752698483,43.80059135447208
Ames,2019,06-01,90,5,2.249060010803729,2.44140625,historical_analogs,True,1,0.8235422215983064,0.0031849010879656105,0.17327287731372798,0.4,0.2,0.4,0.35412264038382607,0.15999999999999998,1.701885622186661,0.9600000000000002,0.0,0.0,58.59371609761656,31.68520000000001,155.81373913597355,140.65344000000005,9.74645014321494,7.884413119830176,2.7670875534524804,1.6,51.107916555113306,36.311777355774325
Ames,2019,06-01,season,5,2.249060010803729,2.44140625,historical_analogs,True,1,0.8235422215983064,0.0031849010879656105,0.17327287731372798,0.4,0.2,0.4,0.35412264038382607,0.15999999999999998,1.701885622186661,0.9600000000000002,0.0,0.0,34.164373381054915,61.28920000000002,96.8680804384799,86.18796000000052,10.17669319157739,9.546906171102044,2.797170899860512,1.7199999999999998,43.52687655921798,71.09932789134942
Ames,2019,06-15,30,5,2.9201635075821786,1.0,historical_analogs,True,0,0.7018857531509733,0.0026068976852648093,0.2955073491637619,0.4,0.2,0.4,0.08809834879207792,0.25999999999999995,0.17620349349969733,0.56,1.0,0.5,9.28013855878047,10.285599999999995,20.237093440157985,13.259880000000013,1.2413064335120088,0.9923105690997986,0.3540305522373499,0.15999999999999998,13.114519155381608,10.983714398925919
Ames,2019,06-15,60,5,2.9201635075821786,1.0,historical_analogs,True,1,0.7018857531509733,0.0920082286414275,0.20610601820759922,0.4,0.2,0.4,0.2675616506088501,0.15999999999999998,1.3595723580725785,0.9600000000000002,0.0,0.0,41.7853437527537,25.5944,34.45276469728215,18.676800000000007,2.8043289195116023,1.3683915420292991,1.1436191280974506,0.43999999999999995,46.60391793299995,28.312758772931474
Ames,2019,06-15,90,5,2.9201635075821786,1.0,historical_analogs,True,1,0.7018857531509733,0.0920082286414275,0.20610601820759922,0.4,0.2,0.4,0.2675616506088501,0.15999999999999998,1.3595723580725785,0.9600000000000002,0.0,0.0,65.27685615248656,41.15399999999998,72.96884127107828,64.91016000000019,9.24193819541806,6.833867443473351,2.4792983111551403,1.3200000000000003,75.12855156905789,48.20261059888887
Ames,2019,06-15,season,5,2.9201635075821786,1.0,historical_analogs,True,1,0.7018857531509733,0.0920082286414275,0.20610601820759922,0.4,0.2,0.4,0.2675616506088501,0.15999999999999998,1.3595723580725785,0.9600000000000002,0.0,0.0,122.09909119176709,73.00559999999997,69.86728678528186,43.090200000000095,8.317765759869497,6.775393845194067,2.4792983111551403,1.3200000000000003,132.78450164593264,81.2957286297224
Ames,2019,07-01,30,5,2.618765714929987,1.5625,historical_analogs,True,2,0.12345248317091252,0.22032312095391562,0.6562243958751719,0.4,0.2,0.4,0.0667110907962275,0.26000000000000006,0.1819644592193287,0.56,1.0,0.5,33.58105590604232,24.2464,19.037475255806662,10.055880000000005,1.3880719652631637,0.5315565430455658,0.31327344539043983,0.03999999999999998,27.202588080983425,21.669571202059533
Ames,2019,07-01,60,5,2.618765714929987,1.5625,historical_analogs,True,1,0.3214698976466292,0.02230570647819893,0.6562243958751719,0.4,0.2,0.4,0.26698667641733426,0.15999999999999998,1.4898594844197621,0.9600000000000002,0.0,0.0,7.808350910640673,14.695600000000002,59.354588687230915,64.33811999999975,5.106434462101254,4.746692751581632,2.17949712526302,0.8,10.6321977548049,15.448817827491233
Ames,2019,07-01,90,5,2.618765714929987,1.5625,historical_analogs,True,1,0.3214698976466292,0.02230570647819893,0.6562243958751719,0.4,0.2,0.4,0.26698667641733426,0.15999999999999998,1.4898594844197621,0.9600000000000002,0.0,0.0,49.25221218101032,53.72599999999998,20.626105663624084,22.932360000000056,6.920611851898206,5.899465346145856,3.1193174614343393,0.9199999999999999,49.67526227906559,56.043241331481724
Ames,2019,07-01,season,5,2.618765714929987,1.5625,historical_analogs,True,1,0.3214698976466292,0.02230570647819893,0.6562243958751719,0.4,0.2,0.4,0.26698667641733426,0.15999999999999998,1.4898594844197621,0.9600000000000002,0.0,0.0,65.4368415148181,68.99720000000002,47.95386173337195,35.15759999999999,7.498138207396458,5.827179097134552,3.1193174614343393,0.9199999999999999,68.26613419241215,73.71008044276256
Ames,2019,07-15,30,5,3.4853194842525834,1.0,historical_analogs,True,2,0.6656958365221499,0.20151732261769825,0.13278684086015177,0.4,0.2,0.4,0.5976048050741203,0.26000000000000006,1.235818841463246,0.56,0.0,0.5,34.98382212012278,17.6104,17.179395733861753,13.358520000000073,0.8370449904389519,0.7647010957673954,0.23715039013213618,0.20000000000000007,34.23876543789018,18.80951221863453
Ames,2019,07-15,60,5,3.4853194842525834,1.0,historical_analogs,True,2,0.6656958365221499,0.20151732261769825,0.13278684086015177,0.4,0.2,0.4,0.5976048050741203,0.26000000000000006,1.235818841463246,0.56,0.0,0.5,58.089012314211814,40.228399999999986,37.66782282731145,56.24963999999975,8.105703640501796,5.456638949940387,1.3585897387442354,0.9199999999999999,66.16917114366125,45.98582338556595
Ames,2019,07-15,90,5,3.4853194842525834,1.0,historical_analogs,True,2,0.6656958365221499,0.20151732261769825,0.13278684086015177,0.4,0.2,0.4,0.5976048050741203,0.26000000000000006,1.235818841463246,0.56,0.0,0.5,121.55119106694072,72.43359999999998,42.85832722267385,41.75423999999995,6.97336807449106,4.848437073175267,1.3585897387442354,0.9199999999999999,132.13076570658924,79.4235837714223
Ames,2019,07-15,season,5,3.4853194842525834,1.0,historical_analogs,True,2,0.6656958365221499,0.20151732261769825,0.13278684086015177,0.4,0.2,0.4,0.5976048050741203,0.26000000000000006,1.235818841463246,0.56,0.0,0.5,121.3321893081485,72.40400000000001,42.75931150198531,42.853679999999954,6.97336807449106,4.848437073175267,1.3585897387442354,0.9199999999999999,131.86022382862075,79.24734685435027
Ames,2019,08-01,30,5,3.8181120835607105,1.0,historical_analogs,True,1,0.5653472682028091,0.300796046652983,0.1338566851442079,0.4,0.2,0.4,0.1687675729110873,0.15999999999999998,0.8264213141982722,0.9600000000000002,0.0,0.0,16.147522780354173,24.871599999999994,78.93260763503272,81.03851999999998,6.953603200898637,5.6892381468148665,0.8940653185310059,0.76,12.152031850474678,20.294361394930746
Ames,2019,08-01,60,5,3.8181120835607105,1.0,historical_analogs,True,1,0.5653472682028091,0.300796046652983,0.1338566851442079,0.4,0.2,0.4,0.1687675729110873,0.15999999999999998,0.8264213141982722,0.9600000000000002,0.0,0.0,23.168966306099783,20.62360000000001,24.70243347794019,20.68776000000002,6.718467159700954,5.9696519753912956,0.9237914049779326,0.8799999999999999,29.82614636219885,25.303849126161808
Ames,2019,08-01,90,5,3.8181120835607105,1.0,historical_analogs,True,1,0.5653472682028091,0.300796046652983,0.1338566851442079,0.4,0.2,0.4,0.1687675729110873,0.15999999999999998,0.8264213141982722,0.9600000000000002,0.0,0.0,59.610398270913066,44.588800000000006,80.93273929317571,68.49828000000001,6.76714333826546,6.107771528785401,0.9237914049779326,0.8799999999999999,62.722724490706526,46.929154149318634
Ames,2019,08-01,season,5,3.8181120835607105,1.0,historical_analogs,True,1,0.5653472682028091,0.300796046652983,0.1338566851442079,0.4,0.2,0.4,0.1687675729110873,0.15999999999999998,0.8264213141982722,0.9600000000000002,0.0,0.0,66.38224404342799,44.583999999999975,47.71989006089143,36.29339999999996,6.76714333826546,6.107771528785401,0.9237914049779326,0.8799999999999999,76.56519771622827,51.35495801563991
Ames,2019,08-15,30,5,2.351415976919379,1.5625,historical_analogs,True,2,0.7144856706495496,0.0002953028154281832,0.2852190265350223,0.4,0.2,0.4,0.510700806795539,0.26000000000000006,1.0214017007948306,0.56,0.0,0.5,19.329172766185984,22.86120000000001,21.3170203846704,44.40924000000001,7.046940005725981,3.7523162078486463,1.063430764552279,0.47999999999999976,28.181231639879407,29.850076701256086
Ames,2019,08-15,60,5,2.351415976919379,1.5625,historical_analogs,True,2,0.7144856706495496,0.0002953028154281832,0.2852190265350223,0.4,0.2,0.4,0.510700806795539,0.26000000000000006,1.0214017007948306,0.56,0.0,0.5,80.72964576267177,62.19639999999998,41.06727742157955,31.331879999999956,6.373800948008357,3.5818120348292073,1.063430764552279,0.47999999999999976,94.27543221455957,71.84481761654845
Ames,2019,08-15,90,5,2.351415976919379,1.5625,historical_analogs,True,2,0.7144856706495496,0.0002953028154281832,0.2852190265350223,0.4,0.2,0.4,0.510700806795539,0.26000000000000006,1.0214017007948306,0.56,0.0,0.5,75.05652840902377,53.3468,15.581665173565113,76.12272000000004,6.373800948008357,3.5818120348292073,1.063430764552279,0.47999999999999976,86.04186636864335,58.88908090901222
Ames,2019,08-15,season,5,2.351415976919379,1.5625,historical_analogs,True,2,0.7144856706495496,0.0002953028154281832,0.2852190265350223,0.4,0.2,0.4,0.510700806795539,0.26000000000000006,1.0214017007948306,0.56,0.0,0.5,80.58717569460542,62.0236,42.36896645866186,32.51231999999995,6.373800948008357,3.5818120348292073,1.063430764552279,0.47999999999999976,94.08512897665238,71.73469517219877
Ames,2020,05-01,30,5,3.526276857088093,1.0,historical_analogs,True,1,0.43685836280008417,0.2131451189571946,0.3499965182427213,0.4,0.2,0.4,0.15667139596519875,0.15999999999999998,0.932483395751285,0.9600000000000002,0.0,0.0,30.187627185202782,25.030399999999982,52.72309689848723,67.84739999999995,0.37024059492087047,1.0334668572394938,0.013002233258142537,0.07999999999999996,44.64098688608264,47.9770931611881
Ames,2020,05-01,60,5,3.526276857088093,1.0,historical_analogs,True,0,0.5693739795321547,0.027510158549315874,0.40311586191852944,0.4,0.2,0.4,0.17397058381714597,0.25999999999999995,0.3486979764577005,0.56,1.0,0.5,27.74028807822667,49.322,41.45750679366857,48.67272,1.199799553394612,3.2452208517850387,0.21294893600348108,0.7599999999999998,29.23912205625787,38.214501189559286
Ames,2020,05-01,90,5,3.526276857088093,1.0,historical_analogs,True,0,0.2937746211823186,0.027510158549315874,0.6787152202683656,0.4,0.2,0.4,0.4797043179550567,0.25999999999999995,0.960165444733522,0.56,0.0,0.5,33.28318824197756,59.29759999999999,19.957874842620427,26.388359999999956,2.122296941090515,2.8440682294553814,0.5687497591177698,1.0399999999999998,32.10355454177765,50.10485962121474
Ames,2020,05-01,season,5,3.526276857088093,1.0,historical_analogs,True,0,0.24065527750651047,0.32248635969340544,0.43685836280008417,0.4,0.2,0.4,0.3837248183635422,0.25999999999999995,0.871447088915389,0.56,0.0,0.5,112.92507055348915,138.92439999999988,109.8222874461591,140.59476000000006,1.7124683307081887,1.6373126515428842,0.9515856661149018,0.7199999999999998,78.599592625785,106.51344553259584
Ames,2020,05-15,30,5,2.277583540349934,1.0,historical_analogs,True,1,0.9161971991879387,0.002152409039088085,0.08165039177297329,0.4,0.2,0.4,0.4230420471382517,0.15999999999999998,1.8417839090629988,0.9600000000000002,0.0,0.0,24.7467158653427,33.06999999999999,24.551713787249007,16.38288000000003,1.7896244928192946,1.4093715393890207,0.2229274035033318,0.43999999999999995,27.686786588068863,30.664143226196416
Ames,2020,05-15,60,5,2.277583540349934,1.0,historical_analogs,True,0,0.5418126362587883,0.3771233078828178,0.08106405585839406,0.4,0.2,0.4,0.10825352072216714,0.25999999999999995,0.3587290307928129,0.56,1.0,0.5,35.10858131407008,44.48679999999998,44.58831632925489,31.20264000000003,2.027692724678706,2.2354124348539752,0.4271736629954588,0.7599999999999998,24.82881197658771,37.34573543730546
Ames,2020,05-15,90,5,2.277583540349934,1.0,historical_analogs,True,0,0.3798620528364851,0.539073891305121,0.08106405585839406,0.4,0.2,0.4,0.1955712273321956,0.25999999999999995,0.6817431149512365,0.56,0.0,0.5,54.82882947555249,57.3812,34.94745770022362,16.333920000000006,2.3861693616611417,3.52053382103839,0.42960047237306687,1.1999999999999997,43.81175682286995,62.25943322299426
Ames,2020,05-15,season,5,2.277583540349934,1.0,historical_analogs,True,0,0.3798620528364851,0.539073891305121,0.08106405585839406,0.4,0.2,0.4,0.1955712273321956,0.25999999999999995,0.6817431149512365,0.56,0.0,0.5,124.12316777654452,106.68199999999996,56.845707443282464,74.27267999999994,4.449018149088783,1.3084994995610284,0.5882620519790323,0.7199999999999998,101.13775011631135,106.5134455325958
Ames,2020,06-01,30,5,4.310797742098831,1.0,historical_analogs,True,0,0.5207767661836245,0.19050165603297683,0.2887215777833988,0.4,0.2,0.4,0.15650752865357984,0.25999999999999995,0.34930593825846634,0.56,1.0,0.5,32.79570874475924,40.386399999999995,25.543105247141284,23.157719999999884,1.845709629395631,1.6465702196666956,0.5424168803933469,0.31999999999999995,33.88446189053788,41.416009789950294
Ames,2020,06-01,60,5,4.310797742098831,1.0,historical_analogs,True,0,0.5207767661836245,0.05913898856771295,0.42008424524866267,0.4,0.2,0.4,0.20306284046778153,0.25999999999999995,0.4096231009043752,0.56,1.0,0.5,51.168131307104204,59.039199999999994,51.506700901179634,52.5218400000001,1.5430434449902881,1.2611137632997913,0.7771254341076111,0.5199999999999999,59.77196396891239,67.69082864834854
Ames,2020,06-01,90,5,4.310797742098831,1.0,historical_analogs,True,0,0.5207767661836245,0.22958258921568583,0.2496406446006898,0.4,0.2,0.4,0.14598767963303622,0.25999999999999995,0.34468352453705076,0.56,1.0,0.5,114.46227554747544,125.4532,22.195301932639026,23.762879999999768,2.453887461061252,3.2424951778837405,0.656585646812267,0.6399999999999999,127.46223235899551,138.7000843932285
Ames,2020,06-01,season,5,4.310797742098831,1.0,historical_analogs,True,0,0.5207767661836245,0.22958258921568583,0.2496406446006898,0.4,0.2,0.4,0.14598767963303622,0.25999999999999995,0.34468352453705076,0.56,1.0,0.5,148.20794592584133,166.86039999999997,53.1366786799999,40.62060000000017,1.4573867981350848,1.7521620349809197,0.7654582896661868,0.7599999999999998,149.38802646973772,169.45668871356406
Ames,2020,06-15,30,5,4.740070874099625,1.0,historical_analogs,True,0,0.37062805613422856,0.1327767777311468,0.4965951661346247,0.4,0.2,0.4,0.32135790137682757,0.25999999999999995,0.6603454754583216,0.56,0.0,0.5,15.571423596350591,16.741600000000002,16.700225985298427,13.25988000000001,1.0523567723619247,1.325019857468459,0.17761002456011687,0.15999999999999998,20.156591295348356,20.85651087252955
Ames,2020,06-15,60,5,4.740070874099625,1.0,historical_analogs,True,0,0.42143804356051784,0.20874644326749428,0.3698155131719879,0.4,0.2,0.4,0.235748725610871,0.25999999999999995,0.5150725287985712,0.56,1.0,0.5,48.66616057879183,48.644000000000005,17.267265016731464,14.028480000000012,1.5013997914597628,1.6290273479485675,0.4860029816526749,0.43999999999999995,48.348465474604005,48.77732046485104
Ames,2020,06-15,90,5,4.740070874099625,1.0,historical_analogs,True,0,0.42143804356051784,0.20874644326749428,0.3698155131719879,0.4,0.2,0.4,0.235748725610871,0.25999999999999995,0.5150725287985712,0.56,1.0,0.5,39.51122831662481,43.84680000000001,49.14002695443898,51.967439999999996,1.209996958507936,1.498304502814063,0.8618217508513828,0.8399999999999999,40.63443389521986,45.3447779342936
Ames,2020,06-15,season,5,4.740070874099625,1.0,historical_analogs,True,0,0.42143804356051784,0.20874644326749428,0.3698155131719879,0.4,0.2,0.4,0.235748725610871,0.25999999999999995,0.5150725287985712,0.56,1.0,0.5,113.92614637448516,116.65199999999999,78.67491013270666,69.51132000000004,1.3094728478809579,1.2923224016382635,0.8618217508513828,0.8399999999999999,114.66724303226533,118.95564759374679
Ames,2020,07-01,30,5,4.341812491990163,1.0,historical_analogs,True,0,0.548652718442435,0.2229106679820734,0.22843661357549166,0.4,0.2,0.4,0.12794882749562114,0.25999999999999995,0.3055868208914565,0.56,1.0,0.5,9.277903435565001,12.927999999999985,20.133709631633543,17.72387999999996,2.0431999249201382,2.178505785632422,0.04968916590021416,0.03999999999999998,16.4629087596696,19.499581395427363
Ames,2020,07-01,60,5,4.341812491990163,1.0,historical_analogs,True,0,0.548652718442435,0.11293542086684115,0.33841186069072393,0.4,0.2,0.4,0.15911847801278084,0.25999999999999995,0.3309913653119323,0.56,1.0,0.5,70.02547613503651,72.48760000000001,5.167592016629451,8.303400000000043,4.769425809298227,5.788420660166964,0.6991567195751711,0.8,83.53591362017818,86.22077640340639
Ames,2020,07-01,90,5,4.341812491990163,1.0,historical_analogs,True,0,0.548652718442435,0.11293542086684115,0.33841186069072393,0.4,0.2,0.4,0.15911847801278084,0.25999999999999995,0.3309913653119323,0.56,1.0,0.5,35.64683369937846,51.177199999999985,120.40781425910376,113.12531999999943,2.7335474422153747,3.7658539803152893,0.8482242172758139,0.9199999999999999,41.37731432909446,57.909816187958754
Ames,2020,07-01,season,5,4.341812491990163,1.0,historical_analogs,True,0,0.548652718442435,0.11293542086684115,0.33841186069072393,0.4,0.2,0.4,0.15911847801278084,0.25999999999999995,0.3309913653119323,0.56,1.0,0.5,82.15612933532466,100.5716,104.63129038245002,78.06383999999974,2.2364560069769306,3.3033795339879513,0.8482242172758139,0.9199999999999999,88.43478957287871,108.44347860361506
Ames,2020,07-15,30,5,3.675185692919711,1.0,historical_analogs,True,0,0.6064050959703882,0.13006746798931165,0.2635274360403001,0.4,0.2,0.4,0.11218182901202692,0.25999999999999995,0.24128120425320443,0.56,1.0,0.5,17.350796821365456,28.2232,7.688296464072245,5.435639999999973,1.1706502861219308,0.7647010957673954,0.3265456092296647,0.20000000000000007,14.369903799976719,23.02279297237881
Ames,2020,07-15,60,5,3.675185692919711,1.0,historical_analogs,True,0,0.6064050959703882,0.13006746798931165,0.2635274360403001,0.4,0.2,0.4,0.11218182901202692,0.25999999999999995,0.24128120425320443,0.56,1.0,0.5,13.335898396284406,24.2588,63.44218077248618,65.83139999999996,2.2817294469501963,2.924365906397819,0.6595309419837956,0.9199999999999999,11.911168200608643,23.687770620184274
Ames,2020,07-15,90,5,3.675185692919711,1.0,historical_analogs,True,0,0.6064050959703882,0.13006746798931165,0.2635274360403001,0.4,0.2,0.4,0.11218182901202692,0.25999999999999995,0.24128120425320443,0.56,1.0,0.5,71.02738200885443,99.98080000000003,107.0862052956694,85.1270399999998,1.9353750927015594,2.521843142002159,0.6595309419837956,0.9199999999999999,70.43988217658573,100.33016104019839
Ames,2020,07-15,season,5,3.675185692919711,1.0,historical_analogs,True,0,0.6064050959703882,0.13006746798931165,0.2635274360403001,0.4,0.2,0.4,0.11218182901202692,0.25999999999999995,0.24128120425320443,0.56,1.0,0.5,71.19611260762056,100.316,103.59063642764522,77.58647999999981,1.9353750927015594,2.521843142002159,0.6595309419837956,0.9199999999999999,70.75021612950128,101.00077611945635
Ames,2020,08-01,30,5,2.1607068297439236,1.0,historical_analogs,True,0,0.7971966884485774,0.14954913481341414,0.05325417673800844,0.4,0.2,0.4,0.021982595258133213,0.25999999999999995,0.06633013423970714,0.56,1.0,0.5,37.21828809739212,49.994800000000005,19.094889284326335,20.091959999999972,3.349288108864636,2.8692342682143686,0.23989535448294685,0.76,44.87694591299458,59.041374870074456
Ames,2020,08-01,60,5,2.1607068297439236,1.0,historical_analogs,True,0,0.7971966884485774,0.14954913481341414,0.05325417673800844,0.4,0.2,0.4,0.021982595258133213,0.25999999999999995,0.06633013423970714,0.56,1.0,0.5,17.974861573536504,48.785199999999975,135.80374251661658,142.57224,2.875215259506392,2.0701281280176955,0.24016554003641977,0.8799999999999997,22.178474642358445,51.914223596120586
Ames,2020,08-01,90,5,2.1607068297439236,1.0,historical_analogs,True,0,0.7971966884485774,0.14954913481341414,0.05325417673800844,0.4,0.2,0.4,0.021982595258133213,0.25999999999999995,0.06633013423970714,0.56,1.0,0.5,27.51387180526607,101.75199999999998,175.23161660400194,161.14499999999984,3.0636794311530955,2.215848379914758,0.24016554003641977,0.8799999999999997,25.505917885784058,102.01995447453714
Ames,2020,08-01,season,5,2.1607068297439236,1.0,historical_analogs,True,0,0.7971966884485774,0.14954913481341414,0.05325417673800844,0.4,0.2,0.4,0.021982595258133213,0.25999999999999995,0.06633013423970714,0.56,1.0,0.5,31.36319629317355,85.89759999999997,107.17770167787883,98.88587999999967,3.0636794311530955,2.215848379914758,0.24016554003641977,0.8799999999999997,35.75644362514256,90.34388630063452
Ames,2020,08-15,30,5,2.4047260938380903,1.0,historical_analogs,True,0,0.30827216856913103,0.11632457379566322,0.5754032576352058,0.4,0.2,0.4,0.40478815083662983,0.25999999999999995,0.8231077081420024,0.56,0.0,0.5,3.86054692012123,14.08199999999998,86.32458458571274,69.38748000000004,3.656250647544325,4.357496482069166,1.880408108198504,1.4400000000000002,5.562582272339013,16.54489149254251
Ames,2020,08-15,60,5,2.4047260938380903,1.0,historical_analogs,True,0,0.30827216856913103,0.11632457379566322,0.5754032576352058,0.4,0.2,0.4,0.40478815083662983,0.25999999999999995,0.8231077081420024,0.56,0.0,0.5,52.131332498555125,60.473199999999984,140.48819670542156,76.67460000000004,1.8635370128809883,3.111870053784142,1.880408108198504,1.4400000000000002,56.63679264256481,65.85215396158834
Ames,2020,08-15,90,5,2.4047260938380903,1.0,historical_analogs,True,0,0.30827216856913103,0.11632457379566322,0.5754032576352058,0.4,0.2,0.4,0.40478815083662983,0.25999999999999995,0.8231077081420024,0.56,0.0,0.5,106.7282335483909,74.56279999999998,163.15882182594953,77.11632000000014,1.8635370128809883,3.111870053784142,1.880408108198504,1.4400000000000002,110.61320875008042,80.37090021124045
Ames,2020,08-15,season,5,2.4047260938380903,1.0,historical_analogs,True,0,0.30827216856913103,0.11632457379566322,0.5754032576352058,0.4,0.2,0.4,0.40478815083662983,0.25999999999999995,0.8231077081420024,0.56,0.0,0.5,52.38321555169865,60.665199999999984,144.01597722761446,77.37120000000009,1.8635370128809883,3.111870053784142,1.880408108198504,1.4400000000000002,56.65877074078871,66.02060101905724
Ames,2021,05-01,30,5,2.8725079692351025,1.0,historical_analogs,True,1,0.3066828995417591,0.4427623998082165,0.2505547006500245,0.4,0.2,0.4,0.07841602944458201,0.15999999999999998,0.467345801956662,0.9600000000000002,1.0,0.0,30.396291218455836,22.222399999999997,28.724390906788777,38.53187999999999,0.13271890347710213,1.0334668572394938,8.022417505126195e-05,0.07999999999999996,36.59176542582175,18.69186986450595
Ames,2021,05-01,60,5,2.8725079692351025,1.0,historical_analogs,True,0,0.7431118889317545,0.0018866244912776862,0.255001486576968,0.4,0.2,0.4,0.06550862988233738,0.25999999999999995,0.13102081911664593,0.56,1.0,0.5,40.7631804816928,83.33959999999999,30.429883869194576,30.35160000000006,8.495212827498912,3.469701814641031,1.9672951103973575,0.7599999999999998,48.76908643416699,83.9490553618871
Ames,2021,05-01,90,5,2.8725079692351025,1.0,historical_analogs,True,0,0.4490958102264377,0.0018866244912776862,0.5490175652822847,0.4,0.2,0.4,0.3024578566492764,0.25999999999999995,0.6049192726505239,0.56,0.0,0.5,44.98314179960941,94.41439999999997,12.02627504173254,28.760039999999854,8.166660908312943,3.7256341098702146,1.461743714338343,0.5599999999999998,56.50551237509161,99.30184615954983
Ames,2021,05-01,season,5,2.8725079692351025,1.0,historical_analogs,True,1,0.4446490242994942,0.24866807615874684,0.3066828995417591,0.4,0.2,0.4,0.1458835778409164,0.15999999999999998,0.8562668154648316,0.9600000000000002,0.0,0.0,34.52822000069611,84.55960000000002,146.97325742590323,79.20755999999967,7.49747741689024,5.222822884835295,0.5808628905862578,0.7199999999999998,28.147794879163094,85.72428471902934
Ames,2021,05-15,30,5,2.8697474695108047,1.0,historical_analogs,True,0,0.4018563140553262,0.43001946244551503,0.1681242234991589,0.4,0.2,0.4,0.19302081178133784,0.25999999999999995,0.5709583616446054,0.56,0.0,0.5,91.11734514619218,74.5324,21.543218732777746,22.612319999999997,3.154023915068866,3.1362191414670466,0.7468934112815018,0.43999999999999995,84.15048451705036,75.21625889787742
Ames,2021,05-15,60,5,2.8697474695108047,1.0,historical_analogs,True,1,0.7973169805332447,0.002479869908968068,0.20020314955778726,0.4,0.2,0.4,0.3378978342697541,0.15999999999999998,1.6708420784763376,0.9600000000000002,0.0,0.0,81.92609097477312,74.9716,23.57814689167423,19.83239999999997,4.370936429941838,3.5923444473478297,1.4114726669340667,0.7599999999999998,77.89473136773434,82.34313443580515
Ames,2021,05-15,90,5,2.8697474695108047,1.0,historical_analogs,True,1,0.4324993323544831,0.36729751808772976,0.20020314955778726,0.4,0.2,0.4,0.11356848678996569,0.15999999999999998,0.627449404197878,0.9600000000000002,0.0,0.0,68.42747399877436,82.74440000000001,19.671694715995287,16.333920000000006,5.801981823495892,3.52053382103839,1.3560035792574883,0.7199999999999996,71.76960742996852,98.18169966843048
Ames,2021,05-15,season,5,2.8697474695108047,1.0,historical_analogs,True,1,0.4324993323544831,0.36729751808772976,0.20020314955778726,0.4,0.2,0.4,0.11356848678996569,0.15999999999999998,0.627449404197878,0.9600000000000002,0.0,0.0,76.90311128957912,68.31080000000003,195.83915774395916,141.7942800000004,7.051738291393621,5.855275898663434,0.31585013387307914,0.7199999999999998,72.88267002045755,85.72428471902933
Ames,2021,06-01,30,5,4.045858039717891,1.0,historical_analogs,True,0,0.4331411175932537,0.034362413241761675,0.5324964691649847,0.4,0.2,0.4,0.30244074111830044,0.25999999999999995,0.6060622576803986,0.56,0.0,0.5,31.269180751920707,36.47919999999998,17.749721962643626,22.9676399999999,6.645102927970445,6.521166186624631,1.357895196851175,1.28,39.85541971773355,47.056561640461126
Ames,2021,06-01,60,5,4.045858039717891,1.0,historical_analogs,True,0,0.4331411175932537,0.20660521156591138,0.36025367084083504,0.4,0.2,0.4,0.22555584995886105,0.25999999999999995,0.49379741336391714,0.56,1.0,0.5,31.649634687702445,40.75119999999999,15.173253129881196,16.389360000000067,7.545668840666243,7.3048056850120116,0.9270427490219684,1.0,38.619699862205486,51.924055139466184
Ames,2021,06-01,90,5,4.045858039717891,1.0,historical_analogs,True,1,0.4331411175932537,0.034362413241761675,0.5324964691649847,0.4,0.2,0.4,0.23558185871155413,0.15999999999999998,1.4036196663833826,0.9600000000000002,0.0,0.0,34.57657611859604,31.685199999999995,16.56411158843364,23.253119999999804,8.099267303948535,8.706364484222746,0.6199550605810945,0.6399999999999999,43.41440012570709,46.40274187888282
Ames,2021,06-01,season,5,4.045858039717891,1.0,historical_analogs,True,1,0.4331411175932537,0.034362413241761675,0.5324964691649847,0.4,0.2,0.4,0.23558185871155413,0.15999999999999998,1.4036196663833826,0.9600000000000002,0.0,0.0,48.53793198639586,59.32119999999999,162.3380347668969,171.0413999999993,7.618702260737679,8.53735806322809,0.9385703959196114,0.7599999999999998,59.82780606384466,73.85602185777405
Ames,2021,06-15,30,5,3.073579668550939,1.0,historical_analogs,True,1,0.38906732291569385,0.10952009160931969,0.5014125854749863,0.4,0.2,0.4,0.2013939813167477,0.15999999999999998,1.1957424298809696,0.9600000000000002,0.0,0.0,6.956391350307406,10.285599999999999,12.809455391729312,17.67924000000012,1.5099709690744705,0.9923105690997982,0.9234059036233877,0.64,8.281007916071808,10.96452889903982
Ames,2021,06-15,60,5,3.073579668550939,1.0,historical_analogs,True,1,0.38906732291569385,0.10952009160931969,0.5014125854749863,0.4,0.2,0.4,0.2013939813167477,0.15999999999999998,1.1957424298809696,0.9600000000000002,0.0,0.0,27.491447360887953,25.5944,10.486131461373757,14.028480000000016,3.6075117957900398,1.819045006121895,0.28594688091281095,0.43999999999999995,31.671951410011673,28.368380110285415
Ames,2021,06-15,90,5,3.073579668550939,1.0,historical_analogs,True,1,0.38906732291569385,0.10952009160931969,0.5014125854749863,0.4,0.2,0.4,0.2013939813167477,0.15999999999999998,1.1957424298809696,0.9600000000000002,0.0,0.0,18.967892071942668,26.417999999999992,42.47302769535827,25.999919999999932,1.2581449153686908,2.197927441086654,1.6579210519555094,0.8399999999999999,13.824323051531756,26.067767432348006
Ames,2021,06-15,season,5,3.073579668550939,1.0,historical_analogs,True,1,0.38906732291569385,0.10952009160931969,0.5014125854749863,0.4,0.2,0.4,0.2013939813167477,0.15999999999999998,1.1957424298809696,0.9600000000000002,0.0,0.0,27.867209139922508,43.37040000000002,135.4910371784748,132.74315999999968,1.6480706302485273,2.6908613657063603,1.6579210519555094,0.8399999999999999,31.95882012682239,48.05068280872908
Ames,2021,07-01,30,5,3.752114859764815,1.0,historical_analogs,True,0,0.5765177028021614,0.23083302046021345,0.19264927673762505,0.4,0.2,0.4,0.10822549993374428,0.25999999999999995,0.26973488320227385,0.56,1.0,0.5,10.372442967073011,9.140799999999999,19.084227598487253,16.592040000000093,0.7948910058326188,0.7905778022692274,0.05328388333478534,0.03999999999999998,8.90864076387468,7.354444294495824
Ames,2021,07-01,60,5,3.752114859764815,1.0,historical_analogs,True,1,0.5765177028021614,0.05009522647676033,0.37338707072107813,0.4,0.2,0.4,0.2358952831129744,0.15999999999999998,1.374109644988186,0.9600000000000002,0.0,0.0,32.80199857083489,22.015599999999978,3.487600062290184,8.143560000000004,1.633435911559567,2.5947183715125917,1.4101981473741303,0.7999999999999999,26.817327193508852,15.516550064879667
Ames,2021,07-01,90,5,3.752114859764815,1.0,historical_analogs,True,1,0.5765177028021614,0.05009522647676033,0.37338707072107813,0.4,0.2,0.4,0.2358952831129744,0.15999999999999998,1.374109644988186,0.9600000000000002,0.0,0.0,18.864216151972215,28.85719999999999,47.35582003385386,34.276680000000184,1.0008003019295444,2.1616037437591773,1.5700497973784864,0.9199999999999999,17.67758481574195,30.720272922215152
Ames,2021,07-01,season,5,3.752114859764815,1.0,historical_analogs,True,1,0.5765177028021614,0.05009522647676033,0.37338707072107813,0.4,0.2,0.4,0.2358952831129744,0.15999999999999998,1.374109644988186,0.9600000000000002,0.0,0.0,40.89606763641761,37.897999999999996,135.30369970087136,129.0268799999999,1.4745565769139035,2.3671917506148468,1.5700497973784864,0.9199999999999999,40.421527552117354,40.84524298710666
Ames,2021,07-15,30,5,3.5724851464045404,1.0,historical_analogs,True,1,0.4551055619588511,0.3639948182458168,0.18089961979533206,0.4,0.2,0.4,0.11992287248398868,0.15999999999999998,0.644348336186149,0.9600000000000002,0.0,0.0,18.19852667603147,15.29679999999999,3.6265216296695666,5.435639999999976,1.892623564577085,1.8393948082571885,0.27532849514822416,0.20000000000000007,18.601389647624455,15.421641992961117
Ames,2021,07-15,60,5,3.5724851464045404,1.0,historical_analogs,True,1,0.4551055619588511,0.3639948182458168,0.18089961979533206,0.4,0.2,0.4,0.11992287248398868,0.15999999999999998,0.644348336186149,0.9600000000000002,0.0,0.0,20.516001620839987,21.825199999999995,40.306252503077566,40.477320000000304,1.19275331336911,2.6842267239824062,2.004312004251889,0.9199999999999999,15.550676092273678,21.12951321405778
Ames,2021,07-15,90,5,3.5724851464045404,1.0,historical_analogs,True,1,0.4551055619588511,0.3639948182458168,0.18089961979533206,0.4,0.2,0.4,0.11992287248398868,0.15999999999999998,0.644348336186149,0.9600000000000002,0.0,0.0,22.726196862404947,34.1392,123.36513363416312,145.71503999999993,1.6590958244128182,3.274334592948504,2.004312004251889,0.9199999999999999,24.294382965402818,38.01250097389769
Ames,2021,07-15,season,5,3.5724851464045404,1.0,historical_analogs,True,1,0.4551055619588511,0.3639948182458168,0.18089961979533206,0.4,0.2,0.4,0.11992287248398868,0.15999999999999998,0.644348336186149,0.9600000000000002,0.0,0.0,22.746879371350985,34.229600000000005,128.6869548427781,150.89687999999992,1.6590958244128182,3.274334592948504,2.004312004251889,0.9199999999999999,24.618459599848947,38.37958183098051
Ames,2021,08-01,30,5,4.101384992552418,1.0,historical_analogs,True,1,0.4034416306101464,0.09937749643877741,0.4971808729510763,0.4,0.2,0.4,0.20497698486888402,0.15999999999999998,1.2210748636586524,0.9600000000000002,0.0,0.0,17.451972958500303,21.588399999999982,13.314194760380808,19.370519999999892,0.9471364025220141,1.5563999546582648,1.295688973313997,0.76,14.275983864773856,18.578485883309966
Ames,2021,08-01,60,5,4.101384992552418,1.0,historical_analogs,True,1,0.4034416306101464,0.09937749643877741,0.4971808729510763,0.4,0.2,0.4,0.20497698486888402,0.15999999999999998,1.2210748636586524,0.9600000000000002,0.0,0.0,13.884606403511867,17.215599999999988,50.50054926787453,60.721200000000266,1.3824473468999634,1.9214018570391356,1.684719497543059,0.8799999999999999,12.581860496487678,17.77717834401288
Ames,2021,08-01,90,5,4.101384992552418,1.0,historical_analogs,True,1,0.4034416306101464,0.09937749643877741,0.4971808729510763,0.4,0.2,0.4,0.20497698486888402,0.15999999999999998,1.2210748636586524,0.9600000000000002,0.0,0.0,73.51715464369464,61.04799999999997,92.37418212198898,122.93460000000006,1.5838796742814196,1.9736245882232533,1.684719497543059,0.8799999999999999,68.4483812419486,56.065524783523756
Ames,2021,08-01,season,5,4.101384992552418,1.0,historical_analogs,True,1,0.4034416306101464,0.09937749643877741,0.4971808729510763,0.4,0.2,0.4,0.20497698486888402,0.15999999999999998,1.2210748636586524,0.9600000000000002,0.0,0.0,26.94329413829051,32.98239999999999,125.56745996151184,145.6541999999999,1.5838796742814196,1.9736245882232533,1.684719497543059,0.8799999999999999,29.474441673568897,36.37119260136498
Ames,2021,08-15,30,5,3.3057122199928384,1.0,historical_analogs,True,1,0.7292924590999614,0.13330010327825717,0.13740743762178123,0.4,0.2,0.4,0.27537414740692634,0.15999999999999998,1.3019170057913323,0.9600000000000002,0.0,0.0,12.728463004799536,14.081999999999994,53.29124651183284,45.454679999999975,2.2893314865850716,3.0426635871639576,1.4160904251689104,0.47999999999999976,15.809306091580918,16.60898211229666
Ames,2021,08-15,60,5,3.3057122199928384,1.0,historical_analogs,True,1,0.7292924590999614,0.13330010327825717,0.13740743762178123,0.4,0.2,0.4,0.27537414740692634,0.15999999999999998,1.3019170057913323,0.9600000000000002,0.0,0.0,45.02549500517967,35.124399999999966,150.3466696833687,155.95956,1.441165408713354,2.789667792240695,1.4160904251689104,0.47999999999999976,45.64987671760732,37.259483619484804
Ames,2021,08-15,90,5,3.3057122199928384,1.0,historical_analogs,True,1,0.7292924590999614,0.13330010327825717,0.13740743762178123,0.4,0.2,0.4,0.27537414740692634,0.15999999999999998,1.3019170057913323,0.9600000000000002,0.0,0.0,151.2882635121726,86.9948,104.63380827683334,121.34015999999983,1.441165408713354,2.789667792240695,1.4160904251689104,0.47999999999999976,149.89561811163682,82.9403875645241
Ames,2021,08-15,season,5,3.3057122199928384,1.0,historical_analogs,True,1,0.7292924590999614,0.13330010327825717,0.13740743762178123,0.4,0.2,0.4,0.27537414740692634,0.15999999999999998,1.3019170057913323,0.9600000000000002,0.0,0.0,45.30913548030027,35.19639999999998,152.35186800466911,157.14431999999994,1.441165408713354,2.789667792240695,1.4160904251689104,0.47999999999999976,45.86091139281865,37.37299043347228
Ames,2022,05-01,30,5,2.871412297780438,2.44140625,historical_analogs,True,2,0.6649361383420223,0.016090152983868223,0.3189737086741097,0.4,0.2,0.4,0.45296843877514875,0.26000000000000006,0.9061957705733417,0.56,0.0,0.5,31.53686142528759,22.2224,49.858155324875355,38.53187999999999,2.213665800421756,1.9500063922848914,0.5560918566483349,0.07999999999999996,18.496234433140668,18.138762378647435
Ames,2022,05-01,60,5,2.871412297780438,2.44140625,historical_analogs,True,1,0.1672042690668943,0.1376355330662768,0.6951601978668291,0.4,0.2,0.4,0.25560248414622155,0.15999999999999998,1.2548774421223279,0.9600000000000002,0.0,0.0,30.40528003046891,85.66280000000002,53.43229162814973,30.351600000000055,3.231893815223609,3.2452208517850387,0.6950299276096286,0.7599999999999998,37.95800709747496,82.92600788501207
Ames,2022,05-01,90,5,2.871412297780438,2.44140625,historical_analogs,True,1,0.1672042690668943,0.5273006052757455,0.30549512565736037,0.4,0.2,0.4,0.06064226969730033,0.15999999999999998,0.3447292571672773,0.9600000000000002,1.0,0.0,37.320758563607264,74.92160000000001,43.67492491618409,40.536360000000016,2.6700047708099417,2.8440682294553823,0.5882821547922139,0.5599999999999998,41.07009595221312,74.4533645239629
Ames,2022,05-01,season,5,2.871412297780438,2.44140625,historical_analogs,True,0,0.1672042690668943,0.16785959259108357,0.6649361383420223,0.4,0.2,0.4,0.5678443987668033,0.25999999999999995,1.163865640358451,0.56,0.0,0.5,135.86332443734878,66.29079999999996,37.710043535855306,46.91124000000009,1.3906503507692367,1.6373126515428842,0.9691245707560445,1.1999999999999997,143.19741756938222,64.71270558262387
Ames,2022,05-15,30,5,3.768232322692666,1.0,historical_analogs,True,2,0.30151548451271004,0.222024276995649,0.4764602384916409,0.4,0.2,0.4,0.18250273464058187,0.26000000000000006,0.4143002488566045,0.56,1.0,0.5,31.776866459216627,53.071599999999975,48.79342242055683,39.87503999999991,2.089158698205195,1.4093715393890207,0.5876861038572763,0.43999999999999995,42.288798894486156,67.03480256633307
Ames,2022,05-15,60,5,3.768232322692666,1.0,historical_analogs,True,1,0.30777167328173094,0.07789930158338304,0.614329025134886,0.4,0.2,0.4,0.236061776998908,0.15999999999999998,1.3223932520182284,0.9600000000000002,0.0,0.0,47.11130782166359,63.513999999999974,34.24154674007663,19.83239999999998,3.2724192931221205,2.2354124348539752,0.7174026325215141,0.7599999999999998,53.622119210418575,77.69917713151361
Ames,2022,05-15,90,5,3.768232322692666,1.0,historical_analogs,True,0,0.16364669786946495,0.222024276995649,0.614329025134886,0.4,0.2,0.4,0.5384434985539148,0.25999999999999995,1.12618177668327,0.56,0.0,0.5,41.08184289220693,46.5428,30.523220388897172,18.934560000000168,3.4935335383192907,3.7943790208906627,1.7483272972564485,2.16,37.38262021643301,47.03501733466062
Ames,2022,05-15,season,5,3.768232322692666,1.0,historical_analogs,True,0,0.16364669786946495,0.222024276995649,0.614329025134886,0.4,0.2,0.4,0.5384434985539148,0.25999999999999995,1.12618177668327,0.56,0.0,0.5,104.73045138865906,68.31080000000003,27.56334824002886,32.148359999999904,1.7196577582265204,1.480123161614726,1.0001160832171636,1.1999999999999997,95.33072927487103,64.71270558262384
Ames,2022,06-01,30,5,2.5173255113377655,2.44140625,historical_analogs,True,1,0.19356982397411301,0.5791277311473154,0.22730244487857165,0.4,0.2,0.4,0.044567839100572576,0.15999999999999998,0.26626914489035164,0.9600000000000002,1.0,0.0,113.50999732849374,100.0024,29.814170908468306,13.23467999999999,4.658383733709218,2.6378297168222304,1.9844203441016244,1.28,104.9864643891465,96.44314386837704
Ames,2022,06-01,60,5,2.5173255113377655,2.44140625,historical_analogs,True,1,0.19356982397411301,0.10941124738285454,0.6970189286430325,0.4,0.2,0.4,0.2616523318200249,0.15999999999999998,1.316452989928213,0.9600000000000002,0.0,0.0,83.66850293250526,86.72079999999997,45.274398157848964,20.398320000000112,3.944070265958629,2.4870654532177507,1.763456431153646,1.0,72.82092648505665,82.40247917362424
Ames,2022,06-01,90,5,2.5173255113377655,2.44140625,historical_analogs,True,0,0.19356982397411301,0.5791277311473154,0.22730244487857165,0.4,0.2,0.4,0.3509980151264595,0.25999999999999995,1.0373849592367563,0.56,0.0,0.5,93.13373130596042,83.87080000000002,72.51640303076726,21.123360000000083,6.002911388321933,2.8608703298921165,2.5044037288218197,1.5999999999999996,79.10656119304025,78.9435157521822
Ames,2022,06-01,season,5,2.5173255113377655,2.44140625,historical_analogs,True,0,0.19356982397411301,0.5791277311473154,0.22730244487857165,0.4,0.2,0.4,0.3509980151264595,0.25999999999999995,1.0373849592367563,0.56,0.0,0.5,27.239115341855864,49.346800000000016,93.66544918297379,46.15883999999994,4.44806387966647,1.6666500358722658,2.546098732162742,1.7199999999999998,32.73927014386848,54.07210255062418
Ames,2022,06-15,30,5,2.139557321054252,1.0,historical_analogs,True,0,0.8328701733053554,0.013586725063370804,0.15354310163127388,0.4,0.2,0.4,0.02575393151476681,0.25999999999999995,0.05169246212748127,0.56,1.0,0.5,15.394047474410682,22.59759999999998,41.80714241212729,33.663239999999945,3.6321065945893594,2.490956316893952,0.9284618482888806,0.64,22.023728594600858,28.62368591350277
Ames,2022,06-15,60,5,2.139557321054252,1.0,historical_analogs,True,0,0.8328701733053554,0.036432748434817086,0.1306970782598276,0.4,0.2,0.4,0.022507052618318715,0.25999999999999995,0.046341450395152105,0.56,1.0,0.5,54.74267826234146,57.178399999999996,81.06207765309429,69.24240000000023,8.654306002904496,7.4617887006652035,2.7164892807960044,2.36,67.77936755135248,69.77676790216947
Ames,2022,06-15,90,5,2.139557321054252,1.0,historical_analogs,True,0,0.8328701733053554,0.036432748434817086,0.1306970782598276,0.4,0.2,0.4,0.022507052618318715,0.25999999999999995,0.046341450395152105,0.56,1.0,0.5,57.719433948183216,55.54919999999997,113.2289070159348,57.872879999999945,4.156797173914143,1.3859505924723972,1.7536243276220072,1.3200000000000003,63.08184170151001,57.718628025757674
Ames,2022,06-15,season,5,2.139557321054252,1.0,historical_analogs,True,0,0.8328701733053554,0.036432748434817086,0.1306970782598276,0.4,0.2,0.4,0.022507052618318715,0.25999999999999995,0.046341450395152105,0.56,1.0,0.5,103.91612122782466,91.52880000000002,90.69079004434278,52.952759999999884,3.8763214550388527,1.2923224016382635,1.7536243276220072,1.3200000000000003,108.29811148900055,91.19530824772349
Ames,2022,07-01,30,5,2.318960155401543,1.953125,historical_analogs,True,1,0.12110764232753553,0.622580995157983,0.2563113625144815,0.4,0.2,0.4,0.04018128779208209,0.15999999999999998,0.22280768080010266,0.9600000000000002,1.0,0.0,27.115248533790954,10.48,19.76593486263861,16.306920000000073,0.5425148468148087,0.5315565430455655,0.0075491442256017255,0.03999999999999998,23.949292078948233,10.80531183648494
Ames,2022,07-01,60,5,2.318960155401543,1.953125,historical_analogs,True,0,0.12110764232753553,0.16942555109741675,0.7094668065750478,0.4,0.2,0.4,0.6378974630034298,0.25999999999999995,1.3044999433715228,0.56,0.0,0.5,67.28361726303012,29.31640000000001,37.5490450177504,34.24067999999964,3.310853481426715,1.4228271052526682,1.4550023566683188,0.7999999999999999,67.16010331406412,30.892718353402202
Ames,2022,07-01,90,5,2.318960155401543,1.953125,historical_analogs,True,0,0.12110764232753553,0.16942555109741675,0.7094668065750478,0.4,0.2,0.4,0.6378974630034298,0.25999999999999995,1.3044999433715228,0.56,0.0,0.5,140.15207242887737,37.756399999999985,21.01876091474043,22.47443999999987,2.3597056520349238,2.161603743759177,1.477649789345124,0.9199999999999999,137.22477351266724,32.524067476879154
Ames,2022,07-01,season,5,2.318960155401543,1.953125,historical_analogs,True,0,0.12110764232753553,0.16942555109741675,0.7094668065750478,0.4,0.2,0.4,0.6378974630034298,0.25999999999999995,1.3044999433715228,0.56,0.0,0.5,203.2538725544786,78.85640000000001,64.8128217470049,35.1576,2.2798758077655203,2.3671917506148477,1.477649789345124,0.9199999999999999,205.46299663934525,75.32949737595536
Ames,2022,07-15,30,5,2.269645261993974,1.0,historical_analogs,True,0,0.5937628100591831,0.021217273863955517,0.38501991607686137,0.4,0.2,0.4,0.15663449513342237,0.25999999999999995,0.3137191629770628,0.56,1.0,0.5,13.468819217100034,30.9016,32.68594429919164,27.66204000000006,4.774315058102766,4.484847007212194,1.958015624982307,1.6400000000000001,21.70983801532832,35.17293376875082
Ames,2022,07-15,60,5,2.269645261993974,1.0,historical_analogs,True,0,0.5937628100591831,0.021217273863955517,0.38501991607686137,0.4,0.2,0.4,0.15663449513342237,0.25999999999999995,0.3137191629770628,0.56,1.0,0.5,18.1087446463443,30.10520000000001,81.83750038516143,22.44563999999997,2.558441793277238,2.6842267239824062,0.3920011640485872,0.9199999999999999,17.843577812858747,28.854847767101013
Ames,2022,07-15,90,5,2.269645261993974,1.0,historical_analogs,True,0,0.5937628100591831,0.021217273863955517,0.38501991607686137,0.4,0.2,0.4,0.15663449513342237,0.25999999999999995,0.3137191629770628,0.56,1.0,0.5,37.73394003834502,69.0016,71.82889689074003,41.75423999999994,2.088220502592914,2.5218431420021594,0.3920011640485872,0.9199999999999999,39.17624747649853,66.82942018037868
Ames,2022,07-15,season,5,2.269645261993974,1.0,historical_analogs,True,0,0.5937628100591831,0.021217273863955517,0.38501991607686137,0.4,0.2,0.4,0.15663449513342237,0.25999999999999995,0.3137191629770628,0.56,1.0,0.5,37.76314203973331,69.33680000000001,73.05964832317304,42.853679999999954,2.088220502592914,2.5218431420021594,0.3920011640485872,0.9199999999999999,39.26993690115198,67.54005953318703
Ames,2022,08-01,30,5,2.04460457413356,1.0,historical_analogs,True,0,0.85240842356749,0.05932931434952411,0.088262262082986,0.4,0.2,0.4,0.014786750170919554,0.25999999999999995,0.03309346788302379,0.56,1.0,0.5,22.26723243885982,18.655599999999996,19.776279622722168,8.825400000000041,2.16823426071546,1.5563999546582643,0.2175381255012937,0.76,22.351498094012808,18.58453680066871
Ames,2022,08-01,60,5,2.04460457413356,1.0,historical_analogs,True,0,0.85240842356749,0.05932931434952411,0.088262262082986,0.4,0.2,0.4,0.014786750170919554,0.25999999999999995,0.03309346788302379,0.56,1.0,0.5,12.110296089122592,37.812400000000004,63.852920603022326,16.16040000000001,2.2195293055555085,1.9214018570391356,0.2175872113200401,0.8799999999999997,14.55038277297271,36.345274700732716
Ames,2022,08-01,90,5,2.04460457413356,1.0,historical_analogs,True,0,0.85240842356749,0.05932931434952411,0.088262262082986,0.4,0.2,0.4,0.014786750170919554,0.25999999999999995,0.03309346788302379,0.56,1.0,0.5,21.570482000456494,95.16640000000001,139.23572715189346,54.62243999999994,2.3001585255188197,1.9736245882232528,0.2175872113200401,0.8799999999999997,22.170019439861306,98.13591150925092
Ames,2022,08-01,season,5,2.04460457413356,1.0,historical_analogs,True,0,0.85240842356749,0.05932931434952411,0.088262262082986,0.4,0.2,0.4,0.014786750170919554,0.25999999999999995,0.03309346788302379,0.56,1.0,0.5,21.822236806281886,66.63039999999998,78.61654069161449,36.29339999999996,2.3001585255188197,1.9736245882232528,0.2175872113200401,0.8799999999999997,25.03772428586977,66.62093252101197
Ames,2022,08-15,30,5,3.0392310995086596,1.0,historical_analogs,True,1,0.4896715153139234,0.05869089321643135,0.45163759146964527,0.4,0.2,0.4,0.22187735346916804,0.15999999999999998,1.3298175414520157,0.9600000000000002,0.0,0.0,12.8735890667752,19.568400000000004,26.771926191621162,17.944920000000014,5.608182303295279,3.052229286309606,0.4964120796144491,0.47999999999999976,8.995751339647555,19.18315190966544
Ames,2022,08-15,60,5,3.0392310995086596,1.0,historical_analogs,True,1,0.4896715153139234,0.05869089321643135,0.45163759146964527,0.4,0.2,0.4,0.22187735346916804,0.15999999999999998,1.3298175414520157,0.9600000000000002,0.0,0.0,20.611011663973144,35.12439999999997,48.87333379171899,31.33187999999995,6.31125103959927,3.867610761316366,0.4964120796144491,0.47999999999999976,21.531779632571023,37.18873941833936
Ames,2022,08-15,90,5,3.0392310995086596,1.0,historical_analogs,True,1,0.4896715153139234,0.05869089321643135,0.45163759146964527,0.4,0.2,0.4,0.22187735346916804,0.15999999999999998,1.3298175414520157,0.9600000000000002,0.0,0.0,48.41326684071232,53.346799999999995,70.38700933387986,72.32112000000001,6.31125103959927,3.867610761316366,0.4964120796144491,0.47999999999999976,50.076535174152916,58.476105370898864
Ames,2022,08-15,season,5,3.0392310995086596,1.0,historical_analogs,True,1,0.4896715153139234,0.05869089321643135,0.45163759146964527,0.4,0.2,0.4,0.22187735346916804,0.15999999999999998,1.3298175414520157,0.9600000000000002,0.0,0.0,20.718281358471565,35.19639999999998,50.09833191379798,32.51231999999994,6.31125103959927,3.867610761316366,0.4964120796144491,0.47999999999999976,21.61110108706969,37.30224623232687
Ames,2023,05-01,30,5,4.141591040729024,1.0,historical_analogs,True,0,0.29061957173627,0.29033704946704225,0.4190433787966878,0.4,0.2,0.4,0.33940897265848863,0.25999999999999995,0.763113547610205,0.56,0.0,0.5,35.17468839391785,23.436799999999998,93.55798902714719,63.01764,0.4334558106244486,0.9093495378694589,0.022330351784853403,0.07999999999999996,44.92899310063215,32.18961161978864
Ames,2023,05-01,60,5,4.141591040729024,1.0,historical_analogs,True,1,0.4752912252951593,0.10001004838301557,0.4246987263218251,0.4,0.2,0.4,0.20313537849097724,0.15999999999999998,1.2162526699934966,0.9600000000000002,0.0,0.0,48.06000155083886,64.082,72.30461567124301,47.39832000000012,1.6171043449928315,3.5623233390032,0.31634817612150146,0.7599999999999998,57.81154334924677,70.89657522338082
Ames,2023,05-01,90,5,4.141591040729024,1.0,historical_analogs,True,2,0.4752912252951593,0.1056653959081529,0.4190433787966878,0.4,0.2,0.4,0.28170617228127137,0.26000000000000006,0.5745775204549693,0.56,0.0,0.5,53.468927390117344,69.79039999999999,35.68502147428651,26.388359999999935,6.099853056862243,7.77920478765372,0.5350889358829302,0.5599999999999998,55.745057621267065,70.32156813491738
Ames,2023,05-01,season,5,4.141591040729024,1.0,historical_analogs,True,2,0.39034709785005783,0.1849541758281171,0.4246987263218251,0.4,0.2,0.4,0.24167120614784648,0.26000000000000006,0.5175504594519509,0.56,1.0,0.5,57.035366848729524,66.29079999999998,95.08578494718289,46.91124000000008,1.7541421276476274,1.7064530553642068,4.644497944643254,4.08,52.29533498407511,64.71270558262384
Ames,2023,05-15,30,5,2.7605634330627087,1.0,historical_analogs,True,1,0.5199840901094113,0.0031734156382035514,0.4768424942523851,0.4,0.2,0.4,0.2488811091458742,0.15999999999999998,1.4914254575821542,0.9600000000000002,0.0,0.0,58.11274926190043,90.38199999999999,22.00573971854355,16.38288000000003,4.634907332305213,2.079922383980926,1.1138475920273436,0.43999999999999995,43.604512821110966,62.22517188108498
Ames,2023,05-15,60,5,2.7605634330627087,1.0,historical_analogs,True,2,0.03286664108451835,0.17809455861081308,0.7890388003046686,0.4,0.2,0.4,0.02279242193653603,0.26000000000000006,0.0773025156798524,0.56,1.0,0.5,58.225184958666446,81.07720000000002,49.3069123714009,34.023600000000215,10.038267856542289,6.020783552877327,1.9599441969043847,0.7599999999999998,52.81841303423438,54.560195193256035
Ames,2023,05-15,90,5,2.7605634330627087,1.0,historical_analogs,True,2,0.18126797424901664,0.4902908646630965,0.32844116108788685,0.4,0.2,0.4,0.24192467630466388,0.26000000000000006,0.7242344845814146,0.56,0.0,0.5,50.11983696549932,46.5428,50.283346483133265,35.77392000000011,13.836539587294578,8.487464002674832,1.1955235861549367,0.72,50.81248942199058,34.18510896490126
Ames,2023,05-15,season,5,2.7605634330627087,1.0,historical_analogs,True,2,0.18126797424901664,0.4902908646630965,0.32844116108788685,0.4,0.2,0.4,0.24192467630466388,0.26000000000000006,0.7242344845814146,0.56,0.0,0.5,65.72704592348414,68.4548,40.673725063392354,32.148359999999926,3.370901653799788,1.3084994995610293,3.950985705680031,4.08,72.48604875006436,64.71270558262381
Ames,2023,06-01,30,5,3.0300018728291063,1.0,historical_analogs,True,2,0.3077908777042346,0.1525692795947743,0.5396398427009912,0.4,0.2,0.4,0.15333334941315563,0.26000000000000006,0.3299440839023796,0.56,1.0,0.5,89.02358433491287,33.195999999999984,31.62526940246644,24.993719999999954,3.462236885249735,1.9948718043403617,0.3084542749347587,0.31999999999999995,89.80964903815357,35.53707523469794
Ames,2023,06-01,60,5,3.0300018728291063,1.0,historical_analogs,True,2,0.3077908777042346,0.1525692795947743,0.5396398427009912,0.4,0.2,0.4,0.15333334941315563,0.26000000000000006,0.3299440839023796,0.56,1.0,0.5,101.75213376342435,43.439200000000014,66.92776676214122,51.18696000000013,6.171573254922528,5.579827145041744,0.5230190135226438,0.5199999999999999,96.53841603089568,43.94030122959671
Ames,2023,06-01,90,5,3.0300018728291063,1.0,historical_analogs,True,2,0.22021180618772568,0.2401483511112832,0.5396398427009912,0.4,0.2,0.4,0.13021235700641431,0.26000000000000006,0.31809594455429674,0.56,1.0,0.5,107.05596475355932,35.721999999999994,44.26027253092477,41.215679999999935,2.0356634167650913,2.8608703298921165,2.018699971433741,1.5999999999999996,101.3765026632583,36.3876551596279
Ames,2023,06-01,season,5,3.0300018728291063,1.0,historical_analogs,True,2,0.22021180618772568,0.2401483511112832,0.5396398427009912,0.4,0.2,0.4,0.13021235700641431,0.26000000000000006,0.31809594455429674,0.56,1.0,0.5,141.24618126644916,49.346800000000044,34.05858701743461,34.89660000000006,2.355044072462388,1.6666500358722658,5.018699971433741,4.6000000000000005,147.30814728677473,54.260686279998794
Ames,2023,06-15,30,5,3.033744726575973,1.0,historical_analogs,True,2,0.3351204674933705,0.11198406167103395,0.5528954708355955,0.4,0.2,0.4,0.15610409386614948,0.26000000000000006,0.3247486178006409,0.56,1.0,0.5,12.227118550576748,15.157600000000002,31.987878954685307,41.96627999999998,3.9756913748333225,4.55957801750243,0.27777575293971096,0.15999999999999998,15.195194607488446,17.299092192277673
Ames,2023,06-15,60,5,3.033744726575973,1.0,historical_analogs,True,2,0.3351204674933705,0.4770182693209053,0.18786126318572424,0.4,0.2,0.4,0.3859375277836314,0.26000000000000006,0.9994214848331744,0.56,0.0,0.5,59.98931759201405,47.9144,22.92752775212491,28.92383999999998,5.8041287543781195,5.976974809480042,0.2286922600664214,0.43999999999999984,72.82616939052569,56.006096560881346
Ames,2023,06-15,90,5,3.033744726575973,1.0,historical_analogs,True,2,0.3351204674933705,0.4770182693209053,0.18786126318572424,0.4,0.2,0.4,0.3859375277836314,0.26000000000000006,0.9994214848331744,0.56,0.0,0.5,13.933121967965278,26.417999999999985,22.543211624257342,23.59367999999996,0.890541447797141,1.3859505924723958,5.379807083395963,5.16,10.795982599357146,26.08239159351549
Ames,2023,06-15,season,5,3.033744726575973,1.0,historical_analogs,True,2,0.3351204674933705,0.4770182693209053,0.18786126318572424,0.4,0.2,0.4,0.3859375277836314,0.26000000000000006,0.9994214848331744,0.56,0.0,0.5,27.78471763753732,43.370399999999975,48.56684917792458,40.973399999999934,0.8765781399573487,1.849962854563194,5.379807083395963,5.16,36.027322346370504,48.0616748275968
Ames,2023,07-01,30,5,3.942675002567719,1.0,historical_analogs,True,2,0.23248778119297347,0.24965260595254812,0.5178596128544785,0.4,0.2,0.4,0.1432549606604327,0.26000000000000006,0.34883634497976357,0.56,1.0,0.5,7.814246319406205,9.140799999999995,45.24854217770824,37.578600000000094,2.6762037231643827,2.897929652901632,1.0,1.0,7.36027294088402,7.354833118703111
Ames,2023,07-01,60,5,3.942675002567719,1.0,historical_analogs,True,2,0.548028848281173,0.03869049916169305,0.413280652557134,0.4,0.2,0.4,0.3222876056060858,0.26000000000000006,0.6460721659375525,0.56,0.0,0.5,20.41615382355245,14.695600000000013,12.751957321985302,10.951560000000065,1.19217272219518,1.4228271052526682,2.408555843972086,2.7199999999999998,23.01901246955552,15.150580930004665
Ames,2023,07-01,90,5,3.942675002567719,1.0,historical_analogs,True,2,0.548028848281173,0.03869049916169305,0.413280652557134,0.4,0.2,0.4,0.3222876056060858,0.26000000000000006,0.6460721659375525,0.56,0.0,0.5,35.6111182827963,28.85719999999999,10.762956417436907,12.175560000000022,3.166481840752396,2.2427340325233756,5.408555843972087,5.72,35.32535690335337,30.752730860588628
Ames,2023,07-01,season,5,3.942675002567719,1.0,historical_analogs,True,2,0.548028848281173,0.03869049916169305,0.413280652557134,0.4,0.2,0.4,0.3222876056060858,0.26000000000000006,0.6460721659375525,0.56,0.0,0.5,54.73817890416903,37.89799999999998,33.639480984887385,35.65439999999994,4.745386411988076,3.7993037007816235,5.408555843972087,5.72,55.83988022547028,40.89057981467337
Ames,2023,07-15,30,5,2.1488246849778085,1.0,historical_analogs,True,1,0.2857062561352212,0.6417130136157381,0.0725807302490406,0.4,0.2,0.4,0.04344801359914432,0.15999999999999998,0.21526559181060492,0.9600000000000002,1.0,0.0,56.49217374857636,45.172,4.8688354931972055,7.807320000000042,2.319143498042404,1.249322264066755,0.8522510158696492,0.6799999999999999,68.52331571586001,55.15757462568767
Ames,2023,07-15,60,5,2.1488246849778085,1.0,historical_analogs,True,2,0.2857062561352212,0.6417130136157381,0.0725807302490406,0.4,0.2,0.4,0.4708672833501037,0.26000000000000006,1.3535301585439998,0.56,0.0,0.5,14.400994358309116,21.825199999999995,14.105514427657639,29.374920000000046,3.079361724281926,5.456381052126076,6.020431105048724,5.72,10.477465583090652,21.215971969285775
Ames,2023,07-15,90,5,2.1488246849778085,1.0,historical_analogs,True,2,0.2857062561352212,0.6417130136157381,0.0725807302490406,0.4,0.2,0.4,0.4708672833501037,0.26000000000000006,1.3535301585439998,0.56,0.0,0.5,13.146800348011652,34.13920000000002,46.76698954844446,73.93392000000023,4.033232170512906,6.84789554494273,6.020431105048724,5.72,22.486140991734096,38.02630147127974
Ames,2023,07-15,season,5,2.1488246849778085,1.0,historical_analogs,True,2,0.2857062561352212,0.6417130136157381,0.0725807302490406,0.4,0.2,0.4,0.4708672833501037,0.26000000000000006,1.3535301585439998,0.56,0.0,0.5,12.963505136033213,34.229600000000005,49.149743927481694,71.43480000000021,4.033232170512906,6.84789554494273,6.020431105048724,5.72,23.163911483578858,38.39338232836256
Ames,2023,08-01,30,5,2.308087963414062,1.0,historical_analogs,True,2,0.2316042781322264,0.012101544039215642,0.7562941778285579,0.4,0.2,0.4,0.05651653470470411,0.26000000000000006,0.11317951677754132,0.56,1.0,0.5,7.261314807657964,18.655599999999993,4.138192711952605,15.361560000000068,0.9651036878199521,2.049339946393336,2.180863970769394,1.7200000000000002,6.252002243644714,19.902547909299518
Ames,2023,08-01,60,5,2.308087963414062,1.0,historical_analogs,True,2,0.2316042781322264,0.6224039974515148,0.14599172441625885,0.4,0.2,0.4,0.39148533820733245,0.26000000000000006,1.17035741245829,0.56,0.0,0.5,8.34996105008527,17.215599999999995,17.881677378403744,42.09336000000003,5.048025738234099,6.463926576106452,5.180863970769393,4.72,7.621633020890698,17.758792356753787
Ames,2023,08-01,90,5,2.308087963414062,1.0,historical_analogs,True,2,0.2316042781322264,0.6224039974515148,0.14599172441625885,0.4,0.2,0.4,0.39148533820733245,0.26000000000000006,1.17035741245829,0.56,0.0,0.5,56.07392203809277,44.58879999999998,32.36359764814723,97.59348000000011,6.252274722806714,7.630393143978663,5.180863970769393,4.72,53.59520544961166,46.81698839602794
Ames,2023,08-01,season,5,2.308087963414062,1.0,historical_analogs,True,2,0.2316042781322264,0.6224039974515148,0.14599172441625885,0.4,0.2,0.4,0.39148533820733245,0.26000000000000006,1.17035741245829,0.56,0.0,0.5,27.302759888204477,32.9824,47.09415690663139,67.03020000000001,6.252274722806714,7.630393143978663,5.180863970769393,4.72,32.77399347028101,36.384539864390106
Ames,2023,08-15,30,5,3.0002491566479916,1.0,historical_analogs,True,0,0.10747704623778195,0.10141462973612941,0.7911083240260885,0.4,0.2,0.4,0.7112248016679006,0.25999999999999995,1.4327345304603174,0.56,0.0,0.5,99.72050676372767,85.6548,10.271552121247897,25.29756,7.664002228186704,8.002900929294922,5.668231413632501,5.28,109.16649663276216,94.51814574038184
Ames,2023,08-15,60,5,3.0002491566479916,1.0,historical_analogs,True,0,0.18811527748832982,0.020776398485581545,0.7911083240260885,0.4,0.2,0.4,0.6425045914956093,0.25999999999999995,1.2854408417252503,0.56,0.0,0.5,64.47555413830949,35.628399999999985,56.184273440248504,71.76276000000007,8.441189503004061,9.303803209168558,5.668231413632501,5.28,71.68591906186501,42.04080232894677
Ames,2023,08-15,90,5,3.0002491566479916,1.0,historical_analogs,True,0,0.18811527748832982,0.020776398485581545,0.7911083240260885,0.4,0.2,0.4,0.6425045914956093,0.25999999999999995,1.2854408417252503,0.56,0.0,0.5,151.2871123166118,76.06040000000004,64.17286253259132,112.03488000000006,8.441189503004061,9.303803209168558,5.668231413632501,5.28,161.23619237169913,86.23108266586651
Ames,2023,08-15,season,5,3.0002491566479916,1.0,historical_analogs,True,0,0.18811527748832982,0.020776398485581545,0.7911083240260885,0.4,0.2,0.4,0.6425045914956093,0.25999999999999995,1.2854408417252503,0.56,0.0,0.5,64.53003830231007,35.5804,56.32480791995756,69.58656000000002,8.441189503004061,9.303803209168558,5.668231413632501,5.28,71.37728817889635,41.65628137110184
Crawfordsville,2018,05-01,30,5,2.254288744062124,1.0,historical_analogs,True,0,0.5702816921880154,0.3966214218565857,0.03309688595539881,0.4,0.2,0.4,0.09287661396437011,0.25999999999999995,0.3430617802042799,0.56,1.0,0.5,15.526954894958948,19.181599999999996,134.90633308712606,147.98520000000013,2.6811000957193576,5.906875655453949,0.4357073234395748,1.28,14.979253182298656,18.749922169239284
Crawfordsville,2018,05-01,60,5,2.254288744062124,1.0,historical_analogs,True,1,0.5702816921880154,0.01916694429748495,0.41055136351449956,0.4,0.2,0.4,0.24688681526422057,0.15999999999999998,1.455807113687174,0.9600000000000002,0.0,0.0,47.245982737193415,59.2748,175.14043660979365,193.1129999999998,4.484470382120646,9.200440489597328,1.1796665484319173,1.2400000000000002,50.23738209511824,64.90813408170776
Crawfordsville,2018,05-01,90,5,2.254288744062124,1.0,historical_analogs,True,1,0.5702816921880154,0.01916694429748495,0.41055136351449956,0.4,0.2,0.4,0.24688681526422057,0.15999999999999998,1.455807113687174,0.9600000000000002,0.0,0.0,67.1114852464436,74.38919999999999,148.91737620304374,168.5358,4.308748252803305,8.3138291503722,1.7006464077265266,1.0,68.96725612174376,87.9683742980603
Crawfordsville,2018,05-01,season,5,2.254288744062124,1.0,historical_analogs,True,1,0.5702816921880154,0.01916694429748495,0.41055136351449956,0.4,0.2,0.4,0.24688681526422057,0.15999999999999998,1.455807113687174,0.9600000000000002,0.0,0.0,123.82998426183866,92.05399999999997,193.43673964810017,136.38851999999977,14.204648173892206,17.556017794505504,1.3640476386793157,0.7999999999999998,124.85207957381135,75.35600786211964
Crawfordsville,2018,05-15,30,5,2.6689500080065818,1.0,historical_analogs,True,1,0.29236200063099366,0.09487545366131465,0.6127625457076917,0.4,0.2,0.4,0.23047673841756405,0.15999999999999998,1.2802039212199392,0.9600000000000002,0.0,0.0,4.946758711293569,15.579999999999984,108.45739464860284,103.21056000000002,7.485793654503387,7.22218196314866,1.9199176991552358,2.0000000000000004,13.170877516586227,23.460336665005656
Crawfordsville,2018,05-15,60,5,2.6689500080065818,1.0,historical_analogs,True,0,0.28563268678638154,0.5625326037495882,0.1518347094640302,0.4,0.2,0.4,0.2666872185930353,0.25999999999999995,0.8498173674673618,0.56,0.0,0.5,25.037939068769205,71.9724,139.43885357112677,128.46095999999966,14.745483492691509,16.384762714549097,0.6786991770051283,1.1999999999999997,51.648283956332335,103.04210534485782
Crawfordsville,2018,05-15,90,5,2.6689500080065818,1.0,historical_analogs,True,1,0.7532898368746551,0.09487545366131465,0.1518347094640302,0.4,0.2,0.4,0.2952496786683355,0.15999999999999998,1.409749801721482,0.9600000000000002,0.0,0.0,13.302306733179527,71.12599999999998,107.95165123917386,96.08939999999967,12.574869434007496,15.327408672983365,0.8848614489683783,0.9199999999999996,43.622020472547256,110.74177872655672
Crawfordsville,2018,05-15,season,5,2.6689500080065818,1.0,historical_analogs,True,1,0.7532898368746551,0.09487545366131465,0.1518347094640302,0.4,0.2,0.4,0.2952496786683355,0.15999999999999998,1.409749801721482,0.9600000000000002,0.0,0.0,187.93809636043682,74.32039999999999,114.54636460422121,82.55951999999994,19.774740473947052,20.385710967677486,0.9833588905191983,0.7199999999999999,174.39398070168144,64.18007764864754
Crawfordsville,2018,06-01,30,5,2.5396288024739877,1.25,historical_analogs,True,1,0.8120138268772112,0.021929057746862966,0.1660571153759258,0.4,0.2,0.4,0.34347071030337356,0.15999999999999998,1.6435641886866863,0.9600000000000002,0.0,0.0,18.098883759755704,20.617200000000004,43.60147468687827,24.909120000000012,2.5333684294062855,2.2117386942034285,0.32742132630131826,0.56,19.691370704965674,21.91396604630063
Crawfordsville,2018,06-01,60,5,2.5396288024739877,1.25,historical_analogs,True,1,0.8120138268772112,0.021929057746862966,0.1660571153759258,0.4,0.2,0.4,0.34347071030337356,0.15999999999999998,1.6435641886866863,0.9600000000000002,0.0,0.0,19.270848106396983,35.99919999999999,37.80928622870369,18.418680000000084,2.548583247590896,1.1025721966038982,1.2060699745820833,1.1199999999999997,18.157619481161966,39.76605022378001
Crawfordsville,2018,06-01,90,5,2.5396288024739877,1.25,historical_analogs,True,1,0.8120138268772112,0.021929057746862966,0.1660571153759258,0.4,0.2,0.4,0.34347071030337356,0.15999999999999998,1.6435641886866863,0.9600000000000002,0.0,0.0,72.38363134212668,47.690400000000004,57.15208927921543,20.12112000000004,5.823342739526,4.564834513733526,2.8894761364505115,2.44,69.17532670849619,44.695232562336486
Crawfordsville,2018,06-01,season,5,2.5396288024739877,1.25,historical_analogs,True,1,0.8120138268772112,0.021929057746862966,0.1660571153759258,0.4,0.2,0.4,0.34347071030337356,0.15999999999999998,1.6435641886866863,0.9600000000000002,0.0,0.0,232.6371312238984,126.21799999999998,61.78761620450275,37.52819999999993,9.96230680809474,9.866931963156436,3.145945433422923,1.7200000000000002,235.13680537548493,116.90544404074231
Crawfordsville,2018,06-15,30,5,2.1527852743427376,1.25,historical_analogs,True,0,0.1892255450472449,0.06482386850515236,0.7459505864476028,0.4,0.2,0.4,0.6068987471127298,0.25999999999999995,1.217999628153433,0.56,0.0,0.5,128.56350714908785,41.410399999999996,35.746407693787454,19.09799999999999,11.199323632011643,7.041559982740592,0.07145278091352775,0.2,147.39731231389766,48.0736260181815
Crawfordsville,2018,06-15,60,5,2.1527852743427376,1.25,historical_analogs,True,1,0.1892255450472449,0.06482386850515236,0.7459505864476028,0.4,0.2,0.4,0.2961242921599747,0.15999999999999998,1.4668029812376182,0.9600000000000002,0.0,0.0,107.50665578531243,42.04839999999998,2.2148594334721867,8.075879999999902,9.95522273092132,6.2765677941570885,0.13599388543984453,0.5599999999999998,132.44281289045065,48.69113160070913
Crawfordsville,2018,06-15,90,5,2.1527852743427376,1.25,historical_analogs,True,1,0.25362660687274285,0.0004228066796544034,0.7459505864476028,0.4,0.2,0.4,0.31038436656765167,0.15999999999999998,1.6199232985414829,0.9600000000000002,0.0,0.0,23.11974575762045,70.2864,10.592290835172378,32.530679999999776,9.741460944132324,7.293488531815163,0.385024794520086,1.6800000000000002,41.892187782939416,69.39784733545875
Crawfordsville,2018,06-15,season,5,2.1527852743427376,1.25,historical_analogs,True,1,0.25362660687274285,0.0004228066796544034,0.7459505864476028,0.4,0.2,0.4,0.31038436656765167,0.15999999999999998,1.6199232985414829,0.9600000000000002,0.0,0.0,85.98997762882334,118.82279999999999,72.56118295303833,36.28332,13.419612085387508,11.879601037410664,0.7364941981307191,1.24,66.18253885829486,104.83842394233082
Crawfordsville,2018,07-01,30,5,3.5160489385063873,1.0,historical_analogs,True,0,0.3819862845997534,0.240268869096315,0.37774484630393157,0.4,0.2,0.4,0.2623160606659989,0.25999999999999995,0.58236125078882,0.56,1.0,0.5,14.322818337889942,17.596399999999992,12.199888789541067,25.612200000000044,0.7740954589031133,1.1142960227145275,0.4449306057581398,0.39999999999999997,18.50488441444528,21.761480197571153
Crawfordsville,2018,07-01,60,5,3.5160489385063873,1.0,historical_analogs,True,0,0.3819862845997534,0.240268869096315,0.37774484630393157,0.4,0.2,0.4,0.2623160606659989,0.25999999999999995,0.58236125078882,0.56,1.0,0.5,45.82746394891021,39.36039999999999,12.208005452579432,12.385439999999978,2.9608410457726855,2.5964495872371747,1.1623701034925813,1.1600000000000001,29.098870986910498,26.029865409215898
Crawfordsville,2018,07-01,90,5,3.5160489385063873,1.0,historical_analogs,True,0,0.3819862845997534,0.240268869096315,0.37774484630393157,0.4,0.2,0.4,0.2623160606659989,0.25999999999999995,0.58236125078882,0.56,1.0,0.5,133.94211247546139,92.90680000000003,28.335796632948323,29.237399999999944,7.712943380950918,7.065533610366561,1.158198182539398,0.8,118.6269765494743,77.92138772471205
Crawfordsville,2018,07-01,season,5,3.5160489385063873,1.0,historical_analogs,True,0,0.3819862845997534,0.240268869096315,0.37774484630393157,0.4,0.2,0.4,0.2623160606659989,0.25999999999999995,0.58236125078882,0.56,1.0,0.5,221.14730627429492,182.60560000000004,26.07740188559289,29.35980000000002,6.411879902480038,6.531060318473239,1.290134622648785,0.8399999999999999,211.31752272023817,168.78351321774045
Crawfordsville,2018,07-15,30,5,2.3395224494530127,1.953125,historical_analogs,True,2,0.28765289069700983,0.6169901461616889,0.09535696314130124,0.4,0.2,0.4,0.45056160483163743,0.26000000000000006,1.281800050123897,0.56,0.0,0.5,12.348897224792255,11.6036,8.681506332576756,16.65755999999993,0.40629183345651887,0.3267659214271099,0.636172521063152,0.36000000000000004,14.207084847912142,9.92302985504923
Crawfordsville,2018,07-15,60,5,2.3395224494530127,1.953125,historical_analogs,True,2,0.28765289069700983,0.6169901461616889,0.09535696314130124,0.4,0.2,0.4,0.45056160483163743,0.26000000000000006,1.281800050123897,0.56,0.0,0.5,175.88092958939882,148.716,36.14845939641942,20.655720000000002,2.815624797866299,1.5969372937853872,2.062001575195745,0.9999999999999999,178.49514084782325,144.79183733117398
Crawfordsville,2018,07-15,90,5,2.3395224494530127,1.953125,historical_analogs,True,2,0.28765289069700983,0.6169901461616889,0.09535696314130124,0.4,0.2,0.4,0.45056160483163743,0.26000000000000006,1.281800050123897,0.56,0.0,0.5,283.37811723101083,239.99160000000006,6.368589234927953,22.22784000000003,1.0883470774040198,1.9194225374158558,1.94494725816093,0.6399999999999999,290.18691296064117,236.4782045416033
Crawfordsville,2018,07-15,season,5,2.3395224494530127,1.953125,historical_analogs,True,2,0.28765289069700983,0.6169901461616889,0.09535696314130124,0.4,0.2,0.4,0.45056160483163743,0.26000000000000006,1.281800050123897,0.56,0.0,0.5,286.75386098597545,244.0476,8.573691978305057,23.33412,1.0883470774040198,1.9194225374158558,1.94494725816093,0.6399999999999999,293.99064682803436,241.39400806935657
Crawfordsville,2018,08-01,30,5,2.655791480609115,1.25,historical_analogs,True,2,0.35746162136842385,0.061411232387201226,0.5811271462443749,0.4,0.2,0.4,0.15161663918236185,0.26000000000000006,0.30700461782803856,0.56,1.0,0.5,73.62813497806721,83.28519999999999,26.085373435143154,28.675439999999995,1.6312109443493692,2.0715828830160525,0.740107638063093,0.3599999999999999,67.2696657868282,76.31494769307857
Crawfordsville,2018,08-01,60,5,2.655791480609115,1.25,historical_analogs,True,2,0.35746162136842385,0.061411232387201226,0.5811271462443749,0.4,0.2,0.4,0.15161663918236185,0.26000000000000006,0.30700461782803856,0.56,1.0,0.5,184.60146915305322,161.4328,24.49238382944194,24.22007999999999,5.5406557544373864,6.857390401657043,1.115459614444771,0.52,184.05296316592273,157.18354991810764
Crawfordsville,2018,08-01,90,5,2.655791480609115,1.25,historical_analogs,True,2,0.35746162136842385,0.061411232387201226,0.5811271462443749,0.4,0.2,0.4,0.15161663918236185,0.26000000000000006,0.30700461782803856,0.56,1.0,0.5,236.34816058321664,219.03080000000003,23.651623646391485,18.809640000000044,4.87496493920191,6.932791994409632,1.115459614444771,0.52,239.11886262290213,216.59115409704498
Crawfordsville,2018,08-01,season,5,2.655791480609115,1.25,historical_analogs,True,2,0.35746162136842385,0.061411232387201226,0.5811271462443749,0.4,0.2,0.4,0.15161663918236185,0.26000000000000006,0.30700461782803856,0.56,1.0,0.5,271.639770957212,248.83000000000004,19.338165871220752,22.030920000000023,4.876774205096524,6.944091921420317,1.115459614444771,0.52,275.5944513448255,248.83601380920274
Crawfordsville,2018,08-15,30,5,3.6867245304015364,1.0,historical_analogs,True,2,0.5319161062395809,0.24939569633217928,0.21868819742823983,0.4,0.2,0.4,0.4466914384575051,0.26000000000000006,0.9555810902640227,0.56,0.0,0.5,159.62544744209978,144.924,33.91485994865533,31.25087999999998,1.859202070157119,1.6112954560648212,0.8488042322312312,0.48,165.6178577538986,148.556653250491
Crawfordsville,2018,08-15,60,5,3.6867245304015364,1.0,historical_analogs,True,2,0.5319161062395809,0.24939569633217928,0.21868819742823983,0.4,0.2,0.4,0.4466914384575051,0.26000000000000006,0.9555810902640227,0.56,0.0,0.5,264.4601346014129,236.07399999999998,18.658383240348215,23.931360000000012,1.757178523017636,2.3287992603516114,0.7810530979926645,0.52,274.53897481071846,241.3531684405012
Crawfordsville,2018,08-15,90,5,3.6867245304015364,1.0,historical_analogs,True,2,0.5319161062395809,0.24939569633217928,0.21868819742823983,0.4,0.2,0.4,0.4466914384575051,0.26000000000000006,0.9555810902640227,0.56,0.0,0.5,249.7108523150417,229.27080000000004,73.355073854788,46.52748000000002,1.7479079982737091,2.317499333340927,0.7810530979926645,0.52,263.7129040920323,236.5045248751558
Crawfordsville,2018,08-15,season,5,3.6867245304015364,1.0,historical_analogs,True,2,0.5319161062395809,0.24939569633217928,0.21868819742823983,0.4,0.2,0.4,0.4466914384575051,0.26000000000000006,0.9555810902640227,0.56,0.0,0.5,265.98013460141283,237.59399999999997,19.585778349616525,25.10747999999999,1.757178523017636,2.3287992603516114,0.7810530979926645,0.52,276.3882179824478,243.22587936489515
Crawfordsville,2019,05-01,30,5,3.5299014769778396,1.0,historical_analogs,True,2,0.14572728118359926,0.2990139017864332,0.5552588170299674,0.4,0.2,0.4,0.10951558015537387,0.26000000000000006,0.30844047377229455,0.56,1.0,0.5,120.60616940134476,133.29680000000002,27.115867973744727,49.16519999999994,1.4803928995178457,1.9360887618879223,0.26055604016476175,0.31999999999999995,154.86589310783688,156.34284177085482
Crawfordsville,2019,05-01,60,5,3.5299014769778396,1.0,historical_analogs,True,1,0.38281461863721655,0.06192656433281591,0.5552588170299674,0.4,0.2,0.4,0.22742969306593822,0.15999999999999998,1.3348411568363108,0.9600000000000002,0.0,0.0,42.13900704592828,67.79480000000004,82.56885176931672,94.01652000000004,5.720574575787293,5.223787728985675,0.9429665071869324,0.7599999999999998,86.03141605100113,105.15959197570805
Crawfordsville,2019,05-01,90,5,3.5299014769778396,1.0,historical_analogs,True,1,0.38281461863721655,0.06192656433281591,0.5552588170299674,0.4,0.2,0.4,0.22742969306593822,0.15999999999999998,1.3348411568363108,0.9600000000000002,0.0,0.0,60.5089383047945,74.38919999999999,20.721289476891002,27.060119999999685,2.885671239145236,2.9575991920889573,0.5709327451780126,0.5199999999999998,54.09053308676219,87.96837429806033
Crawfordsville,2019,05-01,season,5,3.5299014769778396,1.0,historical_analogs,True,1,0.38281461863721655,0.06192656433281591,0.5552588170299674,0.4,0.2,0.4,0.22742969306593822,0.15999999999999998,1.3348411568363108,0.9600000000000002,0.0,0.0,47.289990289889715,58.29079999999999,37.619014608341345,34.22052000000002,6.372972088339919,7.070135408723393,0.975241762087323,1.2800000000000002,85.46300440337296,73.47023081337208
Crawfordsville,2019,05-15,30,5,2.1806575599876155,1.25,historical_analogs,True,1,0.6382089854229835,0.04875305402428763,0.3130379605527288,0.4,0.2,0.4,0.2526517369108229,0.15999999999999998,1.4101742260497656,0.9600000000000002,0.0,0.0,155.7351046669438,151.02640000000002,36.94669089486264,18.167039999999986,6.024335864423938,4.010974397948819,1.418567289338236,0.5599999999999998,156.84303553629195,152.8513758288277
Crawfordsville,2019,05-15,60,5,2.1806575599876155,1.25,historical_analogs,True,1,0.17134805137069498,0.04875305402428763,0.7798988946050174,0.4,0.2,0.4,0.3188012202573312,0.15999999999999998,1.5424731927427824,0.9600000000000002,0.0,0.0,18.83897113473224,67.93559999999998,9.681620738678081,13.294079999999973,2.248039998693905,1.9278095324434985,0.8062406064780886,0.72,16.290185489582434,73.84037109091896
Crawfordsville,2019,05-15,90,5,2.1806575599876155,1.25,historical_analogs,True,1,0.049162679901507036,0.17093842549347557,0.7798988946050174,0.4,0.2,0.4,0.30532962745061304,0.15999999999999998,1.2980023492244634,0.9600000000000002,0.0,0.0,16.980254561186022,71.12599999999999,10.520096747657037,14.657400000000166,2.3933586508460287,2.4319222162168765,0.09351920554096727,0.43999999999999995,27.664588530022264,78.92747275604503
Crawfordsville,2019,05-15,season,5,2.1806575599876155,1.25,historical_analogs,True,1,0.049162679901507036,0.17093842549347557,0.7798988946050174,0.4,0.2,0.4,0.30532962745061304,0.15999999999999998,1.2980023492244634,0.9600000000000002,0.0,0.0,36.21091115829681,64.57159999999999,71.74793205035604,54.51408000000001,5.754206314872002,5.970971782106574,0.18442762991334494,1.2,45.31286040957728,76.88016263332375
Crawfordsville,2019,06-01,30,5,2.951487082012752,7.450580596923828,historical_analogs,True,1,0.18231106240481515,0.132032259523649,0.6856566780715359,0.4,0.2,0.4,0.2516812018296331,0.15999999999999998,1.2567304021668884,0.9600000000000002,0.0,0.0,49.07222754970166,20.617199999999997,52.65039186200838,31.112640000000006,3.8985882049046974,2.211738694203428,0.571791712135152,0.5599999999999998,44.04568425753388,21.588113389145512
Crawfordsville,2019,06-01,60,5,2.951487082012752,7.450580596923828,historical_analogs,True,1,0.2707750738958324,0.043568248032631755,0.6856566780715359,0.4,0.2,0.4,0.27172211041369365,0.15999999999999998,1.4582059169987567,0.9600000000000002,0.0,0.0,89.76820687551944,35.99919999999999,11.17027199898282,18.41868000000009,2.7674185593691467,2.51147886907172,0.2585771178000156,0.64,91.48778681773064,39.21444313768106
Crawfordsville,2019,06-01,90,5,2.951487082012752,7.450580596923828,historical_analogs,True,1,0.18231106240481515,0.132032259523649,0.6856566780715359,0.4,0.2,0.4,0.2516812018296331,0.15999999999999998,1.2567304021668884,0.9600000000000002,0.0,0.0,91.32056368827752,47.690400000000004,39.59345021182668,20.12112000000004,5.309642338666809,4.467618225172744,0.19213195610600586,0.52,83.22810763486069,43.38553380417517
Crawfordsville,2019,06-01,season,5,2.951487082012752,7.450580596923828,historical_analogs,True,1,0.18231106240481515,0.132032259523649,0.6856566780715359,0.4,0.2,0.4,0.2516812018296331,0.15999999999999998,1.2567304021668884,0.9600000000000002,0.0,0.0,77.85770351217506,69.54439999999997,57.37056201270836,59.41764000000018,5.543779307063196,5.047014435482542,0.22192451696151638,0.7600000000000002,69.28081947819624,68.6787487710005
Crawfordsville,2019,06-15,30,5,2.092337356275314,2.44140625,historical_analogs,True,0,0.1957085508850549,0.01203783251137089,0.7922536166035741,0.4,0.2,0.4,0.6372752640704307,0.25999999999999995,1.2746954375524333,0.56,0.0,0.5,155.1229199608094,60.6968,4.239401365874697,14.19480000000003,4.762644728632886,3.963330413493087,0.7255703684936228,0.6799999999999999,149.71703574868923,53.366873019927944
Crawfordsville,2019,06-15,60,5,2.092337356275314,2.44140625,historical_analogs,True,1,0.1957085508850549,0.01203783251137089,0.7922536166035741,0.4,0.2,0.4,0.3329838149554856,0.15999999999999998,1.642036874299801,0.9600000000000002,0.0,0.0,159.10937001308002,59.62599999999998,21.81432759808324,32.48820000000009,4.3029641311408495,3.4108260363393783,1.404212232469739,1.04,159.96567230942208,54.47465457036107
Crawfordsville,2019,06-15,90,5,2.092337356275314,2.44140625,historical_analogs,True,1,0.1957085508850549,0.01203783251137089,0.7922536166035741,0.4,0.2,0.4,0.3329838149554856,0.15999999999999998,1.642036874299801,0.9600000000000002,0.0,0.0,170.63013964065914,70.54560000000001,41.325177427852054,24.694199999999988,2.2449973285867797,1.4500465689555315,0.7499204020371264,0.72,162.66059237877715,69.18512675591325
Crawfordsville,2019,06-15,season,5,2.092337356275314,2.44140625,historical_analogs,True,1,0.1957085508850549,0.01203783251137089,0.7922536166035741,0.4,0.2,0.4,0.3329838149554856,0.15999999999999998,1.642036874299801,0.9600000000000002,0.0,0.0,134.56582424784904,73.866,104.46328514375654,70.05708000000024,0.6129423864966593,1.2006856811402566,0.771434111446277,0.76,123.25004136137858,74.73338945036684
Crawfordsville,2019,07-01,30,5,3.4484288486111914,1.0,historical_analogs,True,0,0.3223161425554053,0.14873849021319074,0.5289453672314038,0.4,0.2,0.4,0.36951930607827527,0.25999999999999995,0.7611617506274498,0.56,0.0,0.5,37.98732899120011,17.96119999999999,38.94549191052643,55.63619999999992,5.07098241491249,6.305516125449696,0.39565755730533003,0.4,42.237830853390975,21.188406404530483
Crawfordsville,2019,07-01,60,5,3.4484288486111914,1.0,historical_analogs,True,0,0.3223161425554053,0.14873849021319074,0.5289453672314038,0.4,0.2,0.4,0.36951930607827527,0.25999999999999995,0.7611617506274498,0.56,0.0,0.5,29.02712468705792,28.642000000000003,14.718842672017061,17.418240000000257,2.04799756504294,1.4473491267829903,1.051474509691213,0.6799999999999998,24.633616450058813,23.255112848454957
Crawfordsville,2019,07-01,90,5,3.4484288486111914,1.0,historical_analogs,True,0,0.3223161425554053,0.14873849021319074,0.5289453672314038,0.4,0.2,0.4,0.36951930607827527,0.25999999999999995,0.7611617506274498,0.56,0.0,0.5,37.13807556813961,32.3404,111.17952012871032,83.15964000000002,1.6894026020651776,1.9567343044869605,1.4827336050429403,0.8,38.09106775440124,32.96783063717814
Crawfordsville,2019,07-01,season,5,3.4484288486111914,1.0,historical_analogs,True,0,0.3223161425554053,0.14873849021319074,0.5289453672314038,0.4,0.2,0.4,0.36951930607827527,0.25999999999999995,0.7611617506274498,0.56,0.0,0.5,36.63884558240815,34.62639999999997,109.40110026490885,85.24332,1.6787798074311253,1.9181083673666288,1.5048567435138398,0.8399999999999999,38.93879503851579,37.13738426251747
Crawfordsville,2019,07-15,30,5,3.5679264740075585,1.0,historical_analogs,True,2,0.5371366577679626,0.10835452536727855,0.354508816864759,0.4,0.2,0.4,0.35258732831173534,0.26000000000000006,0.7169153597910388,0.56,0.0,0.5,14.801809558193469,11.6036,11.667519183283789,15.694200000000063,0.5141886026756035,0.3267659214271099,0.31423184856658004,0.36000000000000004,14.399614621956374,10.144865699388898
Crawfordsville,2019,07-15,60,5,3.5679264740075585,1.0,historical_analogs,True,1,0.5371366577679626,0.10835452536727855,0.354508816864759,0.4,0.2,0.4,0.20709614517649427,0.15999999999999998,1.2092239427859999,0.9600000000000002,0.0,0.0,25.896428806334704,27.674400000000006,21.674509075118245,15.825959999999945,6.09112182046589,6.328527470704887,0.4637816028316748,0.52,29.951700747216343,31.06432232073651
Crawfordsville,2019,07-15,90,5,3.5679264740075585,1.0,historical_analogs,True,1,0.5371366577679626,0.10835452536727855,0.354508816864759,0.4,0.2,0.4,0.20709614517649427,0.15999999999999998,1.2092239427859999,0.9600000000000002,0.0,0.0,49.44387770101498,47.62679999999999,64.31804833105,52.0315200000001,5.6861847330628805,6.927689000817685,0.8769286013425754,0.6399999999999999,69.50816540650177,60.884978564939956
Crawfordsville,2019,07-15,season,5,3.5679264740075585,1.0,historical_analogs,True,1,0.5371366577679626,0.10835452536727855,0.354508816864759,0.4,0.2,0.4,0.20709614517649427,0.15999999999999998,1.2092239427859999,0.9600000000000002,0.0,0.0,49.2819230615849,47.54519999999998,66.69437122894465,57.48372,5.6861847330628805,6.927689000817685,0.8769286013425754,0.6399999999999999,69.44957990878076,60.86936189458677
Crawfordsville,2019,08-01,30,5,2.2195213649056145,1.0,historical_analogs,True,1,0.7447106246572333,0.24418187429283525,0.011107501049931525,0.4,0.2,0.4,0.27735864552847034,0.15999999999999998,1.1259783302044324,0.9600000000000002,0.0,0.0,31.309939808185465,11.611599999999996,20.214388098736528,32.19191999999994,8.81702954441666,8.655625975449697,1.139537216883222,0.3599999999999999,45.85714109198433,14.274573894063096
Crawfordsville,2019,08-01,60,5,2.2195213649056145,1.0,historical_analogs,True,1,0.37826567860432947,0.610626820345739,0.011107501049931525,0.4,0.2,0.4,0.07160415009478405,0.15999999999999998,0.2948197732236375,0.9600000000000002,1.0,0.0,36.328221710842925,38.55279999999998,91.03292515066943,30.821039999999954,7.877705742066839,9.062919714605382,1.5165554588827623,0.9999999999999999,56.22773931248934,49.5118816145547
Crawfordsville,2019,08-01,90,5,2.2195213649056145,1.0,historical_analogs,True,1,0.37826567860432947,0.610626820345739,0.011107501049931525,0.4,0.2,0.4,0.07160415009478405,0.15999999999999998,0.2948197732236375,0.9600000000000002,1.0,0.0,32.44206552300241,35.209999999999994,70.28773638281157,21.319559999999825,7.112325864613099,8.566804418390827,1.5165554588827623,0.9999999999999999,53.35811597943243,47.80699307830339
Crawfordsville,2019,08-01,season,5,2.2195213649056145,1.0,historical_analogs,True,1,0.37826567860432947,0.610626820345739,0.011107501049931525,0.4,0.2,0.4,0.07160415009478405,0.15999999999999998,0.2948197732236375,0.9600000000000002,1.0,0.0,48.77890373348728,47.9308,83.8675943088216,32.705639999999924,7.071953206577513,8.532904637358769,1.5165554588827623,0.9999999999999999,71.38043368963451,60.59807221539981
Crawfordsville,2019,08-15,30,5,2.979607790445181,1.0,historical_analogs,True,2,0.514722513909102,0.3267214314612281,0.15855605462966998,0.4,0.2,0.4,0.4864835897626464,0.26000000000000006,1.0797140733013664,0.56,0.0,0.5,11.924694374727267,18.271199999999986,12.786845941247162,10.052640000000036,4.963403772614497,5.740416875473493,0.794817798974717,0.48,13.309370075250587,21.36394286244623
Crawfordsville,2019,08-15,60,5,2.979607790445181,1.0,historical_analogs,True,2,0.514722513909102,0.3267214314612281,0.15855605462966998,0.4,0.2,0.4,0.4864835897626464,0.26000000000000006,1.0797140733013664,0.56,0.0,0.5,54.81436078568722,51.27399999999999,60.054560451311076,30.618720000000003,4.253741109551309,6.020666343647143,1.2426257327653578,0.9999999999999999,75.16829247626463,64.55263454524095
Crawfordsville,2019,08-15,90,5,2.979607790445181,1.0,historical_analogs,True,2,0.514722513909102,0.3267214314612281,0.15855605462966998,0.4,0.2,0.4,0.4864835897626464,0.26000000000000006,1.0797140733013664,0.56,0.0,0.5,20.075625382778043,28.39079999999999,38.12942364196528,40.70844,4.305221314121224,6.054566124679196,1.2426257327653578,0.9999999999999999,45.37210009609625,45.055111549265725
Crawfordsville,2019,08-15,season,5,2.979607790445181,1.0,historical_analogs,True,2,0.514722513909102,0.3267214314612281,0.15855605462966998,0.4,0.2,0.4,0.4864835897626464,0.26000000000000006,1.0797140733013664,0.56,0.0,0.5,54.814360785779826,51.334799999999994,62.38492352055386,33.941879999999976,4.253741109551309,6.020666343647143,1.2426257327653578,0.9999999999999999,74.94884283190537,64.5098270476517
Crawfordsville,2020,05-01,30,5,4.675395451930397,1.0,historical_analogs,True,1,0.4885459155040952,0.21316057319742954,0.29829351129847514,0.4,0.2,0.4,0.16382806521925405,0.15999999999999998,0.9467724140095057,0.9600000000000002,0.0,0.0,16.97662139145978,19.181599999999996,72.55331787065964,55.23048000000004,2.615806269434983,2.1079626931550393,0.3855511379650443,0.31999999999999995,35.44722494463304,30.956086220558916
Crawfordsville,2020,05-01,60,5,4.675395451930397,1.0,historical_analogs,True,2,0.4758049148371493,0.22590157386437545,0.29829351129847514,0.4,0.2,0.4,0.359391156634505,0.26000000000000006,0.769813834343412,0.56,0.0,0.5,79.35447965399645,59.2748,57.11925352908748,45.727560000000004,6.192409740147627,5.116932637730036,1.2275550596021854,1.24,117.54024828813479,88.56565477765807
Crawfordsville,2020,05-01,90,5,4.675395451930397,1.0,historical_analogs,True,2,0.4758049148371493,0.22590157386437545,0.29829351129847514,0.4,0.2,0.4,0.359391156634505,0.26000000000000006,0.769813834343412,0.56,0.0,0.5,197.47821788188946,174.01799999999997,18.438418481435974,16.75692000000005,2.97873137636628,2.957599192088958,1.9182186557618714,1.96,244.27651951640604,213.89731052100785
Crawfordsville,2020,05-01,season,5,4.675395451930397,1.0,historical_analogs,True,2,0.4758049148371493,0.22590157386437545,0.29829351129847514,0.4,0.2,0.4,0.359391156634505,0.26000000000000006,0.769813834343412,0.56,0.0,0.5,135.8188560089186,119.90360000000001,149.57236665761786,148.84740000000028,4.412169248985341,3.6279633492195176,0.9440736220493537,0.7999999999999998,175.9596796510925,151.31760437164098
Crawfordsville,2020,05-15,30,5,3.427269880288625,1.0,historical_analogs,True,2,0.24821050858959925,0.3887414930323027,0.363047998378098,0.4,0.2,0.4,0.23365815447222743,0.26000000000000006,0.6184362573494389,0.56,0.0,0.5,37.2557871186307,40.5784,8.426968864457624,11.557440000000042,1.323321761735197,1.4798381846077344,0.4949412599976317,0.5599999999999998,38.10764694408796,44.09266830371843
Crawfordsville,2020,05-15,60,5,3.427269880288625,1.0,historical_analogs,True,2,0.09893748540604445,0.3887414930323027,0.5123210215616528,0.4,0.2,0.4,0.12380970601457057,0.26000000000000006,0.398739360434125,0.56,1.0,0.5,53.80458432643822,95.2764,20.560947798455775,23.087519999999984,1.6773236073689786,1.9278095324434985,1.5665377656691442,1.2,47.323670025247516,94.33417253718186
Crawfordsville,2020,05-15,90,5,3.427269880288625,1.0,historical_analogs,True,2,0.27056014374872495,0.09571267001770874,0.6337271862335663,0.4,0.2,0.4,0.10367928274485565,0.26000000000000006,0.21651948069163016,0.56,1.0,0.5,130.63183462248037,172.34359999999998,7.663683226845512,14.657400000000166,2.879160061288187,2.668332221143886,2.2683009733630755,1.88,126.09571740856427,172.5536392500004
Crawfordsville,2020,05-15,season,5,3.427269880288625,1.0,historical_analogs,True,2,0.27056014374872495,0.09571267001770874,0.6337271862335663,0.4,0.2,0.4,0.10367928274485565,0.26000000000000006,0.21651948069163016,0.56,1.0,0.5,99.80587520739071,121.91720000000005,104.02986863812745,73.82448000000001,1.6055750311273278,2.528799722602689,0.6804368898507818,0.7199999999999999,88.89834105903596,122.93442251291083
Crawfordsville,2020,06-01,30,5,4.041624141293507,1.0,historical_analogs,True,2,0.46445513879601313,0.11459964336184994,0.420945217842137,0.4,0.2,0.4,0.27551150834695703,0.26000000000000006,0.5641560949525772,0.56,0.0,0.5,73.76884267702285,92.7948,13.958728086762562,16.891200000000033,4.019955518173045,2.815705854532087,0.9613581606271138,0.56,77.8913296978356,94.69064729508699
Crawfordsville,2020,06-01,60,5,4.041624141293507,1.0,historical_analogs,True,2,0.3974954742951946,0.08260366457659377,0.5199008611282117,0.4,0.2,0.4,0.19424891761529722,0.26000000000000006,0.3953212006320768,0.56,1.0,0.5,179.1781856788956,215.35119999999998,40.348508807760176,43.45739999999997,0.8063918204735985,1.1659201127530356,1.5194161669547355,1.1199999999999997,174.60706036272504,212.15560902571346
Crawfordsville,2020,06-01,90,5,4.041624141293507,1.0,historical_analogs,True,2,0.46445513879601313,0.11459964336184994,0.420945217842137,0.4,0.2,0.4,0.27551150834695703,0.26000000000000006,0.5641560949525772,0.56,0.0,0.5,141.05163131141114,157.6728,22.111570064509856,22.726080000000113,2.2034076108361025,2.328126546760913,0.47313455719825903,0.5199999999999998,127.70362091545071,146.43650949204385
Crawfordsville,2020,06-01,season,5,4.041624141293507,1.0,historical_analogs,True,2,0.46445513879601313,0.11459964336184994,0.420945217842137,0.4,0.2,0.4,0.27551150834695703,0.26000000000000006,0.5641560949525772,0.56,0.0,0.5,167.37267900860917,150.65000000000003,58.49510321293505,50.25492,1.2228158419031783,1.261094513444434,0.8114085796881758,0.7600000000000002,163.36514779650682,146.27058584080146
Crawfordsville,2020,06-15,30,5,2.378818333350298,1.25,historical_analogs,True,2,0.10925822688772073,0.5717425873001248,0.3189991858121545,0.4,0.2,0.4,0.2378497345335786,0.26000000000000006,0.8025890551997981,0.56,0.0,0.5,99.26455391124478,126.63439999999999,26.64831101576935,15.305040000000078,1.1737810824040693,1.9292222638328393,0.6548524618849314,0.2,102.57983024880888,128.77131767279877
Crawfordsville,2020,06-15,60,5,2.378818333350298,1.25,historical_analogs,True,2,0.5726804307397719,0.10832038344807365,0.3189991858121545,0.4,0.2,0.4,0.39586249233839965,0.26000000000000006,0.803458290147137,0.56,0.0,0.5,145.80647187147997,157.85800000000003,15.89000844940654,13.177799999999863,2.4636663813234354,2.608223161831061,1.0244395778909685,0.5599999999999998,140.3785022144245,154.02818131222932
Crawfordsville,2020,06-15,90,5,2.378818333350298,1.25,historical_analogs,True,2,0.5726804307397719,0.035256339003626,0.3920632302566021,0.4,0.2,0.4,0.348774995879164,0.26000000000000006,0.6987930011982666,0.56,0.0,0.5,170.54113835449758,166.98239999999998,28.35782090918172,34.12907999999996,4.03738201397571,2.7409692596170405,0.463120006404826,0.72,165.01558760061482,159.67987919340248
Crawfordsville,2020,06-15,season,5,2.378818333350298,1.25,historical_analogs,True,2,0.5726804307397719,0.035256339003626,0.3920632302566021,0.4,0.2,0.4,0.348774995879164,0.26000000000000006,0.6987930011982666,0.56,0.0,0.5,147.68747105390088,113.73479999999998,56.507490465383455,62.28540000000035,0.8144967034043038,1.0322716237003324,0.7583641295344992,0.76,145.67076372039452,107.10149439994552
Crawfordsville,2020,07-01,30,5,2.2401462117667723,2.44140625,historical_analogs,True,2,0.1596093261662309,0.12143929611041784,0.7189513777233512,0.4,0.2,0.4,0.05223173254142033,0.26000000000000006,0.11921096772263448,0.56,1.0,0.5,80.84829985075709,121.35800000000002,34.12978533119376,36.27395999999982,4.463529668120055,3.06397620305055,0.06907880023278001,0.39999999999999997,66.4209715012551,116.25206611242757
Crawfordsville,2020,07-01,60,5,2.2401462117667723,2.44140625,historical_analogs,True,2,0.2289458691535155,0.07757674507708107,0.6934773857694034,0.4,0.2,0.4,0.07318616201860888,0.26000000000000006,0.1523904754139722,0.56,1.0,0.5,52.71907490888193,60.34600000000001,11.223998171770084,11.949120000000033,7.725011135016016,6.462882111884408,2.2167900267245355,1.16,34.42767086227383,50.84788112201103
Crawfordsville,2020,07-01,90,5,2.2401462117667723,2.44140625,historical_analogs,True,2,0.1990160411874989,0.10750657304309766,0.6934773857694034,0.4,0.2,0.4,0.06678174884235169,0.26000000000000006,0.14512116093217428,0.56,1.0,0.5,106.20443809983725,91.96600000000001,121.13504910568426,73.32299999999995,3.8438848443166194,3.2148792081439352,1.9289916679912096,0.7999999999999999,94.90926048289086,86.57274474951821
Crawfordsville,2020,07-01,season,5,2.2401462117667723,2.44140625,historical_analogs,True,2,0.1990160411874989,0.10750657304309766,0.6934773857694034,0.4,0.2,0.4,0.06678174884235169,0.26000000000000006,0.14512116093217428,0.56,1.0,0.5,94.37379377109693,88.27600000000001,153.61311745492713,71.4149999999999,3.1555629633728755,1.9668648946781415,1.9317063648742199,0.8400000000000001,81.08530126730872,80.29365353911707
Crawfordsville,2020,07-15,30,5,2.795084152746083,4.76837158203125,historical_analogs,True,2,0.693132604405365,0.08003393869772098,0.22683345689691387,0.4,0.2,0.4,0.5391096553318702,0.26000000000000006,1.084624742007211,0.56,0.0,0.5,37.404700666261796,23.91559999999999,14.901618455917983,8.760600000000041,0.7155697721809278,0.4488259211287068,0.12225696119988416,0.36000000000000004,38.20803606798135,27.359835491832563
Crawfordsville,2020,07-15,60,5,2.795084152746083,4.76837158203125,historical_analogs,True,2,0.693132604405365,0.1291217260107779,0.17774566958385696,0.4,0.2,0.4,0.5782674955889318,0.26000000000000006,1.1732074113058664,0.56,0.0,0.5,78.64978483324829,55.84559999999999,72.29359683833626,48.81347999999969,1.492820420188778,2.3011010140545514,1.9564820588736247,1.48,74.26335903947356,52.222275317704444
Crawfordsville,2020,07-15,90,5,2.795084152746083,4.76837158203125,historical_analogs,True,2,0.693132604405365,0.1291217260107779,0.17774566958385696,0.4,0.2,0.4,0.5782674955889318,0.26000000000000006,1.1732074113058664,0.56,0.0,0.5,68.13882106480554,44.094,157.67487926251036,106.48079999999996,2.143990272521656,1.7533939856569818,1.630636815786299,1.1199999999999999,68.9830586743656,48.057972434467544
Crawfordsville,2020,07-15,season,5,2.795084152746083,4.76837158203125,historical_analogs,True,2,0.693132604405365,0.1291217260107779,0.17774566958385696,0.4,0.2,0.4,0.5782674955889318,0.26000000000000006,1.1732074113058664,0.56,0.0,0.5,67.93147103646608,44.012399999999985,150.1626243211286,96.23411999999989,2.143990272521656,1.7533939856569818,1.630636815786299,1.1199999999999999,68.6759880931331,47.90392465797066
Crawfordsville,2020,08-01,30,5,2.16969131907929,3.814697265625,historical_analogs,True,0,0.7790309608023767,0.09098364757126726,0.12998539162635597,0.4,0.2,0.4,0.032861759160088974,0.25999999999999995,0.0740015424455505,0.56,1.0,0.5,38.76071281484709,42.586,39.02575057204537,17.305199999999886,2.138999662815645,2.196953423118023,2.7759259532495886,2.2800000000000002,51.19902231734874,56.366580319910206
Crawfordsville,2020,08-01,60,5,2.16969131907929,3.814697265625,historical_analogs,True,0,0.7790309608023767,0.09098364757126726,0.12998539162635597,0.4,0.2,0.4,0.032861759160088974,0.25999999999999995,0.0740015424455505,0.56,1.0,0.5,40.448792754174335,24.536799999999992,173.08989006240796,140.1040800000003,1.7720205967075793,1.7007591774519097,2.3352575817462045,1.48,37.95539280943385,25.438446096676806
Crawfordsville,2020,08-01,90,5,2.16969131907929,3.814697265625,historical_analogs,True,0,0.7790309608023767,0.09098364757126726,0.12998539162635597,0.4,0.2,0.4,0.032861759160088974,0.25999999999999995,0.0740015424455505,0.56,1.0,0.5,19.939476483430347,22.888399999999983,252.91741056422995,192.81492000000014,1.7725432043291622,1.9392199605792992,2.3352575817462045,1.48,20.101398545857656,25.3864965623156
Crawfordsville,2020,08-01,season,5,2.16969131907929,3.814697265625,historical_analogs,True,0,0.7790309608023767,0.09098364757126726,0.12998539162635597,0.4,0.2,0.4,0.032861759160088974,0.25999999999999995,0.0740015424455505,0.56,1.0,0.5,32.802853168792794,27.9388,194.72614396125476,128.03076000000007,1.7761303493079064,1.9505198875899836,2.3352575817462045,1.48,30.24321800743435,29.32364710859362
Crawfordsville,2020,08-15,30,5,2.715097602007786,1.0,historical_analogs,True,0,0.3539416690504532,0.10410286867601795,0.5419554622735289,0.4,0.2,0.4,0.3555535450387143,0.25999999999999995,0.7219444973440048,0.56,0.0,0.5,31.143860365361913,30.588,51.81624522890941,58.691520000000104,5.707785473614973,2.8903085650101636,2.1515985585315094,1.9200000000000004,19.43003073895907,26.588526352971506
Crawfordsville,2020,08-15,60,5,2.715097602007786,1.0,historical_analogs,True,0,0.3539416690504532,0.10410286867601795,0.5419554622735289,0.4,0.2,0.4,0.3555535450387143,0.25999999999999995,0.7219444973440048,0.56,0.0,0.5,22.677080721179657,31.886799999999994,105.89724801284626,99.03455999999991,3.387417903463331,1.849572698221877,1.8752170308005087,1.48,28.903445322650825,35.77940978131299
Crawfordsville,2020,08-15,90,5,2.715097602007786,1.0,historical_analogs,True,0,0.3539416690504532,0.10410286867601795,0.5419554622735289,0.4,0.2,0.4,0.3555535450387143,0.25999999999999995,0.7219444973440048,0.56,0.0,0.5,10.806841203414383,22.76999999999999,67.4644500032947,80.49995999999973,3.363123964055176,1.8382727712111926,1.8752170308005087,1.48,18.876144806273867,28.13104668115436
Crawfordsville,2020,08-15,season,5,2.715097602007786,1.0,historical_analogs,True,0,0.3539416690504532,0.10410286867601795,0.5419554622735289,0.4,0.2,0.4,0.3555535450387143,0.25999999999999995,0.7219444973440048,0.56,0.0,0.5,22.67708072155238,31.94760000000001,109.05099990024956,99.82619999999986,3.387417903463331,1.849572698221877,1.8752170308005087,1.48,28.85894761320565,35.87061215817798
Crawfordsville,2021,05-01,30,5,3.988719092007068,1.0,historical_analogs,True,2,0.2917366702574405,0.12065098697097967,0.5876123427715798,0.4,0.2,0.4,0.12758693230362178,0.26000000000000006,0.26973052526431507,0.56,1.0,0.5,35.87363276657927,38.92880000000001,22.394890890977237,45.29879999999998,1.2505745890650266,2.574670518441062,0.06098726192647025,0.31999999999999995,30.949456532253848,18.749922169239277
Crawfordsville,2021,05-01,60,5,3.988719092007068,1.0,historical_analogs,True,2,0.35841438768491923,0.05397326954350095,0.5876123427715798,0.4,0.2,0.4,0.14926222656695026,0.26000000000000006,0.30143756695911594,0.56,1.0,0.5,40.829806041700095,70.01239999999997,24.21468110034462,32.00292000000006,3.465725613006372,3.2650696021505006,0.9775387664393163,0.7600000000000002,49.53263910842175,64.90813408170777
Crawfordsville,2021,05-01,90,5,3.988719092007068,1.0,historical_analogs,True,2,0.35841438768491923,0.05397326954350095,0.5876123427715798,0.4,0.2,0.4,0.14926222656695026,0.26000000000000006,0.30143756695911594,0.56,1.0,0.5,78.08100184130097,110.12039999999999,6.3266445734371,16.75692000000005,1.6384440504422155,3.1276051885828338,0.387279138910823,0.5199999999999998,59.75461625006059,97.81492481707949
Crawfordsville,2021,05-01,season,5,3.988719092007068,1.0,historical_analogs,True,2,0.35841438768491923,0.05397326954350095,0.5876123427715798,0.4,0.2,0.4,0.14926222656695026,0.26000000000000006,0.30143756695911594,0.56,1.0,0.5,45.28511744385091,58.29079999999999,139.1959236958671,99.27107999999998,1.6376671783909869,2.571639462986383,0.7792857598055785,1.2800000000000002,70.80291707633978,73.47023081337205
Crawfordsville,2021,05-15,30,5,2.510768108113687,1.953125,historical_analogs,True,0,0.6094303382828526,0.088375417625089,0.3021942440920584,0.4,0.2,0.4,0.12193301090810871,0.25999999999999995,0.2516762362566264,0.56,1.0,0.5,67.25145858548476,16.194399999999995,26.34962919862808,22.59936000000011,4.018778691852841,2.894568382106022,1.2077428291758747,1.04,68.32878173892165,17.988923379796745
Crawfordsville,2021,05-15,60,5,2.510768108113687,1.953125,historical_analogs,True,2,0.21757430839771338,0.5837978999725881,0.19862779162969857,0.4,0.2,0.4,0.34476799801151864,0.26000000000000006,1.0303559840354413,0.56,0.0,0.5,22.085923506681617,61.11959999999999,8.471304254305249,13.294079999999973,3.3322323641360847,2.477373761881816,0.6227958848142093,0.7200000000000001,22.419712911556246,69.90827830169522
Crawfordsville,2021,05-15,90,5,2.510768108113687,1.953125,historical_analogs,True,2,0.11400785593535352,0.5837978999725881,0.3021942440920584,0.4,0.2,0.4,0.2499653320966151,0.26000000000000006,0.840750652205634,0.56,0.0,0.5,26.231110393401863,76.0172,11.480495869674755,20.446200000000033,3.0297121410526024,2.4319222162168765,0.12481847886283248,0.44000000000000006,40.82111302127376,91.20403940272732
Crawfordsville,2021,05-15,season,5,2.510768108113687,1.953125,historical_analogs,True,2,0.11400785593535352,0.5837978999725881,0.3021942440920584,0.4,0.2,0.4,0.2499653320966151,0.26000000000000006,0.840750652205634,0.56,0.0,0.5,59.59674587872861,64.57159999999999,115.37157369679743,151.16976,3.031402422678055,1.5104600767174352,0.2876374285760409,1.1999999999999997,56.83970995141009,64.21180190780404
Crawfordsville,2021,06-01,30,5,2.1861796993072984,1.953125,historical_analogs,True,2,0.2283063477957714,0.1521804269498642,0.6195132252543643,0.4,0.2,0.4,0.09844698710008991,0.26000000000000006,0.22005285654682283,0.56,1.0,0.5,25.316742277416118,67.2012,20.534067593240106,31.855680000000003,2.8521536720691447,2.5175911988384665,1.241315342831693,1.04,27.194543744163212,64.29636144893439
Crawfordsville,2021,06-01,60,5,2.1861796993072984,1.953125,historical_analogs,True,2,0.3804116337498319,0.0013151677838824406,0.6182731984662856,0.4,0.2,0.4,0.145214181050688,0.26000000000000006,0.29043009176767576,0.56,1.0,0.5,63.894557490913954,121.96240000000002,13.95725130418726,25.970040000000076,0.39532713677314857,1.1025721966038982,1.3433502494467873,0.64,62.39917175257668,128.81543395879982
Crawfordsville,2021,06-01,90,5,2.1861796993072984,1.953125,historical_analogs,True,2,0.2283063477957714,0.1521804269498642,0.6195132252543643,0.4,0.2,0.4,0.09844698710008991,0.26000000000000006,0.22005285654682283,0.56,1.0,0.5,47.101769299780905,77.4552,46.1223253636701,64.20671999999996,1.37137767686631,1.3056084192452113,0.8670664403431986,0.52,42.80381737073468,85.67135100905273
Crawfordsville,2021,06-01,season,5,2.1861796993072984,1.953125,historical_analogs,True,2,0.2283063477957714,0.1521804269498642,0.6195132252543643,0.4,0.2,0.4,0.09844698710008991,0.26000000000000006,0.22005285654682283,0.56,1.0,0.5,90.07683930425887,69.5444,238.01430946976976,197.9341200000002,1.6500972912437193,1.778951645493784,0.8960656511268734,0.7600000000000002,82.91554275203342,68.63791096560384
Crawfordsville,2021,06-15,30,5,2.230222220607758,1.0,historical_analogs,True,2,0.032827039098045886,0.4228340335729879,0.5443389273289663,0.4,0.2,0.4,0.10435231382183088,0.26000000000000006,0.38749324759126436,0.56,1.0,0.5,60.643908524207895,142.25360000000003,20.936722853226314,19.888560000000012,6.601283370776988,6.2805381376355145,0.35776383746599927,0.2,81.9208653198709,164.21243406338385
Crawfordsville,2021,06-15,60,5,2.230222220607758,1.0,historical_analogs,True,2,0.4230546271090728,0.03260644556196092,0.5443389273289663,0.4,0.2,0.4,0.19330111533305688,0.26000000000000006,0.3876654109582989,0.56,1.0,0.5,58.62350530615141,115.44519999999997,5.659745734781489,8.075879999999902,6.0094512453390525,5.604226076327486,0.5601612770221038,0.5599999999999998,60.11095172805864,133.69724050863118
Crawfordsville,2021,06-15,90,5,2.230222220607758,1.0,historical_analogs,True,2,0.4230546271090728,0.02683140240963157,0.5501139704812956,0.4,0.2,0.4,0.1906863285372506,0.26000000000000006,0.38209258122976875,0.56,1.0,0.5,66.90942691860378,79.2,68.83613699075663,36.93707999999992,4.759323219937492,4.726148849820346,2.807844038791647,1.6800000000000002,68.77872517517595,93.88006328722142
Crawfordsville,2021,06-15,season,5,2.230222220607758,1.0,historical_analogs,True,2,0.4230546271090728,0.02683140240963157,0.5501139704812956,0.4,0.2,0.4,0.1906863285372506,0.26000000000000006,0.38209258122976875,0.56,1.0,0.5,69.84262263341411,73.86599999999999,214.4240081658969,154.59083999999987,2.9550207943502773,3.4937697375495596,3.074192753940823,2.1999999999999997,70.93923555122939,74.86039442604839
Crawfordsville,2021,07-01,30,5,2.1753998157065073,1.953125,historical_analogs,True,2,0.16945335553800067,0.11114133258352976,0.7194053118784695,0.4,0.2,0.4,0.0537239093525535,0.26000000000000006,0.11980021451354983,0.56,1.0,0.5,39.62202780763809,53.562799999999996,26.06219844969417,16.039080000000016,5.06267935785278,3.144662756920277,0.051059697531208814,0.39999999999999997,34.76611677050997,64.63291923843607
Crawfordsville,2021,07-01,60,5,2.1753998157065073,1.953125,historical_analogs,True,2,0.24520115694661132,0.06872458265478933,0.6860742603985993,0.4,0.2,0.4,0.07933648867612156,0.26000000000000006,0.1633960456133181,0.56,1.0,0.5,33.04478201591549,22.541199999999996,18.170493639677765,24.978239999999825,5.13775825177685,1.7733303248107637,1.7902715720383167,1.1600000000000001,17.699267754322264,23.40256550504581
Crawfordsville,2021,07-01,90,5,2.1753998157065073,1.953125,historical_analogs,True,2,0.24520115694661132,0.03539353117491912,0.7194053118784695,0.4,0.2,0.4,0.06942849318498782,0.26000000000000006,0.14010968841900567,0.56,1.0,0.5,85.66045504081143,32.3404,96.59060758636585,59.31324000000012,3.111883750756838,1.2996350933843037,2.1406952889984985,1.7600000000000002,75.67062357998232,32.67848491992628
Crawfordsville,2021,07-01,season,5,2.1753998157065073,1.953125,historical_analogs,True,2,0.24520115694661132,0.03539353117491912,0.7194053118784695,0.4,0.2,0.4,0.06942849318498782,0.26000000000000006,0.14010968841900567,0.56,1.0,0.5,75.45631932041358,34.62639999999999,187.31869721416066,148.82508000000024,2.9773232659778266,1.7724879240939977,2.141947991047528,1.7999999999999998,67.29506014525825,37.0615239454118
Crawfordsville,2021,07-15,30,5,2.4176496234038685,4.76837158203125,historical_analogs,True,0,0.1875255015904701,0.08579659511205814,0.7266779032974717,0.4,0.2,0.4,0.5940877928533135,0.25999999999999995,1.1955366414394493,0.56,0.0,0.5,39.47662579643122,24.6452,29.50090660656355,26.02763999999997,0.8695775977528206,0.6733114046868005,0.0917413763455634,0.36000000000000004,35.58492261507593,20.367112853287864
Crawfordsville,2021,07-15,60,5,2.4176496234038685,4.76837158203125,historical_analogs,True,0,0.1875255015904701,0.11536288766465363,0.6971116107448763,0.4,0.2,0.4,0.5730397042005666,0.25999999999999995,1.1593880042514606,0.56,0.0,0.5,60.84841073126677,35.604,97.24064407829181,70.9232400000003,1.053083997191446,1.5969372937853872,1.905198011640653,0.9999999999999999,55.21120859460617,32.37607031710506
Crawfordsville,2021,07-15,90,5,2.4176496234038685,4.76837158203125,historical_analogs,True,0,0.1875255015904701,0.11536288766465363,0.6971116107448763,0.4,0.2,0.4,0.5730397042005666,0.25999999999999995,1.1593880042514606,0.56,0.0,0.5,61.01602049341575,47.76120000000002,223.07346928903848,173.9851200000002,2.201499806353353,1.7533939856569818,2.2759963267974594,1.5999999999999996,58.651407366977864,48.04673486603467
Crawfordsville,2021,07-15,season,5,2.4176496234038685,4.76837158203125,historical_analogs,True,0,0.1875255015904701,0.11536288766465363,0.6971116107448763,0.4,0.2,0.4,0.5730397042005666,0.25999999999999995,1.1593880042514606,0.56,0.0,0.5,61.28793416445308,48.28920000000001,228.25264992144523,181.8651600000003,2.201499806353353,1.7533939856569818,2.2759963267974594,1.5999999999999996,58.39100522589982,47.892687089537816
Crawfordsville,2021,08-01,30,5,2.093961321611369,1.0,historical_analogs,True,0,0.9646526539119326,0.021725880363468696,0.01362146572459881,0.4,0.2,0.4,0.0007174896019780179,0.25999999999999995,0.0019069930815237917,0.56,1.0,0.5,26.22584268635779,11.6116,44.409330850830756,34.19640000000008,1.4172437980686754,1.267141268354906,0.9440845632897092,0.3599999999999999,31.18950064529397,14.24759062130132
Crawfordsville,2021,08-01,60,5,2.093961321611369,1.0,historical_analogs,True,1,0.9646526539119326,0.021725880363468696,0.01362146572459881,0.4,0.2,0.4,0.46537014351391054,0.15999999999999998,1.8877605401784514,0.9600000000000002,0.0,0.0,33.617847790937724,47.94639999999997,131.70195925025428,65.2859999999998,2.9570917194479636,1.8521745333854334,1.5888581936687225,1.0,33.618768389938985,50.14351044268574
Crawfordsville,2021,08-01,90,5,2.093961321611369,1.0,historical_analogs,True,1,0.9646526539119326,0.021725880363468696,0.01362146572459881,0.4,0.2,0.4,0.46537014351391054,0.15999999999999998,1.8877605401784514,0.9600000000000002,0.0,0.0,17.52052037322862,22.888399999999976,213.76150454356952,152.57844,2.8856287836649877,1.9392199605792984,1.5888581936687225,1.0,17.540954181665956,25.37740558932539
Crawfordsville,2021,08-01,season,5,2.093961321611369,1.0,historical_analogs,True,1,0.9646526539119326,0.021725880363468696,0.01362146572459881,0.4,0.2,0.4,0.46537014351391054,0.15999999999999998,1.8877605401784514,0.9600000000000002,0.0,0.0,17.836090626609852,37.822000000000024,216.39220772402473,156.50820000000036,2.9028001078911925,1.9505198875899836,1.5888581936687225,1.0,16.111282398745693,39.47367029877321
Crawfordsville,2021,08-15,30,5,2.8530102315031125,1.0,historical_analogs,True,1,0.1614030825429645,0.44017937257759543,0.3984175448794402,0.4,0.2,0.4,0.09239374756106582,0.15999999999999998,0.4981866300097465,0.9600000000000002,1.0,0.0,6.858889459780398,18.271199999999993,54.87958156758836,42.24959999999999,4.241132529904662,1.6112954560648212,0.07815286516311304,0.48,10.579110529426412,21.329008552349116
Crawfordsville,2021,08-15,60,5,2.8530102315031125,1.0,historical_analogs,True,1,0.1614030825429645,0.44017937257759543,0.3984175448794402,0.4,0.2,0.4,0.09239374756106582,0.15999999999999998,0.4981866300097465,0.9600000000000002,1.0,0.0,20.831224665467712,31.886799999999994,149.98731811044638,149.16816000000009,5.181663384076535,1.849572698221877,0.4485461133812608,1.0,24.50459775900225,35.77970160291434
Crawfordsville,2021,08-15,90,5,2.8530102315031125,1.0,historical_analogs,True,1,0.1614030825429645,0.44017937257759543,0.3984175448794402,0.4,0.2,0.4,0.09239374756106582,0.15999999999999998,0.4981866300097465,0.9600000000000002,1.0,0.0,9.5525039530494,22.76999999999999,134.60415768955738,134.86284,5.132658822147625,1.8382727712111926,0.4485461133812608,1.0,15.105701890350012,28.131338502755696
Crawfordsville,2021,08-15,season,5,2.8530102315031125,1.0,historical_analogs,True,1,0.1614030825429645,0.44017937257759543,0.3984175448794402,0.4,0.2,0.4,0.09239374756106582,0.15999999999999998,0.4981866300097465,0.9600000000000002,1.0,0.0,20.832363988814887,31.9476,148.58653265412093,149.96844000000007,5.181663384076535,1.849572698221877,0.4485461133812608,1.0,24.529353817371252,35.8709039797793
Crawfordsville,2022,05-01,30,5,3.5265326888271518,1.0,historical_analogs,True,1,0.365694609703497,0.3580423688745393,0.2762630214219639,0.4,0.2,0.4,0.10502690228569267,0.15999999999999998,0.6221634047315985,0.9600000000000002,0.0,0.0,50.69197059130507,41.002399999999994,57.82350127534353,45.2988,4.033784195289499,5.1696296800267145,0.9033161982012735,1.28,41.9105464477864,31.297580169716817
Crawfordsville,2022,05-01,60,5,3.5265326888271518,1.0,historical_analogs,True,0,0.365694609703497,0.20230627755629627,0.43199911274020686,0.4,0.2,0.4,0.29448328078376246,0.25999999999999995,0.6298943915062102,0.56,0.0,0.5,120.70452277547852,95.59639999999999,54.925089331053684,41.817959999999914,6.928859774195838,8.212385940907271,2.966031173793432,3.16,118.93937369562084,91.2317263590148
Crawfordsville,2022,05-01,90,5,3.5265326888271518,1.0,historical_analogs,True,0,0.365694609703497,0.20230627755629627,0.43199911274020686,0.4,0.2,0.4,0.29448328078376246,0.25999999999999995,0.6298943915062102,0.56,0.0,0.5,130.77476129723985,101.56679999999996,31.987985443696054,32.52492000000011,4.614716585873411,6.622566416716305,4.7365038310125165,4.84,126.22203182115342,100.48770143777402
Crawfordsville,2022,05-01,season,5,3.5265326888271518,1.0,historical_analogs,True,0,0.365694609703497,0.20230627755629627,0.43199911274020686,0.4,0.2,0.4,0.29448328078376246,0.25999999999999995,0.6298943915062102,0.56,0.0,0.5,304.3636497003455,199.09879999999998,46.466670042873915,34.220520000000015,5.864880605211699,6.0032518077098675,4.4045901466845745,4.16,314.5922682140145,200.57247786819644
Crawfordsville,2022,05-15,30,5,3.4230073342455216,1.0,historical_analogs,True,2,0.36359590572146383,0.42942805840873466,0.20697603586980146,0.4,0.2,0.4,0.380544495171093,0.26000000000000006,0.9454974476908818,0.56,0.0,0.5,7.643508174000928,15.579999999999998,26.00758819018342,11.557440000000042,1.9684745431569777,1.189845538531439,0.6848032690469675,0.5599999999999998,14.962013122795572,18.390151715330667
Crawfordsville,2022,05-15,60,5,3.4230073342455216,1.0,historical_analogs,True,1,0.7084019033531037,0.07774433822279744,0.21385375842409876,0.4,0.2,0.4,0.2737833433332065,0.15999999999999998,1.3981221923465186,0.9600000000000002,0.0,0.0,26.856929923952592,61.11959999999998,38.251563843543636,18.08495999999986,4.110612743336592,3.0451147297629104,1.72833139219685,2.1599999999999997,39.72321964320014,70.48176963470038
Crawfordsville,2022,05-15,90,5,3.4230073342455216,1.0,historical_analogs,True,1,0.7084019033531037,0.07774433822279744,0.21385375842409876,0.4,0.2,0.4,0.2737833433332065,0.15999999999999998,1.3981221923465186,0.9600000000000002,0.0,0.0,19.70601450120619,73.19479999999997,37.72549680887117,24.049080000000174,4.5360594528389875,4.525966921114969,2.50888493721027,2.8400000000000003,25.702614383159442,81.78161130040257
Crawfordsville,2022,05-15,season,5,3.4230073342455216,1.0,historical_analogs,True,1,0.7084019033531037,0.07774433822279744,0.21385375842409876,0.4,0.2,0.4,0.2737833433332065,0.15999999999999998,1.3981221923465186,0.9600000000000002,0.0,0.0,145.41894642934335,164.17639999999994,57.56938220599175,54.51408000000001,3.7981229643654277,1.517236947453073,1.6312710137665916,2.1600000000000006,149.45816814742363,178.46600048100964
Crawfordsville,2022,06-01,30,5,3.896565053625412,1.0,historical_analogs,True,0,0.5859846807319856,0.016263271345728705,0.3977520479222856,0.4,0.2,0.4,0.16480768810748406,0.25999999999999995,0.32987987020983284,0.56,1.0,0.5,26.85392923247558,28.0428,18.432953807447742,16.891200000000033,3.019403559945836,3.1296600953233753,2.4263915579698914,2.0000000000000004,29.163071039644876,33.70004285353204
Crawfordsville,2022,06-01,60,5,3.896565053625412,1.0,historical_analogs,True,0,0.5859846807319856,0.016263271345728705,0.3977520479222856,0.4,0.2,0.4,0.16480768810748406,0.25999999999999995,0.32987987020983284,0.56,1.0,0.5,41.77353990127612,39.647199999999984,24.73877732456645,28.618199999999998,2.0363415008280237,1.3722361832322054,3.9819797673617425,3.52,43.50526078035824,44.92340163340195
Crawfordsville,2022,06-01,90,5,3.896565053625412,1.0,historical_analogs,True,0,0.5859846807319856,0.016263271345728705,0.3977520479222856,0.4,0.2,0.4,0.16480768810748406,0.25999999999999995,0.32987987020983284,0.56,1.0,0.5,77.80009937349249,68.89679999999998,28.840514003579138,21.555359999999745,1.5287260121310924,1.3056084192452118,2.355988966050403,2.44,81.04552135930415,79.44241066243305
Crawfordsville,2022,06-01,season,5,3.896565053625412,1.0,historical_analogs,True,0,0.5859846807319856,0.016263271345728705,0.3977520479222856,0.4,0.2,0.4,0.16480768810748406,0.25999999999999995,0.32987987020983284,0.56,1.0,0.5,131.00544621108017,121.1108,25.543351071458254,37.52819999999993,1.3162979072448455,1.1719097575223016,2.243498406080215,2.68,136.42361433863755,136.197457924028
Crawfordsville,2022,06-15,30,5,3.5560964443306764,1.0,historical_analogs,True,1,0.11232126525996336,0.23312709611732813,0.6545516386227084,0.4,0.2,0.4,0.22052695712663592,0.15999999999999998,1.0291479649627133,0.9600000000000002,0.0,0.0,83.73691830465874,35.1944,11.703569429718211,14.194800000000033,2.3413411756649767,1.9292222638328402,1.994697387527157,1.6399999999999997,88.51589508831721,37.168877750882295
Crawfordsville,2022,06-15,60,5,3.5560964443306764,1.0,historical_analogs,True,0,0.11232126525996336,0.23312709611732813,0.6545516386227084,0.4,0.2,0.4,0.6082056918666725,0.25999999999999995,1.2707596266774428,0.56,0.0,0.5,121.25767609682026,54.24040000000001,12.998042759189534,13.583880000000072,4.672930006717504,2.6082231618310603,2.5787266515200455,2.0,134.26666312884512,60.2363954189257
Crawfordsville,2022,06-15,90,5,3.5560964443306764,1.0,historical_analogs,True,0,0.23578192641570622,0.10966643496158526,0.6545516386227084,0.4,0.2,0.4,0.5062335558082809,0.25999999999999995,1.0244938385737454,0.56,0.0,0.5,136.0105575855429,84.42719999999998,21.03123983942296,24.694199999999977,1.9440511736731532,1.6338727227304886,0.5846025084323245,0.72,148.2176209700283,97.52772531859944
Crawfordsville,2022,06-15,season,5,3.5560964443306764,1.0,historical_analogs,True,0,0.23578192641570622,0.10966643496158526,0.6545516386227084,0.4,0.2,0.4,0.5062335558082809,0.25999999999999995,1.0244938385737454,0.56,0.0,0.5,157.32686306714592,126.4164,33.01057543298732,36.28332,0.8520641717220583,1.0322716237003329,1.0927062721773604,1.2400000000000002,171.68613466579257,144.38992516173704
Crawfordsville,2022,07-01,30,5,4.887675788158524,1.0,historical_analogs,True,1,0.4603013939209074,0.19302659616109946,0.3466720099179932,0.4,0.2,0.4,0.16602942785305577,0.15999999999999998,0.9832649302094526,0.9600000000000002,0.0,0.0,14.550521215197541,17.596399999999996,15.4025189683055,16.039080000000016,0.9944465099543622,1.1403193814990553,1.3040542211386768,1.3599999999999999,17.668534745822058,20.93083609067604
Crawfordsville,2022,07-01,60,5,4.887675788158524,1.0,historical_analogs,True,1,0.39776570431987923,0.25556228576212764,0.3466720099179932,0.4,0.2,0.4,0.13919951899683536,0.15999999999999998,0.8325865483733789,0.9600000000000002,0.0,0.0,37.91554394803477,40.59399999999999,11.41634347038553,11.949120000000043,3.4051657743307846,3.353050346308149,0.6501298893836001,0.6799999999999999,41.21927732983514,44.96201328657045
Crawfordsville,2022,07-01,90,5,4.887675788158524,1.0,historical_analogs,True,1,0.39776570431987923,0.25556228576212764,0.3466720099179932,0.4,0.2,0.4,0.13919951899683536,0.15999999999999998,0.8325865483733789,0.9600000000000002,0.0,0.0,51.537690333451856,58.31319999999998,27.033550954353856,29.237399999999944,1.9314842505256342,1.9324028485888327,0.7402471484652318,0.8,58.20494538432436,65.8857578085724
Crawfordsville,2022,07-01,season,5,4.887675788158524,1.0,historical_analogs,True,1,0.39776570431987923,0.25556228576212764,0.3466720099179932,0.4,0.2,0.4,0.13919951899683536,0.15999999999999998,0.8325865483733789,0.9600000000000002,0.0,0.0,73.4058064996055,80.59599999999999,25.001393151815044,29.359800000000007,3.6354887022989275,3.4530201532492404,0.805559230369195,0.8400000000000002,77.61645655445153,86.91392574470929
Crawfordsville,2022,07-15,30,5,4.610728222149201,1.0,historical_analogs,True,0,0.4480850494839111,0.09351215829407483,0.4584027922220141,0.4,0.2,0.4,0.257371616260058,0.25999999999999995,0.5234877562689321,0.56,0.0,0.5,29.15749910592013,28.062800000000003,8.546742789577152,8.760600000000041,2.470584381338223,2.443230988471279,0.24767913586357598,0.36000000000000004,33.4636541673062,31.808437652474385
Crawfordsville,2022,07-15,60,5,4.610728222149201,1.0,historical_analogs,True,0,0.4480850494839111,0.2129549785920692,0.3389599719240197,0.4,0.2,0.4,0.20975198758495459,0.25999999999999995,0.4648537980770578,0.56,1.0,0.5,28.844567163244044,37.31279999999999,15.742102778755896,15.825959999999935,2.853509196959167,2.6279634789343116,0.5885382323527364,0.52,35.93296014209428,44.78972394456714
Crawfordsville,2022,07-15,90,5,4.610728222149201,1.0,historical_analogs,True,0,0.4480850494839111,0.2129549785920692,0.3389599719240197,0.4,0.2,0.4,0.20975198758495459,0.25999999999999995,0.4648537980770578,0.56,1.0,0.5,52.285229153417355,63.8508,34.63806899332838,33.040800000000175,2.3250316708800707,2.5226445866173477,0.6703530902233725,0.64,57.3191141413032,70.00495784000857
Crawfordsville,2022,07-15,season,5,4.610728222149201,1.0,historical_analogs,True,0,0.4480850494839111,0.2129549785920692,0.3389599719240197,0.4,0.2,0.4,0.20975198758495459,0.25999999999999995,0.4648537980770578,0.56,1.0,0.5,52.766829623746794,64.3788,31.874293430893246,29.360520000000037,2.3250316708800707,2.5226445866173477,0.6703530902233725,0.64,58.3442486735607,70.9811350119532
Crawfordsville,2022,08-01,30,5,4.054826246444976,1.0,historical_analogs,True,0,0.40057531621088355,0.2899379467574319,0.30948673703168456,0.4,0.2,0.4,0.22754599596710062,0.25999999999999995,0.5391560049041166,0.56,1.0,0.5,19.509448298878148,21.61,16.28871156302845,14.333039999999997,2.526681358388469,3.056383756195351,0.38979650237157193,0.3599999999999999,23.385838563562984,24.847664941679994
Crawfordsville,2022,08-01,60,5,4.054826246444976,1.0,historical_analogs,True,0,0.40057531621088355,0.2899379467574319,0.30948673703168456,0.4,0.2,0.4,0.22754599596710062,0.25999999999999995,0.5391560049041166,0.56,1.0,0.5,19.865932807487397,31.607199999999985,28.890877051769806,28.83816000000003,2.3957937852482174,2.738955801023745,0.7336921619698982,0.52,20.234302655071943,31.766455584791842
Crawfordsville,2022,08-01,90,5,4.054826246444976,1.0,historical_analogs,True,0,0.40057531621088355,0.2899379467574319,0.30948673703168456,0.4,0.2,0.4,0.22754599596710062,0.25999999999999995,0.5391560049041166,0.56,1.0,0.5,61.69073385196908,73.96039999999998,21.19418543773044,18.80964000000003,2.5422995137538917,2.9799062148498043,0.7336921619698982,0.52,65.5780160735302,78.31698504311363
Crawfordsville,2022,08-01,season,5,4.054826246444976,1.0,historical_analogs,True,0,0.40057531621088355,0.2899379467574319,0.30948673703168456,0.4,0.2,0.4,0.22754599596710062,0.25999999999999995,0.5391560049041166,0.56,1.0,0.5,31.34566192024835,46.836400000000005,37.13257716650044,31.997159999999766,2.5818609449098187,3.036405849903229,0.7336921619698982,0.52,32.29410572285132,47.952153291793095
Crawfordsville,2022,08-15,30,5,3.359648065950033,1.0,historical_analogs,True,1,0.2212492381452511,0.3671263350103492,0.4116244268443997,0.4,0.2,0.4,0.10919294707741731,0.15999999999999998,0.6189149699922674,0.9600000000000002,0.0,0.0,7.918687123031429,18.271199999999993,11.556747665960351,10.739519999999946,2.7221394099099934,4.266001111225236,0.14685367613956202,0.48,12.655995368070865,22.015692102550837
Crawfordsville,2022,08-15,60,5,3.359648065950033,1.0,historical_analogs,True,1,0.2212492381452511,0.3671263350103492,0.4116244268443997,0.4,0.2,0.4,0.10919294707741731,0.15999999999999998,0.6189149699922674,0.9600000000000002,0.0,0.0,31.844546470545573,39.077200000000005,66.75774450704999,40.01471999999988,2.6738195598248176,4.078632479750662,0.6439017543179126,0.52,34.502725933215125,42.015396108987815
Crawfordsville,2022,08-15,90,5,3.359648065950033,1.0,historical_analogs,True,1,0.2212492381452511,0.3671263350103492,0.4116244268443997,0.4,0.2,0.4,0.10919294707741731,0.15999999999999998,0.6189149699922674,0.9600000000000002,0.0,0.0,12.041998136854112,23.614800000000002,42.92644090210535,40.70844000000001,2.6488059399485557,4.0221328446972375,0.6439017543179126,0.52,19.56960123446083,30.30113366035642
Crawfordsville,2022,08-15,season,5,3.359648065950033,1.0,historical_analogs,True,1,0.2212492381452511,0.3671263350103492,0.4116244268443997,0.4,0.2,0.4,0.10919294707741731,0.15999999999999998,0.6189149699922674,0.9600000000000002,0.0,0.0,31.847548469655198,39.138000000000005,66.93803733230358,38.197079999999865,2.6738195598248176,4.078632479750662,0.6439017543179126,0.52,34.62236697597011,42.179649332092595
Crawfordsville,2023,05-01,30,5,3.0829747258119053,1.0,historical_analogs,True,0,0.1727481808295981,0.45361708547326773,0.3736347336971343,0.4,0.2,0.4,0.41197424327283383,0.25999999999999995,1.0297169467789298,0.56,0.0,0.5,51.69724184168591,43.6904,87.50315786060538,52.46136000000003,1.8971222040550537,1.9360887618879223,0.05968386795987102,0.31999999999999995,72.83603230242133,64.98746742825642
Crawfordsville,2023,05-01,60,5,3.0829747258119053,1.0,historical_analogs,True,0,0.1727481808295981,0.059878854711765774,0.7673729644586362,0.4,0.2,0.4,0.6366034194513872,0.25999999999999995,1.2767923161443675,0.56,0.0,0.5,157.52306217166688,99.27319999999997,40.527787103965956,32.00292000000006,1.965480027050527,3.2650696021504997,0.57172103102388,1.2400000000000002,177.17649487066322,117.22894104926681
Crawfordsville,2023,05-01,90,5,3.0829747258119053,1.0,historical_analogs,True,0,0.1727481808295981,0.059878854711765774,0.7673729644586362,0.4,0.2,0.4,0.6366034194513872,0.25999999999999995,1.2767923161443675,0.56,0.0,0.5,221.44145542686664,119.38439999999996,12.296306829168785,19.068120000000064,1.2566544213888133,3.7040494228888106,0.5474618985814712,1.0,243.14710351864304,141.18499306066172
Crawfordsville,2023,05-01,season,5,3.0829747258119053,1.0,historical_analogs,True,0,0.1727481808295981,0.059878854711765774,0.7673729644586362,0.4,0.2,0.4,0.6366034194513872,0.25999999999999995,1.2767923161443675,0.56,0.0,0.5,277.2423626165581,192.03319999999997,56.45217489491131,45.1846800000003,1.8228448444115881,2.5716394629863837,1.7218654629725774,1.28,309.68277169959777,227.72350109879648
Crawfordsville,2023,05-15,30,5,2.8413214507741555,1.0,historical_analogs,True,0,0.09593780744575114,0.457403953459112,0.4466582390951368,0.4,0.2,0.4,0.5084160152787821,0.25999999999999995,1.2260504071975895,0.56,0.0,0.5,38.18109862687352,50.572,39.0706085997299,17.760959999999976,2.4859014164438746,1.18984553853144,1.2874509337819433,0.5599999999999998,36.49250448858518,53.8081105461264
Crawfordsville,2023,05-15,60,5,2.8413214507741555,1.0,historical_analogs,True,0,0.47840508448171043,0.35920073815315695,0.16239417736513256,0.4,0.2,0.4,0.14921656236831485,0.25999999999999995,0.4274582950264025,0.56,1.0,0.5,36.144843101068574,95.14679999999998,91.75637038301406,72.56016000000042,8.630516205796871,4.143620948441507,2.4234482161584694,1.2,21.49627870338508,91.89426593267561
Crawfordsville,2023,05-15,90,5,2.8413214507741555,1.0,historical_analogs,True,0,0.8166046916122689,0.021001131022598447,0.16239417736513256,0.4,0.2,0.4,0.03000285399036457,0.25999999999999995,0.060446755484957475,0.56,1.0,0.5,8.35317295641945,72.4652,121.9396437511636,112.02155999999991,10.667227431684687,5.422686539109688,1.765276190000788,0.9199999999999998,17.15763382016751,79.57755022038117
Crawfordsville,2023,05-15,season,5,2.8413214507741555,1.0,historical_analogs,True,0,0.8166046916122689,0.021001131022598447,0.16239417736513256,0.4,0.2,0.4,0.03000285399036457,0.25999999999999995,0.060446755484957475,0.56,1.0,0.5,143.27676027004122,192.45799999999997,81.43756775161542,74.29104000000035,4.170411265853041,1.5104600767174352,0.5824867663093609,1.2000000000000004,154.21345743443356,216.29591351223254
Crawfordsville,2023,06-01,30,5,2.587451879187134,1.25,historical_analogs,True,0,0.815577915325876,0.010276555846324168,0.17414552882779974,0.4,0.2,0.4,0.032169085263131926,0.25999999999999995,0.06444377812632641,0.56,1.0,0.5,21.988698525875023,36.58680000000001,58.017418329341105,40.055040000000055,4.928972036830778,2.248582401519541,0.346747113834015,0.56,17.147305831807664,34.442611652802405
Crawfordsville,2023,06-01,60,5,2.587451879187134,1.25,historical_analogs,True,0,0.815577915325876,0.010276555846324168,0.17414552882779974,0.4,0.2,0.4,0.032169085263131926,0.25999999999999995,0.06444377812632641,0.56,1.0,0.5,31.507563222486716,58.18480000000001,83.63199906036783,96.63228000000018,5.76165114703059,5.130556235341857,0.7482748152013401,0.6399999999999999,25.858130782181554,57.693874320771044
Crawfordsville,2023,06-01,90,5,2.587451879187134,1.25,historical_analogs,True,0,0.815577915325876,0.010276555846324168,0.17414552882779974,0.4,0.2,0.4,0.032169085263131926,0.25999999999999995,0.06444377812632641,0.56,1.0,0.5,55.825989096660685,53.28720000000001,112.02205859051318,108.43056000000051,4.687787607893881,2.598019725494804,1.1682802137137631,0.5199999999999997,53.263030563999976,60.82274938821588
Crawfordsville,2023,06-01,season,5,2.587451879187134,1.25,historical_analogs,True,0,0.815577915325876,0.010276555846324168,0.17414552882779974,0.4,0.2,0.4,0.032169085263131926,0.25999999999999995,0.06444377812632641,0.56,1.0,0.5,146.48726125233588,114.7652,73.86824669211533,76.00211999999972,4.067528171288217,1.171909757522302,1.8656423745165105,1.7200000000000004,154.62529786605097,133.67827086030204
Crawfordsville,2023,06-15,30,5,2.0945856542618295,1.0,historical_analogs,True,1,0.003439933407983473,0.6419503914724588,0.35460967511955765,0.4,0.2,0.4,0.06287992741512483,0.15999999999999998,0.2539593769969751,0.9600000000000002,1.0,0.0,27.96511428467852,35.19439999999999,35.44672075684711,46.19735999999999,3.1005238134471593,3.9178340432494108,0.824250882325129,0.20000000000000007,26.9579837961494,37.13303158243008
Crawfordsville,2023,06-15,60,5,2.0945856542618295,1.0,historical_analogs,True,1,0.6419895460313088,0.00340077884913355,0.35460967511955765,0.4,0.2,0.4,0.26894929945094204,0.15999999999999998,1.5311086065003976,0.9600000000000002,0.0,0.0,43.92998102004904,42.0484,78.44021839990397,87.0411599999999,4.559904072282694,4.802449123201519,0.9524223674759975,0.56,50.39777271244839,49.330323287850504
Crawfordsville,2023,06-15,90,5,2.0945856542618295,1.0,historical_analogs,True,0,0.6419895460313088,0.00340077884913355,0.35460967511955765,0.4,0.2,0.4,0.1269597534196333,0.25999999999999995,0.2539310721360473,0.56,1.0,0.5,32.7985384964879,70.2864,71.68162064130979,86.08140000000014,1.7786840661600274,1.4500465689555315,1.1394695027584645,1.6800000000000002,36.4186902513066,83.98341449508514
Crawfordsville,2023,06-15,season,5,2.0945856542618295,1.0,historical_analogs,True,0,0.6419895460313088,0.00340077884913355,0.35460967511955765,0.4,0.2,0.4,0.1269597534196333,0.25999999999999995,0.2539310721360473,0.56,1.0,0.5,36.769420326294515,104.94119999999998,25.336936624842203,46.47420000000011,2.073052739269069,1.7635464033606834,1.2662141610398228,2.2,39.88717843201067,124.54417579609266
Crawfordsville,2023,07-01,30,5,3.3973480954835726,1.0,historical_analogs,True,0,0.3346329497076275,0.4650516983010121,0.20031535199136036,0.4,0.2,0.4,0.2414197759290976,0.25999999999999995,0.6991126339508508,0.56,0.0,0.5,10.4093478674586,20.39959999999999,30.83359662019491,37.094760000000164,0.5704236434068344,1.1142960227145275,0.3618727035939133,0.4,12.889872027271181,24.134117687369226
Crawfordsville,2023,07-01,60,5,3.3973480954835726,1.0,historical_analogs,True,1,0.3346329497076275,0.4650516983010121,0.20031535199136036,0.4,0.2,0.4,0.07605272563672508,0.15999999999999998,0.43827513676408153,0.9600000000000002,1.0,0.0,16.754497655348445,22.54119999999999,54.52408500113875,61.00272000000023,1.8120256060573823,1.4473491267829903,0.988059906641257,1.16,14.537430077259671,24.527350459708515
Crawfordsville,2023,07-01,90,5,3.3973480954835726,1.0,historical_analogs,True,1,0.3346329497076275,0.4650516983010121,0.20031535199136036,0.4,0.2,0.4,0.07605272563672508,0.15999999999999998,0.43827513676408153,0.9600000000000002,1.0,0.0,29.651798454753177,58.063599999999994,37.91276014008086,47.33388000000008,1.4019741632789788,1.2996350933843024,1.33515367808041,1.7600000000000002,42.215862687416184,75.40331381081339
Crawfordsville,2023,07-01,season,5,3.3973480954835726,1.0,historical_analogs,True,1,0.3346329497076275,0.4650516983010121,0.20031535199136036,0.4,0.2,0.4,0.07605272563672508,0.15999999999999998,0.43827513676408153,0.9600000000000002,1.0,0.0,36.94536067072751,65.70639999999997,19.74058032515648,36.26748000000026,2.5151456161549905,1.7724879240939977,2.3351536780804096,2.76,41.63092697322602,80.65071400649089
Crawfordsville,2023,07-15,30,5,2.303160438475631,1.0,historical_analogs,True,1,0.9220383243402509,0.003561496020961151,0.07440017963878799,0.4,0.2,0.4,0.42784502914123085,0.15999999999999998,1.8485797504944466,0.9600000000000002,0.0,0.0,50.39237795851055,20.757200000000005,40.53005422502257,28.96092000000018,1.942657498032479,0.8600542850364721,0.22578361113095372,0.36000000000000004,48.808471197875114,22.57995533556259
Crawfordsville,2023,07-15,60,5,2.303160438475631,1.0,historical_analogs,True,1,0.9220383243402509,0.061376454982354056,0.016585220677395093,0.4,0.2,0.4,0.4252148705485478,0.15999999999999998,1.7314439003585884,0.9600000000000002,0.0,0.0,14.957078927921637,27.67439999999999,43.99324101478357,32.38883999999997,3.9635477770715655,3.696479191564684,2.9332508755339557,2.4400000000000004,6.431362466272532,31.089576314997714
Crawfordsville,2023,07-15,90,5,2.303160438475631,1.0,historical_analogs,True,1,0.9220383243402509,0.003561496020961151,0.07440017963878799,0.4,0.2,0.4,0.42784502914123085,0.15999999999999998,1.8485797504944466,0.9600000000000002,0.0,0.0,11.447303782889268,44.09399999999998,40.69678846286033,22.227840000000043,3.9622138558193982,3.891330801404801,3.2314723351001895,3.04,7.196674896502779,50.58204807339342
Crawfordsville,2023,07-15,season,5,2.303160438475631,1.0,historical_analogs,True,1,0.9220383243402509,0.003561496020961151,0.07440017963878799,0.4,0.2,0.4,0.42784502914123085,0.15999999999999998,1.8485797504944466,0.9600000000000002,0.0,0.0,12.519335795847855,44.0124,40.75960479981988,23.33412,3.9622138558193982,3.891330801404801,3.2314723351001895,3.04,7.255248270139919,49.320149687514146
Crawfordsville,2023,08-01,30,5,3.572737741939701,1.0,historical_analogs,True,2,0.7051708201093396,0.07700462340692314,0.21782455648373722,0.4,0.2,0.4,0.5545321549867706,0.26000000000000006,1.114994021999583,0.56,0.0,0.5,18.56445721203235,16.738,22.198691172661405,14.33303999999999,1.1989482880682254,1.2671412683549055,1.7097706424504333,1.3199999999999998,19.2184765433813,15.87595009231886
Crawfordsville,2023,08-01,60,5,3.572737741939701,1.0,historical_analogs,True,2,0.7051708201093396,0.07700462340692314,0.21782455648373722,0.4,0.2,0.4,0.5545321549867706,0.26000000000000006,1.114994021999583,0.56,0.0,0.5,15.549243839991618,24.536799999999992,21.16697965931778,24.22007999999999,1.3367142590199221,1.7007591774519097,2.881385819526212,2.4400000000000004,15.210745856314418,25.502113490487744
Crawfordsville,2023,08-01,90,5,3.572737741939701,1.0,historical_analogs,True,2,0.7051708201093396,0.07700462340692314,0.21782455648373722,0.4,0.2,0.4,0.5545321549867706,0.26000000000000006,1.114994021999583,0.56,0.0,0.5,14.032942284039535,23.0036,27.29320373174093,29.968199999999968,2.576792856055798,2.7337029453338157,2.881385819526212,2.4400000000000004,15.144686309368844,25.70662942614714
Crawfordsville,2023,08-01,season,5,3.572737741939701,1.0,historical_analogs,True,2,0.7051708201093396,0.07700462340692314,0.21782455648373722,0.4,0.2,0.4,0.5545321549867706,0.26000000000000006,1.114994021999583,0.56,0.0,0.5,19.230983035350263,27.9388,28.040710539279885,22.03092000000003,2.596101532246517,2.7450028723445,2.881385819526212,2.4400000000000004,19.67588559761888,29.340852796529227
Crawfordsville,2023,08-15,30,5,3.0636189939298153,1.0,historical_analogs,True,0,0.5979049681314547,0.009776406740612191,0.39231862512793314,0.4,0.2,0.4,0.1577971591378191,0.25999999999999995,0.3156898964043961,0.56,1.0,0.5,79.38716566563626,57.2856,15.208181939514205,10.052640000000036,3.113468542057841,4.696915106428067,0.8338181928721704,1.9200000000000004,84.53412853053217,62.52281514213141
Crawfordsville,2023,08-15,60,5,3.0636189939298153,1.0,historical_analogs,True,0,0.5979049681314547,0.009776406740612191,0.39231862512793314,0.4,0.2,0.4,0.1577971591378191,0.25999999999999995,0.3156898964043961,0.56,1.0,0.5,93.8223069903434,71.0164,44.58737818626631,23.931359999999998,4.965736571023296,5.235238644858967,1.5740055235949297,2.4400000000000004,99.51163319593925,76.35694136076134
Crawfordsville,2023,08-15,90,5,3.0636189939298153,1.0,historical_analogs,True,0,0.5979049681314547,0.009776406740612191,0.39231862512793314,0.4,0.2,0.4,0.1577971591378191,0.25999999999999995,0.3156898964043961,0.56,1.0,0.5,116.71115944131739,100.194,103.64026260839924,54.33804000000012,4.961320932556626,5.223938717848283,1.5740055235949297,2.4400000000000004,123.81274996643421,106.14187024032387
Crawfordsville,2023,08-15,season,5,3.0636189939298153,1.0,historical_analogs,True,0,0.5979049681314547,0.009776406740612191,0.39231862512793314,0.4,0.2,0.4,0.1577971591378191,0.25999999999999995,0.3156898964043961,0.56,1.0,0.5,93.93103955248347,71.07719999999999,46.07224859110561,25.10747999999998,4.965736571023296,5.235238644858967,1.5740055235949297,2.4400000000000004,99.51518347145615,76.22945059340591
Lincoln,2018,05-01,30,5,2.3134180079751174,1.5625,historical_analogs,True,0,0.5770038325225295,0.30788476655439645,0.11511140092307398,0.4,0.2,0.4,0.09608819616155048,0.25999999999999995,0.28696942179935614,0.56,1.0,0.5,67.8410842772224,32.227599999999995,120.24695479749622,94.93452000000003,7.281590662393899,8.804741228191986,3.180973274591076,3.6400000000000006,38.72426707017645,22.05965797826039
Lincoln,2018,05-01,60,5,2.3134180079751174,1.5625,historical_analogs,True,1,0.5770038325225295,0.30788476655439645,0.11511140092307398,0.4,0.2,0.4,0.17309202868407997,0.15999999999999998,0.8252075537356222,0.9600000000000002,0.0,0.0,20.23569837551318,29.376000000000005,150.03563658582564,125.54171999999981,17.376547757431943,18.661622804164818,6.112947097770217,5.72,30.151781326134298,27.612301721274182
Lincoln,2018,05-01,90,5,2.3134180079751174,1.5625,historical_analogs,True,0,0.6136736925315158,0.07602817089730325,0.31029813657118094,0.4,0.2,0.4,0.1227664747008905,0.25999999999999995,0.2513132321717706,0.56,1.0,0.5,21.91253406136198,20.95279999999999,106.68584133931908,106.22592000000014,11.86484074759871,16.477947853226997,3.9549263577401113,4.680000000000001,18.169018831311167,24.213909479223112
Lincoln,2018,05-01,season,5,2.3134180079751174,1.5625,historical_analogs,True,1,0.6136736925315158,0.07602817089730325,0.31029813657118094,0.4,0.2,0.4,0.23644016723240632,0.15999999999999998,1.3266042754401957,0.9600000000000002,0.0,0.0,203.90588410862745,147.4728,59.383827899455355,52.424999999999955,8.953002519625992,7.987864216089282,3.890496711793027,3.2399999999999998,213.21328704072923,138.68866946010075
Lincoln,2018,05-15,30,5,2.2508613546475433,1.0,historical_analogs,True,0,0.07514561460625233,0.588957151400904,0.33589723399284377,0.4,0.2,0.4,0.48409129299304493,0.25999999999999995,1.3150531121723574,0.56,0.0,0.5,27.28489408926105,21.420399999999997,86.65480518505498,72.99108000000004,12.244695054682287,11.301920796433539,3.2597819959327374,3.6799999999999997,36.72027753160953,29.28514255656761
Lincoln,2018,05-15,60,5,2.2508613546475433,1.0,historical_analogs,True,0,0.8903302964358898,0.03452408895785794,0.07514561460625233,0.4,0.2,0.4,0.008837153637195599,0.25999999999999995,0.0188662199927613,0.56,1.0,0.5,25.662034407000704,11.564399999999992,114.07424426921912,99.58176000000014,26.771631936243917,25.953925085133257,8.321488594352598,9.08,13.738870113288849,11.326920696382993
Lincoln,2018,05-15,90,5,2.2508613546475433,1.0,historical_analogs,True,0,0.623481240358762,0.001776702230633542,0.37474205741060457,0.4,0.2,0.4,0.14109899297705458,0.25999999999999995,0.28220114262492557,0.56,1.0,0.5,31.55272771314762,24.3024,70.14261189649412,56.45880000000027,20.715736287553295,16.263232599357316,5.116772393860986,4.720000000000001,20.121711336646925,36.95484300816348
Lincoln,2018,05-15,season,5,2.2508613546475433,1.0,historical_analogs,True,1,0.623481240358762,0.3013731450349858,0.07514561460625233,0.4,0.2,0.4,0.19718786023692583,0.15999999999999998,0.8824552029521586,0.9600000000000002,0.0,0.0,131.99599032522082,149.44519999999997,98.65634356020514,76.62383999999967,10.843764112662559,7.712653311715498,3.933182069606112,3.2,128.06279361338494,138.68866946010075
Lincoln,2018,06-01,30,5,2.386998076734221,1.25,historical_analogs,True,1,0.23768147792546107,0.1518441922249192,0.6104743298496197,0.4,0.2,0.4,0.21458569617708684,0.15999999999999998,1.1485396666167735,0.9600000000000002,0.0,0.0,68.82161659944884,60.17839999999998,24.91827325754052,15.035760000000046,8.569464689323437,7.356023411656203,1.7711803580618841,1.8399999999999999,70.87125646066151,59.47210552219901
Lincoln,2018,06-01,60,5,2.386998076734221,1.25,historical_analogs,True,0,0.360795183439085,0.028730486711295296,0.6104743298496197,0.4,0.2,0.4,0.3906308524600076,0.25999999999999995,0.7820871457866831,0.56,0.0,0.5,13.42476150640587,12.577600000000006,21.78307745684633,14.702399999999994,6.140348242350627,5.445573089041131,1.1911350200069055,1.04,20.23241807043503,18.460605862401387
Lincoln,2018,06-01,90,5,2.386998076734221,1.25,historical_analogs,True,0,0.360795183439085,0.028730486711295296,0.6104743298496197,0.4,0.2,0.4,0.3906308524600076,0.25999999999999995,0.7820871457866831,0.56,0.0,0.5,17.450159711748768,36.70679999999999,12.461093052434933,28.403999999999865,3.108697563010634,3.6865186201324764,1.481465411521076,1.600000000000001,21.309372604679275,24.173876829491803
Lincoln,2018,06-01,season,5,2.386998076734221,1.25,historical_analogs,True,0,0.360795183439085,0.028730486711295296,0.6104743298496197,0.4,0.2,0.4,0.3906308524600076,0.25999999999999995,0.7820871457866831,0.56,0.0,0.5,199.03286313694588,175.02999999999997,180.210482992365,160.72775999999965,5.4436056154070505,4.77203848821306,1.8726691860408389,2.0,205.56716801108615,170.32792897828392
Lincoln,2018,06-15,30,5,2.011784305048727,1.5625,historical_analogs,True,0,0.1937970394564982,0.055071078311077395,0.7511318822324244,0.4,0.2,0.4,0.607081159047566,0.25999999999999995,1.2171951417614766,0.56,0.0,0.5,7.5369568073808,35.45960000000001,37.14447017800326,9.88343999999997,12.538627677276336,9.954078035328937,4.469881358419098,3.8799999999999994,11.412346877936848,30.06924632774923
Lincoln,2018,06-15,60,5,2.011784305048727,1.5625,historical_analogs,True,0,0.24791389982769363,0.0009542179398819841,0.7511318822324244,0.4,0.2,0.4,0.5649163032892066,0.25999999999999995,1.12983351711029,0.56,0.0,0.5,21.034015817569518,18.55639999999999,13.184686686315,19.748159999999913,8.535807911878983,5.150095483280266,2.6367681411971544,1.7999999999999998,36.71133943029349,21.96309789352801
Lincoln,2018,06-15,90,5,2.011784305048727,1.5625,historical_analogs,True,0,0.24791389982769363,0.0009542179398819841,0.7511318822324244,0.4,0.2,0.4,0.5649163032892066,0.25999999999999995,1.12983351711029,0.56,0.0,0.5,157.00721384031078,190.27240000000006,15.10522518167329,26.688599999999898,10.60379142711852,5.576668240091152,3.1150051858593244,1.9599999999999995,154.0353335005496,178.52303986084496
Lincoln,2018,06-15,season,5,2.011784305048727,1.5625,historical_analogs,True,0,0.24791389982769363,0.0009542179398819841,0.7511318822324244,0.4,0.2,0.4,0.5649163032892066,0.25999999999999995,1.12983351711029,0.56,0.0,0.5,201.08055435817764,191.87199999999996,192.8927932705534,177.76007999999996,9.218818423863333,5.190516190762681,1.972675136972197,1.88,209.19441966938132,189.86067610928004
Lincoln,2018,07-01,30,5,2.7113900915760007,3.0517578125,historical_analogs,True,0,0.2383678145355453,0.034235120713231725,0.7273970647512229,0.4,0.2,0.4,0.5545950378720281,0.25999999999999995,1.1103621192343058,0.56,0.0,0.5,49.709740037938076,44.5432,23.102436047360932,18.603359999999945,1.3299205966031504,1.3868144394856756,1.1637384093077836,0.48,63.38823953088792,53.84434364870815
Lincoln,2018,07-01,60,5,2.7113900915760007,3.0517578125,historical_analogs,True,0,0.2383678145355453,0.034235120713231725,0.7273970647512229,0.4,0.2,0.4,0.5545950378720281,0.25999999999999995,1.1103621192343058,0.56,0.0,0.5,9.958888179305863,14.622799999999991,53.794477858294194,51.913439999999994,3.396625111131753,5.272571230606781,1.2864317160403287,1.8399999999999999,12.921516978174445,18.796632368701054
Lincoln,2018,07-01,90,5,2.7113900915760007,3.0517578125,historical_analogs,True,0,0.2383678145355453,0.034235120713231725,0.7273970647512229,0.4,0.2,0.4,0.5545950378720281,0.25999999999999995,1.1103621192343058,0.56,0.0,0.5,122.86294176552454,102.44160000000002,33.23540161360189,60.02064000000015,4.804760888095074,5.333355910803967,2.0568712938592455,2.0399999999999996,105.83818581429466,88.62979443529863
Lincoln,2018,07-01,season,5,2.7113900915760007,3.0517578125,historical_analogs,True,0,0.2383678145355453,0.034235120713231725,0.7273970647512229,0.4,0.2,0.4,0.5545950378720281,0.25999999999999995,1.1103621192343058,0.56,0.0,0.5,162.90590693070453,110.62280000000004,121.47544682379777,182.5905600000005,4.94084132262416,5.489491343377813,2.105798929894857,2.1599999999999997,157.09335000608522,110.42616196268277
Lincoln,2018,07-15,30,5,2.488960906459166,1.5625,historical_analogs,True,1,0.3025781456077222,0.5677222163008298,0.12969963809144808,0.4,0.2,0.4,0.05418776516023027,0.15999999999999998,0.29523961260032716,0.9600000000000002,1.0,0.0,16.63893533241172,16.515200000000004,39.19809578290921,42.580080000000095,2.908703461746434,3.4939768365129735,1.442923972357732,1.5200000000000005,26.277400662573147,24.511830072110925
Lincoln,2018,07-15,60,5,2.488960906459166,1.5625,historical_analogs,True,1,0.3025781456077222,0.5677222163008298,0.12969963809144808,0.4,0.2,0.4,0.05418776516023027,0.15999999999999998,0.29523961260032716,0.9600000000000002,1.0,0.0,157.14480245571303,145.36960000000005,53.38274353560644,44.37395999999974,22.07516426374979,12.774342338385678,7.407972023120326,4.319999999999999,156.04096593120744,137.50084735111938
Lincoln,2018,07-15,90,5,2.488960906459166,1.5625,historical_analogs,True,1,0.3025781456077222,0.5677222163008298,0.12969963809144808,0.4,0.2,0.4,0.05418776516023027,0.15999999999999998,0.29523961260032716,0.9600000000000002,1.0,0.0,194.45898575830603,131.6224,209.72352774454848,176.70060000000004,20.070897377544895,9.888270302221507,6.085225487973538,2.6399999999999992,206.93395927725894,138.25148626587233
Lincoln,2018,07-15,season,5,2.488960906459166,1.5625,historical_analogs,True,1,0.3025781456077222,0.5677222163008298,0.12969963809144808,0.4,0.2,0.4,0.05418776516023027,0.15999999999999998,0.29523961260032716,0.9600000000000002,1.0,0.0,203.76139547839955,139.3868,222.9475908553468,193.13928000000007,20.070897377544895,9.888270302221507,6.085225487973538,2.6399999999999992,216.18626590571563,144.5143580792412
Lincoln,2018,08-01,30,5,2.4561570326105775,1.5625,historical_analogs,True,2,0.7251128237811044,0.0003511769853319373,0.27453599923356364,0.4,0.2,0.4,0.5260433118099255,0.26000000000000006,1.0520867469451258,0.56,0.0,0.5,21.15975304284186,33.2552,26.9860098990511,13.63500000000006,10.096363900295575,5.436971631191336,3.2271542989531197,1.9200000000000002,24.955883954007714,33.93974013798213
Lincoln,2018,08-01,60,5,2.4561570326105775,1.5625,historical_analogs,True,2,0.7251128237811044,0.0003511769853319373,0.27453599923356364,0.4,0.2,0.4,0.5260433118099255,0.26000000000000006,1.0520867469451258,0.56,0.0,0.5,185.11718665068562,172.98119999999994,68.80119737758675,63.88379999999973,10.903628933483823,5.935601784758899,2.921017340445938,1.5599999999999996,199.10741975588587,179.00267595659815
Lincoln,2018,08-01,90,5,2.4561570326105775,1.5625,historical_analogs,True,2,0.7251128237811044,0.0003511769853319373,0.27453599923356364,0.4,0.2,0.4,0.5260433118099255,0.26000000000000006,1.0520867469451258,0.56,0.0,0.5,205.61806690043457,161.79080000000008,171.82242610194544,125.49491999999995,11.383821508298318,6.014776612866829,2.921017340445938,1.5599999999999996,225.19756941677764,171.45854328313007
Lincoln,2018,08-01,season,5,2.4561570326105775,1.5625,historical_analogs,True,2,0.7251128237811044,0.0003511769853319373,0.27453599923356364,0.4,0.2,0.4,0.5260433118099255,0.26000000000000006,1.0520867469451258,0.56,0.0,0.5,217.7567537686933,178.0308,170.54329765153506,147.55140000000011,11.332224391759501,5.989873997520862,2.921017340445938,1.5599999999999996,239.2722003215385,191.36342548512422
Lincoln,2018,08-15,30,5,2.8062248003341526,1.5625,historical_analogs,True,2,0.2967802329609329,0.010452789599695965,0.692766977439371,0.4,0.2,0.4,0.09123531841404275,0.26000000000000006,0.1825798976385011,0.56,1.0,0.5,180.39209793882836,186.9464,24.57718145945382,17.91216000000014,13.898304672638517,6.678300792297497,4.5621608453682185,2.2399999999999998,196.66071428347107,199.02226041444794
Lincoln,2018,08-15,60,5,2.8062248003341526,1.5625,historical_analogs,True,2,0.2967802329609329,0.010452789599695965,0.692766977439371,0.4,0.2,0.4,0.09123531841404275,0.26000000000000006,0.1825798976385011,0.56,1.0,0.5,224.47028772875782,187.1612,170.13393987866476,147.63276000000008,11.704218178045728,4.803817482411838,2.767166079957408,1.0399999999999996,252.7344993487466,207.6202618200985
Lincoln,2018,08-15,90,5,2.8062248003341526,1.5625,historical_analogs,True,2,0.2967802329609329,0.010452789599695965,0.692766977439371,0.4,0.2,0.4,0.09123531841404275,0.26000000000000006,0.1825798976385011,0.56,1.0,0.5,211.21381141052296,172.94359999999998,230.4934384805277,169.0963200000001,11.796480452187703,4.878312173394584,2.767166079957408,1.0399999999999996,242.44525427406126,193.5146744623573
Lincoln,2018,08-15,season,5,2.8062248003341526,1.5625,historical_analogs,True,2,0.2967802329609329,0.010452789599695965,0.692766977439371,0.4,0.2,0.4,0.09123531841404275,0.26000000000000006,0.1825798976385011,0.56,1.0,0.5,224.34932250993322,186.9572,174.60854407714712,153.4525200000001,11.704218178045728,4.803817482411838,2.767166079957408,1.0399999999999996,252.56628873744222,207.61173960822686
Lincoln,2019,05-01,30,5,3.6924689536009985,1.0,historical_analogs,True,1,0.369478469557759,0.27345197055885334,0.3570695598833876,0.4,0.2,0.4,0.13200650503103,0.15999999999999998,0.7918850491468733,0.9600000000000002,0.0,0.0,88.68876489924533,80.7364,38.996022841973186,56.14091999999993,0.9345155341719713,1.5699980604103851,0.017443921389000416,0.2799999999999998,23.59330493088926,23.319189552468288
Lincoln,2019,05-01,60,5,3.6924689536009985,1.0,historical_analogs,True,2,0.11124761492027113,0.29933190719315644,0.5894204778865724,0.4,0.2,0.4,0.09047578790216976,0.26000000000000006,0.27055116646823196,0.56,1.0,0.5,98.44976633662804,74.48639999999997,110.95277122407876,124.08588000000019,8.45142137911451,9.591542474497667,0.2854971136062754,0.4399999999999997,36.4174775452519,24.437722158974477
Lincoln,2019,05-01,90,5,3.6924689536009985,1.0,historical_analogs,True,1,0.3570695598833876,0.07014656236460252,0.5727838777520098,0.4,0.2,0.4,0.2277900206039727,0.15999999999999998,1.3202074566903115,0.9600000000000002,0.0,0.0,95.94245284012285,94.5896,102.66239175028022,117.19872000000032,0.4272748942802669,2.348001807049336,1.0096564430289292,1.3200000000000003,40.50651111117775,48.59484005309051
Lincoln,2019,05-01,season,5,3.6924689536009985,1.0,historical_analogs,True,1,0.38611506969232157,0.04110105255566861,0.5727838777520098,0.4,0.2,0.4,0.2385831088280678,0.15999999999999998,1.3966534090659823,0.9600000000000002,0.0,0.0,242.7834455476833,185.22960000000006,81.86712712410385,71.40276000000009,10.286591619024819,14.332288134956913,4.595379121982761,6.119999999999999,181.4708456359425,134.17198815551043
Lincoln,2019,05-15,30,5,2.915409220454355,1.0,historical_analogs,True,2,0.5121600468955163,9.593286538442631e-05,0.48774402023909913,0.4,0.2,0.4,0.2623570512184089,0.26000000000000006,0.5247141116399325,0.56,0.0,0.5,63.61928959861319,72.1132,76.82274329463604,76.18788000000004,7.229477354319211,5.803181697888198,1.330199471921423,1.2799999999999998,23.678292867794607,32.642120007112304
Lincoln,2019,05-15,60,5,2.915409220454355,1.0,historical_analogs,True,0,0.5344353122717749,0.07520807755605977,0.3903566101721652,0.4,0.2,0.4,0.18456438078229184,0.25999999999999995,0.3747850164942619,0.56,1.0,0.5,15.889615488823488,13.143599999999996,83.14615579117151,78.56927999999988,5.73771770107272,5.18180516595549,1.0807686087167467,0.9199999999999999,14.157243016050721,6.392494998751214
Lincoln,2019,05-15,90,5,2.915409220454355,1.0,historical_analogs,True,2,0.19710744714479528,0.4125359426830394,0.3903566101721652,0.4,0.2,0.4,0.20525820424035568,0.26000000000000006,0.5807023124860956,0.56,0.0,0.5,65.71011203339933,74.87519999999996,72.22360578111585,67.8463200000001,2.9711048512806357,5.442795797347246,2.0878125497839397,2.32,48.01228427121492,56.47565865939064
Lincoln,2019,05-15,season,5,2.915409220454355,1.0,historical_analogs,True,1,0.48774402023909913,0.1218993695887355,0.3903566101721652,0.4,0.2,0.4,0.19513625619205133,0.15999999999999998,1.1613332295127627,0.9600000000000002,0.0,0.0,178.79030870799886,148.42760000000004,39.22645063103847,43.83071999999991,7.045627881113645,14.010060367958138,3.4237362647866867,6.08,157.4351177273351,134.17198815551052
Lincoln,2019,06-01,30,5,2.208591008826908,1.0,historical_analogs,True,1,0.3894045714466997,0.026087761320596113,0.5845076672327041,0.4,0.2,0.4,0.24664256665870277,0.15999999999999998,1.4417901819669336,0.9600000000000002,0.0,0.0,9.390587217582171,6.658400000000004,69.11301567564179,52.17480000000013,7.030796976398522,6.7799164197550414,1.1822545136548306,0.3999999999999999,6.607338182144691,8.233768309393426
Lincoln,2019,06-01,60,5,2.208591008826908,1.0,historical_analogs,True,1,0.3620141773016062,0.05347815546568962,0.5845076672327041,0.4,0.2,0.4,0.2363517388105882,0.15999999999999998,1.3686070798018097,0.9600000000000002,0.0,0.0,12.199888688246382,12.577600000000002,78.13889145847608,34.15536000000012,1.1283076687943228,1.8958732922953372,2.0323960143562174,1.0399999999999998,12.365111143492648,18.610801317112106
Lincoln,2019,06-01,90,5,2.208591008826908,1.0,historical_analogs,True,2,0.3620141773016062,0.05347815546568962,0.5845076672327041,0.4,0.2,0.4,0.151844071577884,0.26000000000000006,0.3065480562677806,0.56,1.0,0.5,34.09383576536391,21.70199999999999,98.10060083988185,52.80335999999981,10.030248086213469,14.325780480703799,2.5998563567590525,3.04,51.46756803661924,26.538794195633038
Lincoln,2019,06-01,season,5,2.208591008826908,1.0,historical_analogs,True,2,0.3620141773016062,0.05347815546568962,0.5845076672327041,0.4,0.2,0.4,0.151844071577884,0.26000000000000006,0.3065480562677806,0.56,1.0,0.5,183.35140835754098,108.90520000000001,28.040043916545677,30.501359999999934,5.366046779137422,12.060506799318341,2.968719214237195,5.359999999999999,198.62533952683415,123.41030882053363
Lincoln,2019,06-15,30,5,2.1811317322788075,1.953125,historical_analogs,True,0,0.16927914995028787,0.640905637389072,0.18981521266064005,0.4,0.2,0.4,0.3630634728323601,0.25999999999999995,1.136886981701813,0.56,0.0,0.5,30.441928826099257,44.008399999999995,15.758342520296562,9.88343999999997,1.776514349957719,2.170251055851652,0.48332236613111557,0.5199999999999998,29.573192350456367,44.32454434121023
Lincoln,2019,06-15,60,5,2.1811317322788075,1.953125,historical_analogs,True,1,0.6440800080251801,0.16610477931417983,0.18981521266064005,0.4,0.2,0.4,0.22543443584756,0.15999999999999998,1.1462501107777727,0.9600000000000002,0.0,0.0,51.463782158512224,18.5564,18.517664446001284,12.35231999999985,9.101274552556655,3.180305120441373,4.49422489368377,1.3199999999999994,65.09812355392836,21.724554709103167
Lincoln,2019,06-15,90,5,2.1811317322788075,1.953125,historical_analogs,True,2,0.6440800080251801,0.16610477931417983,0.18981521266064005,0.4,0.2,0.4,0.5356192231869199,0.26000000000000006,1.0988292440848522,0.56,0.0,0.5,48.434308789200955,31.53159999999999,24.91622653297132,20.79180000000018,17.788835463273276,7.454854562868316,7.2099391430531155,2.9199999999999995,69.47059091427249,32.50595553169329
Lincoln,2019,06-15,season,5,2.1811317322788075,1.953125,historical_analogs,True,2,0.6440800080251801,0.16610477931417983,0.18981521266064005,0.4,0.2,0.4,0.5356192231869199,0.26000000000000006,1.0988292440848522,0.56,0.0,0.5,204.8022013410183,95.26719999999997,42.74877581308525,33.99911999999999,17.694576335797358,7.382521779432537,8.477327433070315,4.279999999999999,233.454203793102,106.29525136658847
Lincoln,2019,07-01,30,5,2.4847734639620715,1.0,historical_analogs,True,1,0.19819480637365094,0.587444100298761,0.21436109332758793,0.4,0.2,0.4,0.04261592980304395,0.15999999999999998,0.2554342299843866,0.9600000000000002,1.0,0.0,27.116007728356543,21.14319999999999,6.974731013720115,11.427839999999971,1.9722083483264194,4.288862160356591,1.3607048303478468,0.48,26.85125720606363,19.89406426048511
Lincoln,2019,07-01,60,5,2.4847734639620715,1.0,historical_analogs,True,2,0.19819480637365094,0.587444100298761,0.21436109332758793,0.4,0.2,0.4,0.32825483647545595,0.26000000000000006,1.0016002439267329,0.56,0.0,0.5,58.92718860474105,31.68679999999999,28.43931125053146,13.128479999999922,13.33249605242964,5.642402026739612,6.038766306718543,2.3199999999999994,77.20118389831799,41.73182409881473
Lincoln,2019,07-01,90,5,2.4847734639620715,1.0,historical_analogs,True,2,0.19819480637365094,0.587444100298761,0.21436109332758793,0.4,0.2,0.4,0.32825483647545595,0.26000000000000006,1.0016002439267329,0.56,0.0,0.5,108.81632871093325,50.476800000000026,30.645324651471526,55.281599999999585,15.364029509539913,5.5520371575140315,8.535338425154482,4.4399999999999995,128.96136676644127,57.848628539749
Lincoln,2019,07-01,season,5,2.4847734639620715,1.0,historical_analogs,True,2,0.19819480637365094,0.587444100298761,0.21436109332758793,0.4,0.2,0.4,0.32825483647545595,0.26000000000000006,1.0016002439267329,0.56,0.0,0.5,202.5074550274198,108.6356,30.2864041668994,35.356319999999904,14.890536659412675,5.621243672786492,8.617701360103561,4.5600000000000005,227.45341051738998,122.60719525071985
Lincoln,2019,07-15,30,5,3.802432639946771,1.0,historical_analogs,True,2,0.5413440272025654,0.07987289957393785,0.37878307322349686,0.4,0.2,0.4,0.3394819129507676,0.26000000000000006,0.6853435059878834,0.56,0.0,0.5,59.708880438362016,59.80640000000001,2.109809073915316,4.080239999999943,3.486335654787796,2.597832902169526,1.6308613313342084,1.04,60.54692638527907,60.261673910146115
Lincoln,2019,07-15,60,5,3.802432639946771,1.0,historical_analogs,True,2,0.5413440272025654,0.07987289957393785,0.37878307322349686,0.4,0.2,0.4,0.3394819129507676,0.26000000000000006,0.6853435059878834,0.56,0.0,0.5,41.081433406446166,31.24479999999997,18.136415240171004,16.514279999999882,7.656244542934332,7.337461241487633,2.7054088869331365,2.3999999999999995,52.47562359039338,39.610368850400334
Lincoln,2019,07-15,90,5,3.802432639946771,1.0,historical_analogs,True,2,0.5413440272025654,0.07987289957393785,0.37878307322349686,0.4,0.2,0.4,0.3394819129507676,0.26000000000000006,0.6853435059878834,0.56,0.0,0.5,191.82020945462006,138.41920000000005,35.73786327334832,40.61628000000002,8.066571717231298,7.451293189526308,3.3187244708494474,3.119999999999999,209.69525718509442,154.5409914369368
Lincoln,2019,07-15,season,5,3.802432639946771,1.0,historical_analogs,True,2,0.5413440272025654,0.07987289957393785,0.37878307322349686,0.4,0.2,0.4,0.3394819129507676,0.26000000000000006,0.6853435059878834,0.56,0.0,0.5,190.28377712537252,135.21080000000003,36.092477285701165,40.016880000000015,8.066571717231298,7.451293189526308,3.3187244708494474,3.119999999999999,206.9527699477905,148.6204916738492
Lincoln,2019,08-01,30,5,3.1830165486006994,1.0,historical_analogs,True,2,0.460835481996241,0.4357610783642145,0.10340343963954439,0.4,0.2,0.4,0.5081273667584539,0.26000000000000006,1.206142450934051,0.56,0.0,0.5,24.400766234831224,14.5976,10.490303280205836,15.077880000000098,10.373480268432406,11.588548066340515,3.0643032568994135,2.88,34.8801984831471,12.730779543713538
Lincoln,2019,08-01,60,5,3.1830165486006994,1.0,historical_analogs,True,2,0.7460024098172899,0.15059415054316555,0.10340343963954439,0.4,0.2,0.4,0.6802024937517019,0.26000000000000006,1.3830835856812216,0.56,0.0,0.5,68.3362019644143,44.21639999999999,74.56747774926757,46.66428000000025,5.8722198486709365,8.231341577044631,4.705843896052874,5.4,83.95986157124784,56.62533349944165
Lincoln,2019,08-01,90,5,3.1830165486006994,1.0,historical_analogs,True,2,0.7460024098172899,0.15059415054316555,0.10340343963954439,0.4,0.2,0.4,0.6802024937517019,0.26000000000000006,1.3830835856812216,0.56,0.0,0.5,139.1806607030099,81.28519999999997,71.2499152014679,61.40771999999993,5.930742974338765,8.833600220085138,4.705843896052874,5.4,158.5117698199549,96.65709877048089
Lincoln,2019,08-01,season,5,3.1830165486006994,1.0,historical_analogs,True,2,0.7460024098172899,0.15059415054316555,0.10340343963954439,0.4,0.2,0.4,0.6802024937517019,0.26000000000000006,1.3830835856812216,0.56,0.0,0.5,158.2156158985237,100.9524,46.0001366227779,39.274919999999966,5.893612369350894,8.80869760473917,4.705843896052874,5.4,177.9353616053421,115.68716140835967
Lincoln,2019,08-15,30,5,2.3843262428895344,2.44140625,historical_analogs,True,1,0.6340878764052603,0.1678645493026665,0.19804757429207326,0.4,0.2,0.4,0.22064513834355345,0.15999999999999998,1.1337396849943613,0.9600000000000002,0.0,0.0,24.26896507425966,26.861599999999996,45.15686041823138,11.898720000000015,6.68459322453023,7.033014279724565,2.6323750982344003,2.2399999999999998,12.393866295311142,19.626671699008092
Lincoln,2019,08-15,60,5,2.3843262428895344,2.44140625,historical_analogs,True,1,0.6340878764052603,0.1678645493026665,0.19804757429207326,0.4,0.2,0.4,0.22064513834355345,0.15999999999999998,1.1337396849943613,0.9600000000000002,0.0,0.0,118.01606960968311,89.846,71.49357565415838,35.757719999999914,2.3486333681791542,5.2482479340737775,3.313889510144001,3.92,132.6607820376845,101.34802805585743
Lincoln,2019,08-15,90,5,2.3843262428895344,2.44140625,historical_analogs,True,1,0.6340878764052603,0.1678645493026665,0.19804757429207326,0.4,0.2,0.4,0.22064513834355345,0.15999999999999998,1.1337396849943613,0.9600000000000002,0.0,0.0,98.39404898825731,65.13560000000001,52.26749975026808,73.53792000000003,2.3561444011088977,5.322742625056523,3.313889510144001,3.92,116.19751024041311,79.58816712967987
Lincoln,2019,08-15,season,5,2.3843262428895344,2.44140625,historical_analogs,True,1,0.6340878764052603,0.1678645493026665,0.19804757429207326,0.4,0.2,0.4,0.22064513834355345,0.15999999999999998,1.1337396849943613,0.9600000000000002,0.0,0.0,117.87466367778298,89.64199999999998,72.38429776212001,37.25747999999993,2.3486333681791542,5.2482479340737775,3.313889510144001,3.92,132.3947100974805,101.05706178722785
Lincoln,2020,05-01,30,5,4.2575019125319375,1.0,historical_analogs,True,1,0.33854241072122054,0.1413054153073845,0.520152173971395,0.4,0.2,0.4,0.19258462397205198,0.15999999999999998,1.1225256377245274,0.9600000000000002,0.0,0.0,34.4056860775476,28.315599999999996,67.70572041700893,78.67403999999998,1.7092587213274322,2.413776268422249,0.1047898318276288,0.2799999999999998,41.810717005943985,43.05188660884177
Lincoln,2020,05-01,60,5,4.2575019125319375,1.0,historical_analogs,True,1,0.33854241072122054,0.1413054153073845,0.520152173971395,0.4,0.2,0.4,0.19258462397205198,0.15999999999999998,1.1225256377245274,0.9600000000000002,0.0,0.0,24.21769821409528,19.747200000000007,38.55172571504039,40.63212000000016,1.8385860272632835,1.6220119921521725,2.232107941433088,2.36,15.085043275915233,13.299871049792955
Lincoln,2020,05-01,90,5,4.2575019125319375,1.0,historical_analogs,True,2,0.3636919568221521,0.07056287076217237,0.5657451724156756,0.4,0.2,0.4,0.16042454736870876,0.26000000000000006,0.32582821346761653,0.56,1.0,0.5,44.69255588763987,48.509599999999956,28.78319575798004,26.50032000000013,1.3543961413036456,2.855096885315719,5.017798296306778,5.640000000000001,55.639304345324334,68.30295196263936
Lincoln,2020,05-01,season,5,4.2575019125319375,1.0,historical_analogs,True,2,0.29294941227694,0.1413054153073845,0.5657451724156756,0.4,0.2,0.4,0.137198306716848,0.26000000000000006,0.2943638338288883,0.56,1.0,0.5,53.74679979700929,50.9016,111.22914106631023,121.93812000000015,10.989807674931114,15.209436082815866,6.294969845481999,8.04,47.62706802712758,51.29981646177151
Lincoln,2020,05-15,30,5,2.639794706632147,1.0,historical_analogs,True,0,0.10114464599896689,0.42016404244216865,0.47869131155886435,0.4,0.2,0.4,0.5185431595891342,0.25999999999999995,1.213624141739613,0.56,0.0,0.5,18.540254469631755,19.937199999999997,25.5575618750736,15.431400000000018,5.444752572074442,4.378133367397783,0.49268984457533904,0.31999999999999984,11.791137247357028,19.744436505774544
Lincoln,2020,05-15,60,5,2.639794706632147,1.0,historical_analogs,True,2,0.5373084155867018,0.42016404244216865,0.04252754197112943,0.4,0.2,0.4,0.6027269206720696,0.26000000000000006,1.3819916639054837,0.56,0.0,0.5,19.71663423560277,18.289200000000008,52.00449140229897,35.127360000000024,2.6421591434096765,2.36721928220705,2.6715004205694766,2.840000000000001,41.92216169502952,32.04463018264811
Lincoln,2020,05-15,90,5,2.639794706632147,1.0,historical_analogs,True,2,0.14366586682695515,0.42016404244216865,0.4361700907308761,0.4,0.2,0.4,0.1692720239387844,0.26000000000000006,0.5150818704389134,0.56,1.0,0.5,37.79549347861291,47.58240000000002,40.69015240184871,24.07607999999986,4.855147405665824,6.862517040827544,6.062330554122081,6.640000000000001,50.77557538950161,67.13446178836024
Lincoln,2020,05-15,season,5,2.639794706632147,1.0,historical_analogs,True,2,0.4626884238417275,0.1011414854273963,0.4361700907308761,0.4,0.2,0.4,0.2659923720717852,0.26000000000000006,0.5422143442180307,0.56,0.0,0.5,76.32550973441282,48.46760000000002,50.76197815968842,56.15567999999975,6.621008722661073,14.827754481436571,4.6142240122508476,8.0,71.4735142348595,51.29981646177151
Lincoln,2020,06-01,30,5,3.790598662331386,1.0,historical_analogs,True,2,0.592362917230551,0.2579725555234185,0.14966452724603047,0.4,0.2,0.4,0.5369821209668028,0.26000000000000006,1.1405140813368888,0.56,0.0,0.5,17.924731298233176,15.307999999999998,41.74894888182611,40.34231999999982,2.1386648343411494,1.9232048716877541,1.5410647009999494,1.8400000000000003,13.895249553498296,12.699046327756221
Lincoln,2020,06-01,60,5,3.790598662331386,1.0,historical_analogs,True,2,0.3440226452672257,0.35939008842595443,0.2965872663068198,0.4,0.2,0.4,0.3065705271891861,0.26000000000000006,0.7423022900371875,0.56,0.0,0.5,31.09717152079964,18.903999999999993,69.58782841288007,77.0832,2.480563600911538,1.9145442422108072,5.913840622165508,5.360000000000001,32.506937333386944,20.17599759768808
Lincoln,2020,06-01,90,5,3.790598662331386,1.0,historical_analogs,True,2,0.4704399048885836,0.23297282880459655,0.2965872663068198,0.4,0.2,0.4,0.3580515890166462,0.26000000000000006,0.7703795169945082,0.56,0.0,0.5,23.275695913188393,21.701999999999998,29.09373849742598,42.37056000000018,9.158056465437646,8.100350315220028,6.619273371888379,5.92,32.39301182344728,24.939813995274804
Lincoln,2020,06-01,season,5,3.790598662331386,1.0,historical_analogs,True,2,0.4704399048885836,0.23297282880459655,0.2965872663068198,0.4,0.2,0.4,0.3580515890166462,0.26000000000000006,0.7703795169945082,0.56,0.0,0.5,44.23957506162071,50.028399999999976,65.9409385411468,48.105360000000026,12.538469072431063,12.35258511784108,7.314902335354625,7.279999999999999,54.851359947512165,51.63151535686187
Lincoln,2020,06-15,30,5,3.648436654559509,1.0,historical_analogs,True,2,0.2162574362934005,0.3789717983627056,0.40477076534389383,0.4,0.2,0.4,0.200532560270744,0.26000000000000006,0.5446847444957512,0.56,1.0,0.5,20.60921159117435,18.880399999999995,10.287811811195606,10.496880000000033,5.165290858392444,5.396907174437793,3.0938661570469423,2.92,23.229329988111033,19.515292990982935
Lincoln,2020,06-15,60,5,3.648436654559509,1.0,historical_analogs,True,2,0.4608673751268987,0.3789717983627056,0.1601608265103957,0.4,0.2,0.4,0.45886428739202956,0.26000000000000006,1.0613481987383224,0.56,0.0,0.5,50.05385072676431,25.137199999999993,16.281753647456974,18.21455999999983,14.545766378895479,12.757747600581158,7.2646918899692245,6.120000000000001,72.5081077459036,41.213350276347406
Lincoln,2020,06-15,90,5,3.648436654559509,1.0,historical_analogs,True,2,0.4608673751268987,0.3789717983627056,0.1601608265103957,0.4,0.2,0.4,0.45886428739202956,0.26000000000000006,1.0613481987383224,0.56,0.0,0.5,47.01623334797189,31.531599999999983,84.1908683495694,65.84508000000035,18.27943020346191,14.243389455538681,7.422454060006722,5.800000000000001,58.059998193498835,33.01826371758378
Lincoln,2020,06-15,season,5,3.648436654559509,1.0,historical_analogs,True,2,0.4608673751268987,0.3789717983627056,0.1601608265103957,0.4,0.2,0.4,0.45886428739202956,0.26000000000000006,1.0613481987383224,0.56,0.0,0.5,41.86092734596245,51.7552,114.56118681716181,87.77447999999987,23.51368179677479,20.10891954718663,9.018439784993475,7.16,53.332756238626445,51.4575064189506
Lincoln,2020,07-01,30,5,2.670246528660332,1.5625,historical_analogs,True,2,0.5433023498282058,0.04875790913450339,0.4079397410372908,0.4,0.2,0.4,0.32285639678592015,0.26000000000000006,0.6480901272750088,0.56,0.0,0.5,18.417407862770588,16.6312,29.91206953524133,26.31887999999993,3.1625877134448737,3.8665438523761546,3.023120871285384,2.88,21.304360680749745,20.68348366287326
Lincoln,2020,07-01,60,5,2.670246528660332,1.5625,historical_analogs,True,2,0.055890187170460244,0.536170071792249,0.4079397410372908,0.4,0.2,0.4,0.17682953163246967,0.26000000000000006,0.6411374091506448,0.56,0.0,0.5,14.734027025922295,14.622799999999994,12.528600262639847,13.128479999999922,10.791571994452852,8.297585284680602,4.035701543434744,3.2799999999999994,20.99523694520451,18.60536635745749
Lincoln,2020,07-01,90,5,2.670246528660332,1.5625,historical_analogs,True,2,0.055890187170460244,0.536170071792249,0.4079397410372908,0.4,0.2,0.4,0.17682953163246967,0.26000000000000006,0.6411374091506448,0.56,0.0,0.5,19.3617888024661,34.02719999999999,149.88806112649874,114.77232000000028,15.575864358257064,14.176965573324264,4.198208273851859,4.4399999999999995,24.54150413504948,33.771940282449485
Lincoln,2020,07-01,season,5,2.670246528660332,1.5625,historical_analogs,True,2,0.055890187170460244,0.536170071792249,0.4079397410372908,0.4,0.2,0.4,0.17682953163246967,0.26000000000000006,0.6411374091506448,0.56,0.0,0.5,22.497275565947014,51.82759999999999,148.24370640568418,95.27471999999987,15.678298158476025,14.793935414733998,4.247100859762487,4.5600000000000005,27.5791087123146,52.11130567329599
Lincoln,2020,07-15,30,5,4.9218089461325505,1.0,historical_analogs,True,2,0.4472611524846928,0.17406924330222526,0.37866960421308204,0.4,0.2,0.4,0.2930469996253319,0.26000000000000006,0.616394100714473,0.56,0.0,0.5,26.277943386698453,25.4192,3.833927817761598,4.080239999999941,6.123837764089103,5.5542039542395445,2.7123899686763804,2.4800000000000004,35.54159047155183,34.34614031759112
Lincoln,2020,07-15,60,5,4.9218089461325505,1.0,historical_analogs,True,2,0.4472611524846928,0.17406924330222526,0.37866960421308204,0.4,0.2,0.4,0.2930469996253319,0.26000000000000006,0.616394100714473,0.56,0.0,0.5,17.810542887129785,17.588799999999985,87.72033179855707,84.75731999999998,7.615176641866697,7.402172901765384,2.482722567268266,2.3999999999999995,24.453226878586257,23.65281252036415
Lincoln,2020,07-15,90,5,4.9218089461325505,1.0,historical_analogs,True,2,0.4472611524846928,0.17406924330222526,0.37866960421308204,0.4,0.2,0.4,0.2930469996253319,0.26000000000000006,0.616394100714473,0.56,0.0,0.5,40.43766880060949,42.481599999999986,109.75753363059982,104.26283999999993,11.499020019442385,11.081602272470342,3.1908253616679376,3.119999999999999,42.822551753649606,43.28005661459949
Lincoln,2020,07-15,season,5,4.9218089461325505,1.0,historical_analogs,True,2,0.4472611524846928,0.17406924330222526,0.37866960421308204,0.4,0.2,0.4,0.2930469996253319,0.26000000000000006,0.616394100714473,0.56,0.0,0.5,41.55081828207288,43.890799999999984,110.04264920839273,104.38055999999997,11.499020019442385,11.081602272470342,3.1908253616679376,3.119999999999999,44.56588966943872,45.42076373540834
Lincoln,2020,08-01,30,5,4.623708915414114,1.0,historical_analogs,True,1,0.4654697381812666,0.13598387858496613,0.39854638323376723,0.4,0.2,0.4,0.18775064837562686,0.15999999999999998,1.1220251548163322,0.9600000000000002,0.0,0.0,26.04244934155838,33.130400000000016,13.079035304203632,13.617719999999975,5.57902381290827,5.331981438686195,1.6160101684815051,1.4400000000000002,30.43388691462287,36.29527938048804
Lincoln,2020,08-01,60,5,4.623708915414114,1.0,historical_analogs,True,1,0.4654697381812666,0.2544772309535906,0.28005303086514277,0.4,0.2,0.4,0.14754588862964474,0.15999999999999998,0.8508959764259154,0.9600000000000002,0.0,0.0,30.519379141436374,35.91719999999998,169.3687931789371,161.7317999999999,8.943197608737691,9.059555379222328,2.580616299396952,2.5199999999999996,30.66909408188664,33.95002454151377
Lincoln,2020,08-01,90,5,4.623708915414114,1.0,historical_analogs,True,1,0.4654697381812666,0.2544772309535906,0.28005303086514277,0.4,0.2,0.4,0.14754588862964474,0.15999999999999998,0.8508959764259154,0.9600000000000002,0.0,0.0,68.55273648517064,77.50280000000002,199.39845625429507,186.86483999999984,8.728469949424875,8.989551883932188,2.580616299396952,2.5199999999999996,68.01970726714848,73.93607281130642
Lincoln,2020,08-01,season,5,4.623708915414114,1.0,historical_analogs,True,1,0.4654697381812666,0.2544772309535906,0.28005303086514277,0.4,0.2,0.4,0.14754588862964474,0.15999999999999998,0.8508959764259154,0.9600000000000002,0.0,0.0,53.188797066213155,60.46439999999997,125.71247346373802,112.45572000000011,8.692855042068585,8.964649268586218,2.580616299396952,2.5199999999999996,55.21236107805488,60.78616167815706
Lincoln,2020,08-15,30,5,2.629118931657973,1.0,historical_analogs,True,0,0.2665775601623842,0.09325331925234819,0.6401691205852676,0.4,0.2,0.4,0.473862489104138,0.25999999999999995,0.9564211597598564,0.56,0.0,0.5,11.165703953299307,16.49839999999999,116.05264661937575,107.64719999999997,7.0334015978960895,3.4963262852913264,1.9668705645207445,0.8,6.25925470831254,14.85219399171752
Lincoln,2020,08-15,60,5,2.629118931657973,1.0,historical_analogs,True,0,0.2665775601623842,0.09325331925234819,0.6401691205852676,0.4,0.2,0.4,0.473862489104138,0.25999999999999995,0.9564211597598564,0.56,0.0,0.5,61.348136393764314,51.801199999999994,130.12466446555845,100.06955999999992,8.410391616394696,4.4720393315152185,2.465793203461406,1.0399999999999996,57.61761646486748,53.48196943003485
Lincoln,2020,08-15,90,5,2.629118931657973,1.0,historical_analogs,True,0,0.2665775601623842,0.09325331925234819,0.6401691205852676,0.4,0.2,0.4,0.473862489104138,0.25999999999999995,0.9564211597598564,0.56,0.0,0.5,53.489617243761806,60.993199999999995,133.7284166994914,109.51488000000002,8.436495803216744,4.546534022497964,2.465793203461406,1.0399999999999996,44.174657114017236,60.5800712747678
Lincoln,2020,08-15,season,5,2.629118931657973,1.0,historical_analogs,True,0,0.2665775601623842,0.09325331925234819,0.6401691205852676,0.4,0.2,0.4,0.473862489104138,0.25999999999999995,0.9564211597598564,0.56,0.0,0.5,61.5294381918082,52.08680000000001,130.2196118579025,102.52835999999995,8.410391616394696,4.4720393315152185,2.465793203461406,1.0399999999999996,57.887267555644186,53.75884657286518
Lincoln,2021,05-01,30,5,2.4656644090111692,1.0,historical_analogs,True,2,0.13488676406264652,0.05156275457740728,0.8135504813599463,0.4,0.2,0.4,0.02647893106019992,0.26000000000000006,0.05561657978000972,0.56,1.0,0.5,66.24069343333154,28.315600000000003,27.13999198291364,39.96252,1.0427250078513148,2.3779566561572816,0.003199260211356858,0.2799999999999998,28.8451103933167,14.247984812228758
Lincoln,2021,05-01,60,5,2.4656644090111692,1.0,historical_analogs,True,2,0.1819820538209075,0.004467464819146271,0.8135504813599463,0.4,0.2,0.4,0.03394044545699172,0.26000000000000006,0.0679008491558937,0.56,1.0,0.5,52.880553052788635,33.024000000000015,41.905738147787346,32.82156000000008,3.069758842370166,1.6220119921521716,1.107365322750408,0.9199999999999999,25.575923793164424,16.2850686426414
Lincoln,2021,05-01,90,5,2.4656644090111692,1.0,historical_analogs,True,0,0.056030219396553546,0.5725312882059167,0.37143849239752985,0.4,0.2,0.4,0.5145227501635343,0.25999999999999995,1.356837576301795,0.56,0.0,0.5,136.56189933302542,86.7656,33.16242466251106,40.26816000000011,0.9772378416722598,2.348001807049336,2.1556847131054218,1.3200000000000007,109.62750289358645,65.10787020331406
Lincoln,2021,05-01,season,5,2.4656644090111692,1.0,historical_analogs,True,0,0.056030219396553546,0.5725312882059167,0.37143849239752985,0.4,0.2,0.4,0.5145227501635343,0.25999999999999995,1.356837576301795,0.56,0.0,0.5,149.95391136806887,81.49199999999999,103.4650212209879,52.42499999999997,11.831736544374404,5.959616181819847,5.468090088635259,2.2799999999999994,142.47843637054044,88.28923101992969
Lincoln,2021,05-15,30,5,3.3262452569981673,1.0,historical_analogs,True,1,0.5529173737794268,0.0032098759493297928,0.4438727502712434,0.4,0.2,0.4,0.25137032033024803,0.15999999999999998,1.4963311920654467,0.9600000000000002,0.0,0.0,22.164089908792253,12.626800000000003,20.771248369584086,15.431400000000021,2.998921577088116,1.8795755296806496,0.8937559567785387,0.7999999999999997,19.791847487146054,14.543327879720614
Lincoln,2021,05-15,60,5,3.3262452569981673,1.0,historical_analogs,True,1,0.6411181271252406,0.06559133048222496,0.2932905423925344,0.4,0.2,0.4,0.2485258975927416,0.15999999999999998,1.3701713568554619,0.9600000000000002,0.0,0.0,66.24268655305086,51.77399999999999,29.573855910957526,14.883839999999928,3.179553655676612,2.3672192822070492,1.7153772843143265,1.3999999999999995,42.62322596629894,43.947759535611326
Lincoln,2021,05-15,90,5,3.3262452569981673,1.0,historical_analogs,True,1,0.3284280378184472,0.0032098759493297928,0.668362086232223,0.4,0.2,0.4,0.27728642716898244,0.15999999999999998,1.5481634057429154,0.9600000000000002,0.0,0.0,78.14773476094061,48.1824,23.661467011927574,14.14007999999994,4.602835000322772,5.4427957973472445,2.327864763628247,2.32,61.76067455537704,40.916779083565814
Lincoln,2021,05-15,season,5,3.3262452569981673,1.0,historical_analogs,True,0,0.3284280378184472,0.3782814197890184,0.2932905423925344,0.4,0.2,0.4,0.268514121322644,0.25999999999999995,0.6801250752028836,0.56,0.0,0.5,151.5139829252259,82.59559999999999,140.46362937785432,83.32847999999981,8.915569450537113,5.60766149763081,4.089181383660721,2.24,158.95209120191294,88.28923101992966
Lincoln,2021,06-01,30,5,4.619238068873337,1.0,historical_analogs,True,0,0.35723513834225407,0.21546992695972586,0.42729493469802,0.4,0.2,0.4,0.2978638143002432,0.25999999999999995,0.642154918024516,0.56,0.0,0.5,8.243708406821472,6.6583999999999985,9.94201283424157,13.091760000000015,1.4786488881376445,1.9020983260869788,0.9783276803779295,0.8799999999999997,8.97952120377628,8.231868103510832
Lincoln,2021,06-01,60,5,4.619238068873337,1.0,historical_analogs,True,1,0.47389891071304124,0.09880615458893865,0.42729493469802,0.4,0.2,0.4,0.20358056939679617,0.15999999999999998,1.219311485800368,0.9600000000000002,0.0,0.0,31.460887295907426,36.087999999999994,12.139441540179781,14.702399999999994,1.9871404567035786,1.8958732922953363,0.9801101095713114,1.04,34.00298293158396,40.03370464078672
Lincoln,2021,06-01,90,5,4.619238068873337,1.0,historical_analogs,True,1,0.47389891071304124,0.18033115392496957,0.3457699353619891,0.4,0.2,0.4,0.1720685128876206,0.15999999999999998,1.015994043001213,0.9600000000000002,0.0,0.0,33.6146601159642,38.51640000000001,29.484783411082873,39.59712000000007,5.291580037558256,6.270068783907012,2.7735589296872645,3.039999999999999,43.13983358444581,51.124658697488314
Lincoln,2021,06-01,season,5,4.619238068873337,1.0,historical_analogs,True,1,0.47389891071304124,0.18033115392496957,0.3457699353619891,0.4,0.2,0.4,0.1720685128876206,0.15999999999999998,1.015994043001213,0.9600000000000002,0.0,0.0,46.550374625707065,60.50679999999994,87.18639183831986,92.13480000000008,4.464140685103542,4.7720384882130595,1.933879574409842,1.9999999999999996,57.09175153116536,72.27787415636568
Lincoln,2021,06-15,30,5,4.3899167291159795,1.0,historical_analogs,True,1,0.25433884143521,0.256383049351055,0.489278109213735,0.4,0.2,0.4,0.15204065720918628,0.15999999999999998,0.857047483710808,0.9600000000000002,0.0,0.0,32.01232708122866,26.43079999999999,20.853980053964403,18.04823999999991,2.0453986430605124,2.1702510558516517,0.7005806287359608,0.5199999999999998,30.16477275221861,24.885973657394707
Lincoln,2021,06-15,60,5,4.3899167291159795,1.0,historical_analogs,True,1,0.4439581410126566,0.06676374977360838,0.489278109213735,0.4,0.2,0.4,0.21824594956359078,0.15999999999999998,1.3074217978637976,0.9600000000000002,0.0,0.0,47.04473294816522,49.88119999999999,14.687489511171314,12.352319999999853,4.276468782477689,3.180305120441373,1.8279966293318215,1.3200000000000007,51.85993735588874,53.95900873773748
Lincoln,2021,06-15,90,5,4.3899167291159795,1.0,historical_analogs,True,1,0.4439581410126566,0.20773283348245558,0.3483090255048878,0.4,0.2,0.4,0.15920900410978922,0.15999999999999998,0.946105271361317,0.9600000000000002,0.0,0.0,50.49598661848196,50.054799999999965,49.64595707115325,47.26475999999977,5.607096507155985,5.57666824009115,2.017486371110206,1.96,59.69640921206192,59.884550834419514
Lincoln,2021,06-15,season,5,4.3899167291159795,1.0,historical_analogs,True,1,0.4439581410126566,0.20773283348245558,0.3483090255048878,0.4,0.2,0.4,0.15920900410978922,0.15999999999999998,0.946105271361317,0.9600000000000002,0.0,0.0,54.08872459865543,74.91999999999996,68.40546383240579,66.9304800000002,5.8736843759979465,5.190516190762679,2.022503881490413,1.88,64.25067676036858,85.3233945538287
Lincoln,2021,07-01,30,5,3.9666289468103004,1.0,historical_analogs,True,0,0.297595448120268,0.08468125431646344,0.6177232975632685,0.4,0.2,0.4,0.4374771134269027,0.25999999999999995,0.882125141686415,0.56,0.0,0.5,34.49306534712178,26.744799999999998,14.331480681866475,11.427839999999966,1.1237225278157017,1.3868144394856752,1.3158365099386646,0.96,36.71718865355561,27.569548290214136
Lincoln,2021,07-01,60,5,3.9666289468103004,1.0,historical_analogs,True,0,0.297595448120268,0.2824834626022362,0.4199210892774957,0.4,0.2,0.4,0.3348529378606828,0.25999999999999995,0.7495027823651146,0.56,0.0,0.5,21.85952984534349,22.787599999999998,23.472692933834182,28.144799999999975,4.691909105470293,5.75723794526586,2.5601510928406874,2.8000000000000007,30.651967854538732,29.27570329966982
Lincoln,2021,07-01,90,5,3.9666289468103004,1.0,historical_analogs,True,0,0.297595448120268,0.2824834626022362,0.4199210892774957,0.4,0.2,0.4,0.3348529378606828,0.25999999999999995,0.7495027823651146,0.56,0.0,0.5,28.244948517515283,44.0256,39.6961123730909,29.871359999999967,5.129716628456441,5.333355910803966,2.0470112749710987,2.0399999999999996,38.25952887968934,53.16242176642655
Lincoln,2021,07-01,season,5,3.9666289468103004,1.0,historical_analogs,True,0,0.297595448120268,0.2824834626022362,0.4199210892774957,0.4,0.2,0.4,0.3348529378606828,0.25999999999999995,0.7495027823651146,0.56,0.0,0.5,25.13316718970377,53.65639999999999,62.5956414890735,63.01295999999946,5.778493663313004,5.489491343377813,2.2476362289170067,2.1599999999999997,34.58933812897787,62.411926765992504
Lincoln,2021,07-15,30,5,4.316724177133021,1.0,historical_analogs,True,0,0.22351900432338181,0.2128533387263021,0.5636276569503161,0.4,0.2,0.4,0.46029943616312774,0.25999999999999995,0.9659054161331895,0.56,0.0,0.5,26.044860157602947,16.2752,2.8955670976390184,4.291919999999793,3.4460737915901833,3.3330558731269972,1.5712593232585519,1.52,36.48822364197079,22.914029727586147
Lincoln,2021,07-15,60,5,4.316724177133021,1.0,historical_analogs,True,0,0.22351900432338181,0.2128533387263021,0.5636276569503161,0.4,0.2,0.4,0.46029943616312774,0.25999999999999995,0.9659054161331895,0.56,0.0,0.5,26.344034763811667,28.926399999999987,69.49733811648048,65.58515999999997,8.250459539815324,7.337461241487633,2.5489757269050672,2.4000000000000004,33.13129927606251,34.821923459908675
Lincoln,2021,07-15,90,5,4.316724177133021,1.0,historical_analogs,True,0,0.22351900432338181,0.2128533387263021,0.5636276569503161,0.4,0.2,0.4,0.46029943616312774,0.25999999999999995,0.9659054161331895,0.56,0.0,0.5,36.47065113186841,45.28959999999998,85.87022588513699,83.43179999999984,8.27621307502631,7.451293189526309,2.9539946991230703,2.639999999999999,45.977200084337795,53.24538499258054
Lincoln,2021,07-15,season,5,4.316724177133021,1.0,historical_analogs,True,0,0.22351900432338181,0.2128533387263021,0.5636276569503161,0.4,0.2,0.4,0.46029943616312774,0.25999999999999995,0.9659054161331895,0.56,0.0,0.5,36.68277828860468,46.20919999999998,86.10865880723725,83.55815999999967,8.27621307502631,7.451293189526309,2.9539946991230703,2.639999999999999,46.61236722946059,54.81987223843569
Lincoln,2021,08-01,30,5,4.209811400441547,1.0,historical_analogs,True,1,0.32683255102695263,0.2281135665090182,0.44505388246402927,0.4,0.2,0.4,0.15244623735354573,0.15999999999999998,0.9007011409145195,0.9600000000000002,0.0,0.0,15.938966087292961,14.597600000000003,49.72182747118631,45.831960000000116,6.674773599855867,5.586972316352951,1.726528650017325,1.44,15.581757717932533,12.624877524794222
Lincoln,2021,08-01,60,5,4.209811400441547,1.0,historical_analogs,True,2,0.29860135668792337,0.1273537504486215,0.5740448928634552,0.4,0.2,0.4,0.1353002617557869,0.26000000000000006,0.2868195012649036,0.56,1.0,0.5,34.6573229258883,21.781199999999984,53.633730930938086,32.69340000000015,6.55244392273314,5.935601784758897,1.243450658922554,1.5599999999999996,36.66668061377112,23.351187752097196
Lincoln,2021,08-01,90,5,4.209811400441547,1.0,historical_analogs,True,2,0.29860135668792337,0.1273537504486215,0.5740448928634552,0.4,0.2,0.4,0.1353002617557869,0.26000000000000006,0.2868195012649036,0.56,1.0,0.5,54.92510040903662,47.152399999999986,102.8202075925922,69.82307999999998,6.351206871545093,6.014776612866829,1.243450658922554,1.5599999999999996,59.06149056809738,51.42552388867611
Lincoln,2021,08-01,season,5,4.209811400441547,1.0,historical_analogs,True,2,0.29860135668792337,0.1273537504486215,0.5740448928634552,0.4,0.2,0.4,0.1353002617557869,0.26000000000000006,0.2868195012649036,0.56,1.0,0.5,50.09884189270747,38.158799999999985,111.22140977313401,79.37747999999988,6.331109495449571,5.989873997520862,1.243450658922554,1.5599999999999996,53.99353243709561,41.137997461245234
Lincoln,2021,08-15,30,5,3.2442496995952586,1.0,historical_analogs,True,1,0.43504746187279947,0.15158555299944884,0.4133669851277516,0.4,0.2,0.4,0.18006927923778593,0.15999999999999998,1.0799456323548227,0.9600000000000002,0.0,0.0,11.55971105888666,18.936799999999984,46.504461489302685,48.6100799999999,4.128612482105757,5.379549393843219,1.0957483188139123,1.2799999999999996,22.147539717289767,24.18952822582216
Lincoln,2021,08-15,60,5,3.2442496995952586,1.0,historical_analogs,True,1,0.2683495430734967,0.31828347179875166,0.4133669851277516,0.4,0.2,0.4,0.12144187083068068,0.15999999999999998,0.7076211664841247,0.9600000000000002,0.0,0.0,11.76447670968247,31.689199999999985,51.54451214809097,74.61179999999975,4.861629669881958,4.961113676683575,1.3633480839775545,1.0399999999999996,17.35181825586276,36.41667366278739
Lincoln,2021,08-15,90,5,3.2442496995952586,1.0,historical_analogs,True,1,0.2683495430734967,0.31828347179875166,0.4133669851277516,0.4,0.2,0.4,0.12144187083068068,0.15999999999999998,0.7076211664841247,0.9600000000000002,0.0,0.0,67.94008144136812,46.977199999999996,52.39743990693319,73.53792000000003,4.833042051300284,4.8653956897215185,1.3633480839775545,1.0399999999999996,77.8349779073656,54.084797499809724
Lincoln,2021,08-15,season,5,3.2442496995952586,1.0,historical_analogs,True,1,0.2683495430734967,0.31828347179875166,0.4133669851277516,0.4,0.2,0.4,0.12144187083068068,0.15999999999999998,0.7076211664841247,0.9600000000000002,0.0,0.0,11.631973531902986,31.485200000000006,53.943452748489086,74.9149199999997,4.861629669881958,4.961113676683575,1.3633480839775545,1.0399999999999996,17.804592471968018,36.56459920783327
Lincoln,2022,05-01,30,5,2.0937481648251435,1.25,historical_analogs,True,0,0.16470693882299733,0.1556288849536142,0.6796641762233884,0.4,0.2,0.4,0.5798289452459325,0.25999999999999995,1.1838782403237702,0.56,0.0,0.5,35.19999904586135,32.218,51.74827011836369,39.96252,5.173824536342828,2.7516523974704876,0.9483959569413883,0.7599999999999998,11.457960606328669,14.247984812228758
Lincoln,2022,05-01,60,5,2.0937481648251435,1.25,historical_analogs,True,0,0.19178264047954346,0.6523724814913937,0.15584487802906272,0.4,0.2,0.4,0.33875146311905613,0.25999999999999995,1.103092780845351,0.56,0.0,0.5,28.850699926554526,19.747200000000007,30.12179775435046,32.821560000000076,2.0050402053979273,2.2753031214592774,0.5197821179139852,0.4399999999999997,5.661029781805285,13.299871049792955
Lincoln,2022,05-01,90,5,2.0937481648251435,1.25,historical_analogs,True,1,0.6796641762233884,0.1556288849536142,0.16470693882299733,0.4,0.2,0.4,0.24453588406892987,0.15999999999999998,1.2020343480625366,0.9600000000000002,0.0,0.0,45.818286553845866,20.952800000000003,48.065083841210104,26.50032000000013,9.216774653349919,6.959139898748251,1.288983497558804,1.8000000000000003,29.143281903509624,22.233706001334458
Lincoln,2022,05-01,season,5,2.0937481648251435,1.25,historical_analogs,True,0,0.6796641762233884,0.1556288849536142,0.16470693882299733,0.4,0.2,0.4,0.06487170784554148,0.25999999999999995,0.15396376552298824,0.56,1.0,0.5,19.76507165387357,83.48880000000001,40.166854946441745,62.7627600000003,24.693967826289764,21.323341040682333,9.711992382079313,9.0,88.4738926199409,156.0526326135236
Lincoln,2022,05-15,30,5,2.988282589367227,1.953125,historical_analogs,True,2,0.2859974844578525,0.04237216868909093,0.6716303468530566,0.4,0.2,0.4,0.09481059511203177,0.26000000000000006,0.1914165909034803,0.56,1.0,0.5,23.258748504500485,12.6268,21.774886153761873,28.279079999999944,2.0731972652674955,1.8795755296806487,0.37036218273355526,0.31999999999999984,11.361764547439538,14.543327879720618
Lincoln,2022,05-15,60,5,2.988282589367227,1.953125,historical_analogs,True,1,0.6229153316598629,0.156948253933711,0.22013641440642603,0.4,0.2,0.4,0.2182417756823174,0.15999999999999998,1.1472197979100534,0.9600000000000002,0.0,0.0,24.095242258770206,16.935599999999997,25.654518333369033,14.883839999999935,2.9910256015632353,2.531639406182407,0.7671951886224075,0.9199999999999999,5.610377515644634,6.392494998751218
Lincoln,2022,05-15,90,5,2.988282589367227,1.953125,historical_analogs,True,0,0.2651814926742284,0.04237216868909093,0.6924463386366806,0.4,0.2,0.4,0.5097200852999098,0.25999999999999995,1.0212355712792363,0.56,0.0,0.5,84.5124142179772,55.536,26.971681327805538,14.140079999999948,18.794184296845028,15.18798415791698,8.770975047731092,7.6,78.619696511152,51.00823831587614
Lincoln,2022,05-15,season,5,2.988282589367227,1.953125,historical_analogs,True,0,0.2651814926742284,0.5146820929193455,0.22013641440642603,0.4,0.2,0.4,0.2942091398280964,0.25999999999999995,0.8533159364280306,0.56,0.0,0.5,190.64447688336207,137.01799999999997,73.85932902263963,48.32783999999998,25.5267872616113,17.594418822633422,11.21102279610394,8.0,207.24632306855412,156.05263261352354
Lincoln,2022,06-01,30,5,4.27004845826386,1.0,historical_analogs,True,0,0.48635531449072145,0.13890063507418082,0.37474405043509784,0.4,0.2,0.4,0.20213198314421438,0.25999999999999995,0.42355735271243955,0.56,1.0,0.5,20.891203215456077,20.199199999999998,16.097564192897238,13.091760000000015,2.197907256369488,1.9020983260869788,0.7275386034759967,0.8799999999999997,20.760344132611603,19.02335392745052
Lincoln,2022,06-01,60,5,4.27004845826386,1.0,historical_analogs,True,0,0.35775334417607474,0.26750260538882753,0.37474405043509784,0.4,0.2,0.4,0.2764569351267593,0.25999999999999995,0.6244715141433295,0.56,0.0,0.5,32.72885422520229,33.438399999999994,17.089752041993272,18.91008000000003,4.830589868211051,4.280723887202449,1.3246223882957326,1.04,36.82217311947203,36.34686206426021
Lincoln,2022,06-01,90,5,4.27004845826386,1.0,historical_analogs,True,0,0.35775334417607474,0.07506599354520864,0.5671806622787168,0.4,0.2,0.4,0.3670873352899695,0.25999999999999995,0.7398095739668686,0.56,0.0,0.5,76.13891077384302,84.14520000000005,23.44444880040134,28.40399999999987,14.497413588332188,12.647326805421045,7.56362659303657,6.880000000000001,96.76454568784864,103.8129531852367
Lincoln,2022,06-01,season,5,4.27004845826386,1.0,historical_analogs,True,0,0.35775334417607474,0.07506599354520864,0.5671806622787168,0.4,0.2,0.4,0.3670873352899695,0.25999999999999995,0.7398095739668686,0.56,0.0,0.5,119.78935554891852,128.82039999999995,66.21670065010923,66.91463999999988,24.05637332850528,20.655892008564848,10.785524915971127,9.2,152.7099885960992,159.75605691737252
Lincoln,2022,06-15,30,5,2.95642010347839,1.0,historical_analogs,True,1,0.35294387995524484,0.43490787795880487,0.2121482420859503,0.4,0.2,0.4,0.08478812950901063,0.15999999999999998,0.4889053654110422,0.9600000000000002,1.0,0.0,13.49845111707815,18.880399999999995,29.327135982421964,22.973040000000125,4.607474946881726,3.6443894791044826,1.083083902133154,1.0,11.28279142194975,19.45231749480055
Lincoln,2022,06-15,60,5,2.95642010347839,1.0,historical_analogs,True,0,0.43493566032102404,0.35291609759302567,0.2121482420859503,0.4,0.2,0.4,0.18215229229849803,0.25999999999999995,0.4888543565372861,0.56,1.0,0.5,41.43933120060411,68.43800000000002,38.55836875410492,42.190560000000175,21.95646468126733,21.131193562668912,9.485521071564564,9.480000000000002,62.146074215398144,88.98053049276066
Lincoln,2022,06-15,90,5,2.95642010347839,1.0,historical_analogs,True,0,0.43493566032102404,0.07406749188883817,0.49099684779013775,0.4,0.2,0.4,0.2801878062583444,0.25999999999999995,0.5658616058713919,0.56,0.0,0.5,67.3629200223919,101.28039999999997,15.432531459516404,37.44972000000005,20.10329907980377,20.013215306328203,9.1200212616305,9.16,95.48413959181299,132.44260829165285
Lincoln,2022,06-15,season,5,2.95642010347839,1.0,historical_analogs,True,0,0.43493566032102404,0.07406749188883817,0.49099684779013775,0.4,0.2,0.4,0.2801878062583444,0.25999999999999995,0.5658616058713919,0.56,0.0,0.5,106.59596078058911,140.54559999999998,22.88928781238508,63.86328000000007,23.205320357108242,22.184750129918463,10.218395609994563,9.56,137.37711363426303,174.65265134585394
Lincoln,2022,07-01,30,5,3.527550307886667,1.0,historical_analogs,True,1,0.29870436687523544,0.37412455836824865,0.3271710747565159,0.4,0.2,0.4,0.09813260547383451,0.15999999999999998,0.5879852793854087,0.9600000000000002,1.0,0.0,18.627501247717774,16.6312,9.974016027136857,16.115039999999908,5.023460160588872,6.5183467268254445,2.702181820423629,2.8800000000000003,22.517422557340048,19.877089638678676
Lincoln,2022,07-01,60,5,3.527550307886667,1.0,historical_analogs,True,1,0.29870436687523544,0.37412455836824865,0.3271710747565159,0.4,0.2,0.4,0.09813260547383451,0.15999999999999998,0.5879852793854087,0.9600000000000002,1.0,0.0,48.99938749411213,50.83879999999998,16.6517898582606,24.53328000000003,15.833336877229874,15.857893545659271,8.467242762118552,8.560000000000002,70.11685978119993,69.09651316667725
Lincoln,2022,07-01,90,5,3.527550307886667,1.0,historical_analogs,True,1,0.29870436687523544,0.37412455836824865,0.3271710747565159,0.4,0.2,0.4,0.09813260547383451,0.15999999999999998,0.5879852793854087,0.9600000000000002,1.0,0.0,73.3627174566426,85.72799999999997,15.786441380576349,31.93631999999981,25.395408989951243,25.026660833450794,12.235533536148758,11.160000000000002,102.20746064262892,114.80499997159308
Lincoln,2022,07-01,season,5,3.527550307886667,1.0,historical_analogs,True,1,0.29870436687523544,0.37412455836824865,0.3271710747565159,0.4,0.2,0.4,0.09813260547383451,0.15999999999999998,0.5879852793854087,0.9600000000000002,1.0,0.0,92.42576567614772,104.39239999999997,30.353194418883717,56.56751999999995,23.98338747019905,22.99785899349349,12.023676437269794,10.8,124.20102660312295,135.96987237789978
Lincoln,2022,07-15,30,5,3.37438409731193,1.0,historical_analogs,True,0,0.29410976196642,0.014289187124356685,0.6916010509092233,0.4,0.2,0.4,0.48829652088492315,0.25999999999999995,0.9767972226385212,0.56,0.0,0.5,63.0866144501678,49.69279999999999,11.719300111161303,11.895120000000084,19.45637621624312,18.835011889772826,9.602254870204685,9.2,83.81428347640156,67.68720419481447
Lincoln,2022,07-15,60,5,3.37438409731193,1.0,historical_analogs,True,0,0.29410976196642,0.014289187124356685,0.6916010509092233,0.4,0.2,0.4,0.48829652088492315,0.25999999999999995,0.9767972226385212,0.56,0.0,0.5,109.91260098060708,95.25280000000001,27.374381459758418,16.514279999999875,25.274977321108647,15.393276007690302,11.268205806642486,8.160000000000002,145.29214161985558,123.13723449664948
Lincoln,2022,07-15,90,5,3.37438409731193,1.0,historical_analogs,True,0,0.29410976196642,0.014289187124356685,0.6916010509092233,0.4,0.2,0.4,0.48829652088492315,0.25999999999999995,0.9767972226385212,0.56,0.0,0.5,163.07867144114616,125.03680000000001,70.71905027632027,40.616280000000046,28.25502475963513,18.06479482864768,12.614837544021896,8.88,201.7916757352072,156.94428938059676
Lincoln,2022,07-15,season,5,3.37438409731193,1.0,historical_analogs,True,0,0.29410976196642,0.014289187124356685,0.6916010509092233,0.4,0.2,0.4,0.48829652088492315,0.25999999999999995,0.9767972226385212,0.56,0.0,0.5,165.0244588341182,126.9356,74.09260932372166,40.016880000000015,28.25502475963513,18.06479482864768,12.614837544021896,8.88,205.2462773177384,160.17586032154992
Lincoln,2022,08-01,30,5,3.945299404817478,1.0,historical_analogs,True,0,0.32714297890162064,0.17832283364774257,0.49453418745063665,0.4,0.2,0.4,0.34865031669942326,0.25999999999999995,0.7290996663990068,0.56,0.0,0.5,36.61953102007661,50.688800000000015,18.755524294302734,13.617719999999977,9.476663484624932,6.492003521682114,5.909747809786883,5.28,54.683908030552296,68.39054198544957
Lincoln,2022,08-01,60,5,3.945299404817478,1.0,historical_analogs,True,0,0.32714297890162064,0.3663407897068309,0.30651623139154827,0.4,0.2,0.4,0.27334438547393103,0.25999999999999995,0.6808943451508865,0.56,0.0,0.5,57.41148930816442,69.3348,41.251102685530796,26.226359999999957,18.280536924547654,13.741695972666326,8.000641598658351,6.360000000000001,81.40458062560779,91.47242387201995
Lincoln,2022,08-01,90,5,3.945299404817478,1.0,historical_analogs,True,0,0.32714297890162064,0.3663407897068309,0.30651623139154827,0.4,0.2,0.4,0.27334438547393103,0.25999999999999995,0.6808943451508865,0.56,0.0,0.5,85.44029263381285,105.794,100.00637697549011,61.632360000000034,17.991222846448228,12.95095159354527,8.000641598658351,6.360000000000001,117.9924269010257,135.31124551752782
Lincoln,2022,08-01,season,5,3.945299404817478,1.0,historical_analogs,True,0,0.32714297890162064,0.3663407897068309,0.30651623139154827,0.4,0.2,0.4,0.27334438547393103,0.25999999999999995,0.6808943451508865,0.56,0.0,0.5,70.01210424606248,86.81639999999997,57.5622447418754,39.274919999999966,17.64867758552758,12.628496524378647,8.000641598658351,6.360000000000001,96.03521658635475,111.81102424677006
Lincoln,2022,08-15,30,5,2.91249092012116,2.44140625,historical_analogs,True,0,0.3184613333794562,0.5214465571467221,0.16009210947382174,0.4,0.2,0.4,0.24506221880734347,0.25999999999999995,0.7620309495748566,0.56,0.0,0.5,25.605587913044175,29.539999999999992,22.278475013978827,11.898720000000019,2.626984804840678,3.4963262852913246,0.632161350324274,0.8,37.38760158580283,41.10932006902135
Lincoln,2022,08-15,60,5,2.91249092012116,2.44140625,historical_analogs,True,0,0.3184613333794562,0.5214465571467221,0.16009210947382174,0.4,0.2,0.4,0.24506221880734347,0.25999999999999995,0.7620309495748566,0.56,0.0,0.5,51.52501447069939,66.9308,27.724899173236224,35.757719999999914,1.9061825528737328,4.472039331515219,0.4202144765998028,1.0399999999999996,63.26564095648102,79.09726672984128
Lincoln,2022,08-15,90,5,2.91249092012116,2.44140625,historical_analogs,True,0,0.3184613333794562,0.5214465571467221,0.16009210947382174,0.4,0.2,0.4,0.24506221880734347,0.25999999999999995,0.7620309495748566,0.56,0.0,0.5,94.88759886149292,88.06519999999999,46.95700861698932,91.8028800000001,1.792960330771514,4.546534022497964,0.4202144765998028,1.0399999999999996,111.71799517907078,105.76822624927863
Lincoln,2022,08-15,season,5,2.91249092012116,2.44140625,historical_analogs,True,0,0.3184613333794562,0.5214465571467221,0.16009210947382174,0.4,0.2,0.4,0.24506221880734347,0.25999999999999995,0.7620309495748566,0.56,0.0,0.5,52.15989223360121,67.21640000000002,24.81912088066263,37.25747999999993,1.9061825528737328,4.472039331515219,0.4202144765998028,1.0399999999999996,64.55247661603198,80.17056880179766
Lincoln,2023,05-01,30,5,3.1488359532502517,1.0,historical_analogs,True,0,0.05427603272907143,0.34275552245012636,0.6029684448208021,0.4,0.2,0.4,0.6289823838601405,0.25999999999999995,1.3754461158903402,0.56,0.0,0.5,93.42209573294936,74.16040000000001,151.53945483913645,85.31820000000006,2.167066591003578,1.5699980604103851,0.009879423282937921,0.2799999999999998,58.568948628239994,41.87158663661225
Lincoln,2023,05-01,60,5,3.1488359532502517,1.0,historical_analogs,True,0,0.05427603272907143,0.34275552245012636,0.6029684448208021,0.4,0.2,0.4,0.6289823838601405,0.25999999999999995,1.3754461158903402,0.56,0.0,0.5,82.80886090498929,81.09120000000001,130.38996450318157,77.01083999999993,1.6779714095337845,2.025080446840694,0.3142354747938165,0.4399999999999997,64.5865976171954,59.42954819281533
Lincoln,2023,05-01,90,5,3.1488359532502517,1.0,historical_analogs,True,2,0.2602246834246903,0.006201314653522034,0.7335740019217877,0.4,0.2,0.4,0.06934984915772593,0.26000000000000006,0.13873815461888386,0.56,1.0,0.5,57.58821122649865,27.773599999999988,80.91287379871817,43.58592000000012,0.2738374110337016,2.4633182579501103,1.0537407441369238,1.8000000000000003,36.18532659349583,22.233706001334458
Lincoln,2023,05-01,season,5,3.1488359532502517,1.0,historical_analogs,True,2,0.2183512800026629,0.048074718075549396,0.7335740019217877,0.4,0.2,0.4,0.05933004696538645,0.26000000000000006,0.12097127244881645,0.56,1.0,0.5,59.439523936354135,50.9016,147.49525161225915,93.6075600000004,14.228506176751083,5.9596161818198485,5.440525562253365,2.2800000000000002,51.0893695922976,51.2998164617715
Lincoln,2023,05-15,30,5,2.0833381868956247,1.5625,historical_analogs,True,0,0.6719608071033566,0.14882323083615004,0.17921596206049334,0.4,0.2,0.4,0.06986403656677471,0.25999999999999995,0.1618764271700594,0.56,1.0,0.5,25.082141905403837,42.62680000000001,26.88542554398274,24.503400000000113,7.556899823685105,2.6175435008486048,1.9940196856101347,0.31999999999999984,6.944505525112014,31.77908453079331
Lincoln,2023,05-15,60,5,2.0833381868956247,1.5625,historical_analogs,True,2,0.7498114935306174,0.14882323083615004,0.10136527563323262,0.4,0.2,0.4,0.6848808218341755,0.26000000000000006,1.391909997704861,0.56,0.0,0.5,13.565864804664994,11.564400000000003,57.15804905923228,17.596799999999952,15.069714246947058,4.023389965116851,5.018799696343944,0.9199999999999995,15.10639310931631,8.070768013735815
Lincoln,2023,05-15,90,5,2.0833381868956247,1.5625,historical_analogs,True,1,0.7586124973108029,0.14882323083615004,0.0925642718530471,0.4,0.2,0.4,0.2920305327499089,0.15999999999999998,1.3085629578640277,0.9600000000000002,0.0,0.0,19.952089254683273,24.3024,42.094798890246864,18.615599999999972,19.272621542656484,7.227268268633127,6.359853218685704,2.8,65.57477518857104,36.95484300816348
Lincoln,2023,05-15,season,5,2.0833381868956247,1.5625,historical_analogs,True,2,0.2428317137564895,0.6646040143904635,0.0925642718530471,0.4,0.2,0.4,0.4412034209617522,0.26000000000000006,1.3241053378674237,0.56,0.0,0.5,124.57113568342908,48.467600000000004,79.5618896584162,43.8307199999999,3.0333483990817376,5.607661497630808,1.322095143099231,2.24,117.58549587857752,51.29981646177151
Lincoln,2023,06-01,30,5,2.129750673014563,1.953125,historical_analogs,True,2,0.2678662921940836,0.04283398710061148,0.6892997207053051,0.4,0.2,0.4,0.08414350702380385,0.26000000000000006,0.17012176449854294,0.56,1.0,0.5,33.5054863528815,8.727199999999996,32.96157916709282,22.418640000000032,5.527814841566649,2.1392829857627618,1.0801021801825255,0.3999999999999998,34.8165435704719,10.747607870135312
Lincoln,2023,06-01,60,5,2.129750673014563,1.953125,historical_analogs,True,2,0.7869758411939484,0.1371806958765767,0.07584346292947511,0.4,0.2,0.4,0.7366981398165537,0.26000000000000006,1.4922148229542889,0.56,0.0,0.5,20.54329122236048,16.494400000000002,50.13606884615576,45.38735999999974,7.993250781740091,3.8494065268932953,2.6475597858351234,1.52,36.47367525094297,22.457771831973716
Lincoln,2023,06-01,90,5,2.129750673014563,1.953125,historical_analogs,True,2,0.7934709407530182,0.1306855963175069,0.07584346292947511,0.4,0.2,0.4,0.7418307194148321,0.26000000000000006,1.5007401639145266,0.56,0.0,0.5,15.204071743061991,42.32279999999996,12.96224207861286,31.877280000000027,1.8102572928105243,3.6865186201324747,0.8470765599626779,1.6,27.68057255999731,42.428275759408095
Lincoln,2023,06-01,season,5,2.129750673014563,1.953125,historical_analogs,True,2,0.7934709407530182,0.1306855963175069,0.07584346292947511,0.4,0.2,0.4,0.7418307194148321,0.26000000000000006,1.5007401639145266,0.56,0.0,0.5,97.88461153965288,50.02839999999999,83.90056170493841,30.501359999999934,3.8216271170554137,5.627227789553147,1.4546515879948754,2.4800000000000004,102.65089576185656,51.31559195787949
Lincoln,2023,06-15,30,5,2.679745798756289,2.44140625,historical_analogs,True,2,0.5730118057790681,0.19717142149290823,0.22981677272802362,0.4,0.2,0.4,0.46076236656663255,0.26000000000000006,0.9604013025867995,0.56,0.0,0.5,14.02461944942048,38.6468,50.130703419580996,46.810800000000036,5.2493972991689315,2.238013956927691,2.192827434590701,1.0,23.796957205741407,44.53606638559155
Lincoln,2023,06-15,60,5,2.679745798756289,2.44140625,historical_analogs,True,2,0.674078406747219,0.19717142149290823,0.12875017175987272,0.4,0.2,0.4,0.6067289808256602,0.26000000000000006,1.2523345311048546,0.56,0.0,0.5,37.85788309495814,43.19480000000002,29.30918607596975,43.007039999999975,7.369770116043278,5.746339396657593,2.95968628154662,2.2799999999999994,57.585559060747514,53.21687956943277
Lincoln,2023,06-15,90,5,2.679745798756289,2.44140625,historical_analogs,True,2,0.316722559671308,0.5545272685688192,0.12875017175987272,0.4,0.2,0.4,0.4296947215065982,0.26000000000000006,1.1668899345995918,0.56,0.0,0.5,60.69736592735782,47.38599999999997,13.310102418886189,20.791800000000187,8.451023324162911,7.878063529514408,2.3454704460918823,2.44,58.21203840260648,37.71395895007522
Lincoln,2023,06-15,season,5,2.679745798756289,2.44140625,historical_analogs,True,2,0.316722559671308,0.5545272685688192,0.12875017175987272,0.4,0.2,0.4,0.4296947215065982,0.26000000000000006,1.1668899345995918,0.56,0.0,0.5,78.05784396065799,51.755199999999974,85.40125409829719,33.999120000000005,9.099380196653168,8.817567528708995,2.2366543436351645,2.8400000000000007,80.07072275695504,51.48415873506451
Lincoln,2023,07-01,30,5,2.0519659052010195,1.953125,historical_analogs,True,2,0.8640640801161289,0.07590750304480401,0.06002841683906717,0.4,0.2,0.4,0.8150766558485013,0.26000000000000006,1.6359152607154996,0.56,0.0,0.5,71.48324164072099,33.1144,11.463428787198072,27.424799999999912,0.6410211381073768,1.5614261476261575,0.9824004663687471,0.96,84.81674044175051,42.31615359044333
Lincoln,2023,07-01,60,5,2.0519659052010195,1.953125,historical_analogs,True,1,0.8640640801161289,0.07590750304480401,0.06002841683906717,0.4,0.2,0.4,0.37510507268756843,0.15999999999999998,1.6041570883040257,0.9600000000000002,0.0,0.0,79.43631790736254,71.44999999999999,20.689605109455634,17.543519999999862,6.5864377348534155,5.272571230606781,1.7568367955533568,1.8399999999999999,93.7746674065982,73.52129703943257
Lincoln,2023,07-01,90,5,2.0519659052010195,1.953125,historical_analogs,True,1,0.8640640801161289,0.07590750304480401,0.06002841683906717,0.4,0.2,0.4,0.37510507268756843,0.15999999999999998,1.6041570883040257,0.9600000000000002,0.0,0.0,47.30327427781057,34.02719999999999,36.21596519636464,29.871359999999967,7.218641341658373,6.2028931025512115,1.9635199253385305,2.5199999999999996,44.4333141572068,33.816009770105
Lincoln,2023,07-01,season,5,2.0519659052010195,1.953125,historical_analogs,True,1,0.8640640801161289,0.07590750304480401,0.06002841683906717,0.4,0.2,0.4,0.37510507268756843,0.15999999999999998,1.6041570883040257,0.9600000000000002,0.0,0.0,62.955832852817764,51.827600000000004,109.05858704248932,35.356319999999926,10.390689652312474,8.44356409383337,2.8117049192489225,3.12,64.1881785940546,52.1644658722482
Lincoln,2023,07-15,30,5,2.473854924485851,1.5625,historical_analogs,True,1,0.2522191669492596,0.5908203453339985,0.15696048771674181,0.4,0.2,0.4,0.044125551440427985,0.15999999999999998,0.2556790926734442,0.9600000000000002,1.0,0.0,21.723905637633653,16.2752,14.36192785148878,6.775919999999935,1.6993090707082592,2.597832902169526,0.8432531942526484,1.04,33.82260168626017,22.913938378660212
Lincoln,2023,07-15,60,5,2.473854924485851,1.5625,historical_analogs,True,1,0.2522191669492596,0.5908203453339985,0.15696048771674181,0.4,0.2,0.4,0.044125551440427985,0.15999999999999998,0.2556790926734442,0.9600000000000002,1.0,0.0,56.97045765119083,17.588799999999985,44.659551638704876,21.261959999999913,15.276023147491461,9.706619431986926,5.0895361477546786,3.3600000000000003,61.50762814646552,23.671358736657723
Lincoln,2023,07-15,90,5,2.473854924485851,1.5625,historical_analogs,True,1,0.2522191669492596,0.5908203453339985,0.15696048771674181,0.4,0.2,0.4,0.044125551440427985,0.15999999999999998,0.2556790926734442,0.9600000000000002,1.0,0.0,71.33987298618062,42.481599999999986,136.56154004283934,52.54380000000011,16.64207670598974,11.146107428548662,5.1707072859013525,4.08,75.52515841238544,43.447347641068546
Lincoln,2023,07-15,season,5,2.473854924485851,1.5625,historical_analogs,True,1,0.2522191669492596,0.5908203453339985,0.15696048771674181,0.4,0.2,0.4,0.044125551440427985,0.15999999999999998,0.2556790926734442,0.9600000000000002,1.0,0.0,74.83546827292093,43.8908,131.33971368846312,43.546320000000044,16.64207670598974,11.146107428548662,5.1707072859013525,4.08,79.15653652844753,45.58805476187743
Lincoln,2023,08-01,30,5,2.860803423035537,2.44140625,historical_analogs,True,1,0.282387962679203,0.18228994871417362,0.5353220886066233,0.4,0.2,0.4,0.18315635000813424,0.15999999999999998,1.0349624279901373,0.9600000000000002,0.0,0.0,12.590150686475045,18.864799999999995,22.988551426227477,17.976600000000037,7.161374538278372,5.331981438686196,1.9196372724875606,1.44,13.935140894757858,15.59590396531674
Lincoln,2023,08-01,60,5,2.860803423035537,2.44140625,historical_analogs,True,1,0.33067446982242427,0.009724258130507896,0.6596012720470678,0.4,0.2,0.4,0.27220972153922574,0.15999999999999998,1.5250654880136243,0.9600000000000002,0.0,0.0,56.13410275476167,21.781200000000005,56.949527803519665,26.226359999999943,9.472959826149552,7.997216296128132,3.556039224822324,3.4800000000000004,59.6687523320623,23.337246354780532
Lincoln,2023,08-01,90,5,2.860803423035537,2.44140625,historical_analogs,True,1,0.33067446982242427,0.009724258130507896,0.6596012720470678,0.4,0.2,0.4,0.27220972153922574,0.15999999999999998,1.5250654880136243,0.9600000000000002,0.0,0.0,77.39579373424327,47.152399999999986,122.25012235973529,61.4077199999999,10.614180159224482,9.186333973531813,3.556039224822324,3.4800000000000004,83.80690580724658,51.35639945509335
Lincoln,2023,08-01,season,5,2.860803423035537,2.44140625,historical_analogs,True,1,0.33067446982242427,0.009724258130507896,0.6596012720470678,0.4,0.2,0.4,0.27220972153922574,0.15999999999999998,1.5250654880136243,0.9600000000000002,0.0,0.0,68.64364267497837,38.15879999999998,104.3401603150012,39.529799999999824,10.54356080722771,9.118558456116897,3.556039224822324,3.4800000000000004,74.72086207778455,41.12405606392858
Lincoln,2023,08-15,30,5,2.1534575213425287,1.25,historical_analogs,True,1,0.2359231479540376,0.0015549628284535735,0.7625218892175089,0.4,0.2,0.4,0.3185496816381908,0.15999999999999998,1.6339918555288722,0.9600000000000002,0.0,0.0,78.35613783681163,16.49839999999999,29.31289336882393,22.214880000000004,18.526931162036227,15.329899973287588,6.0680616880703,5.12,89.5651195775131,15.027393809885766
Lincoln,2023,08-15,60,5,2.1534575213425287,1.25,historical_analogs,True,1,0.2359231479540376,0.0015549628284535735,0.7625218892175089,0.4,0.2,0.4,0.3185496816381908,0.15999999999999998,1.6339918555288722,0.9600000000000002,0.0,0.0,97.49537414901665,31.6892,138.03977381030796,53.970839999999995,20.16143556101661,17.562776353174062,6.16929428665954,5.840000000000001,112.73146784802064,36.461475680961414
Lincoln,2023,08-15,90,5,2.1534575213425287,1.25,historical_analogs,True,1,0.2359231479540376,0.0015549628284535735,0.7625218892175089,0.4,0.2,0.4,0.3185496816381908,0.15999999999999998,1.6339918555288722,0.9600000000000002,0.0,0.0,115.47863757957128,46.977199999999996,194.97604602919913,101.85120000000023,20.178016712656188,17.55280417034989,6.16929428665954,5.840000000000001,134.0403418052262,54.12959951798375
Lincoln,2023,08-15,season,5,2.1534575213425287,1.25,historical_analogs,True,1,0.2359231479540376,0.0015549628284535735,0.7625218892175089,0.4,0.2,0.4,0.3185496816381908,0.15999999999999998,1.6339918555288722,0.9600000000000002,0.0,0.0,97.42916207252986,31.485200000000006,136.04990498849233,49.95395999999993,20.16143556101661,17.562776353174062,6.16929428665954,5.840000000000001,112.82888524183485,36.60940122600731
MOValley,2018,05-01,30,5,2.5825864374979886,1.5625,historical_analogs,True,0,0.5934290261973337,0.0013454910358818972,0.4052254827667844,0.4,0.2,0.4,0.1647538243112109,0.25999999999999995,0.32950945896854944,0.56,1.0,0.5,41.98110047236037,22.873199999999983,84.82476058444026,81.84132000000002,4.9989758693119875,7.805715263135866,2.4110924635032838,3.2800000000000002,51.19744237586234,32.993084897182015
MOValley,2018,05-01,60,5,2.5825864374979886,1.5625,historical_analogs,True,2,0.5934290261973337,0.1572771632707915,0.24929381053187477,0.4,0.2,0.4,0.4578588960196343,0.26000000000000006,0.9404538981257758,0.56,0.0,0.5,24.13713579521319,25.47239999999998,115.62501718383194,104.48711999999998,2.169340406581512,6.171059828656076,1.042574939157131,2.480000000000001,24.312543641133928,20.654097426718508
MOValley,2018,05-01,90,5,2.5825864374979886,1.5625,historical_analogs,True,2,0.7039050955916699,0.0468010938764553,0.24929381053187477,0.4,0.2,0.4,0.5295210832528353,0.26000000000000006,1.0612325088937036,0.56,0.0,0.5,36.99800530165164,37.9264,84.42660680644396,93.93948000000006,4.0920227240379665,4.9775130809098584,1.3002800817876197,2.5599999999999996,42.85235877545257,36.49331999419232
MOValley,2018,05-01,season,5,2.5825864374979886,1.5625,historical_analogs,True,2,0.7039050955916699,0.0468010938764553,0.24929381053187477,0.4,0.2,0.4,0.5295210832528353,0.26000000000000006,1.0612325088937036,0.56,0.0,0.5,130.48914320198412,112.27399999999997,107.20828303846675,61.4818800000001,9.676666591178293,2.663437512563921,2.714137926244658,1.6399999999999997,151.4415042652413,126.18568720077323
MOValley,2018,05-15,30,5,3.0151717620363883,1.0,historical_analogs,True,2,0.047705731873116566,0.18866081634228093,0.7636334517846025,0.4,0.2,0.4,0.029072490984405758,0.26000000000000006,0.09373788559174737,0.56,1.0,0.5,12.120436556820163,7.418799999999987,108.87299895349213,81.45755999999989,8.718218281179077,6.131378855832246,3.449494400049024,2.7600000000000002,29.596169554499227,15.791856031695119
MOValley,2018,05-15,60,5,3.0151717620363883,1.0,historical_analogs,True,2,0.46190591777946216,0.3467219300834119,0.19137215213712597,0.4,0.2,0.4,0.43361803660951537,0.26000000000000006,0.9874521700197969,0.56,0.0,0.5,29.617588697248184,38.5312,134.8165244208008,122.24447999999991,10.196124701859116,11.951876847874992,3.48232605679773,4.4399999999999995,24.020702672593597,29.108330336547724
MOValley,2018,05-15,90,5,3.0151717620363883,1.0,historical_analogs,True,2,0.7636334517846025,0.0027113357948450397,0.23365521242055245,0.4,0.2,0.4,0.5852101910673277,0.26000000000000006,1.170427733476448,0.56,0.0,0.5,22.98467432529835,17.820000000000007,71.78111533384956,71.15543999999986,5.865197373120698,6.684204254565223,1.8524615277326189,2.6000000000000005,33.85913348545414,18.028080827595346
MOValley,2018,05-15,season,5,3.0151717620363883,1.0,historical_analogs,True,2,0.7636334517846025,0.0027113357948450397,0.23365521242055245,0.4,0.2,0.4,0.5852101910673277,0.26000000000000006,1.170427733476448,0.56,0.0,0.5,85.08596178677796,114.55719999999997,66.41960618818834,54.6148799999999,6.309509062968077,2.432599625120936,2.2429113572407973,1.5599999999999996,100.71455306296298,130.10551364135551
MOValley,2018,06-01,30,5,3.306914162765906,1.0,historical_analogs,True,2,0.5856689853133812,0.0007775090682637012,0.41355350561835524,0.4,0.2,0.4,0.34346382556526306,0.26000000000000006,0.6869282556508772,0.56,0.0,0.5,81.31852656684507,79.99840000000002,9.458009001547168,13.387320000000003,3.7141742006075065,2.1217707438601185,1.605715984956892,0.7999999999999998,97.78262582602905,93.20783807249268
MOValley,2018,06-01,60,5,3.306914162765906,1.0,historical_analogs,True,2,0.4220738149400255,0.12811955176031384,0.44980663329966075,0.4,0.2,0.4,0.24042952300954049,0.26000000000000006,0.4972736655623446,0.56,1.0,0.5,48.431604908774766,55.79439999999999,17.996812111605074,16.022159999999992,6.305237521633174,3.7097782243567883,1.5584254298059064,0.47999999999999976,54.716011155028426,60.50707944988612
MOValley,2018,06-01,90,5,3.306914162765906,1.0,historical_analogs,True,2,0.4220738149400255,0.12811955176031384,0.44980663329966075,0.4,0.2,0.4,0.24042952300954049,0.26000000000000006,0.4972736655623446,0.56,1.0,0.5,78.79241360884701,93.4364,62.85419508337937,34.193880000000036,14.208399390621977,8.577665166693194,3.8502088407244264,2.2799999999999994,90.9157965000133,101.097456724127
MOValley,2018,06-01,season,5,3.306914162765906,1.0,historical_analogs,True,2,0.4220738149400255,0.12811955176031384,0.44980663329966075,0.4,0.2,0.4,0.24042952300954049,0.26000000000000006,0.4972736655623446,0.56,1.0,0.5,187.0652479164715,150.786,196.34556493005607,156.59388000000015,16.32664758315594,8.987503835039009,4.408455134967418,2.76,227.31431224468804,175.44649946406798
MOValley,2018,06-15,30,5,3.091405253129571,1.0,historical_analogs,True,2,0.13967712827006443,0.19792150417777615,0.6624013675521593,0.4,0.2,0.4,0.06674126839621211,0.26000000000000006,0.17265545860841774,0.56,1.0,0.5,22.220717585824275,48.68280000000001,22.49748667494081,10.783439999999928,4.15194880231935,2.52916869230053,0.9656432528661105,0.9199999999999996,23.066496212336308,52.718883471764606
MOValley,2018,06-15,60,5,3.091405253129571,1.0,historical_analogs,True,2,0.13967712827006443,0.19792150417777615,0.6624013675521593,0.4,0.2,0.4,0.06674126839621211,0.26000000000000006,0.17265545860841774,0.56,1.0,0.5,34.106056119329324,35.84039999999999,11.472276770067861,22.41035999999985,1.3374254865749666,3.0654870071017717,0.8320852777594379,1.0800000000000003,32.17582662846537,35.05114938082217
MOValley,2018,06-15,90,5,3.091405253129571,1.0,historical_analogs,True,2,0.13967712827006443,0.19792150417777615,0.6624013675521593,0.4,0.2,0.4,0.06674126839621211,0.26000000000000006,0.17265545860841774,0.56,1.0,0.5,53.786997350084434,106.34240000000001,34.9500205624109,28.455480000000016,10.33781854466855,11.624992011152806,2.212931474065042,3.0399999999999996,71.16194882148382,121.94897825200499
MOValley,2018,06-15,season,5,3.091405253129571,1.0,historical_analogs,True,2,0.13967712827006443,0.19792150417777615,0.6624013675521593,0.4,0.2,0.4,0.06674126839621211,0.26000000000000006,0.17265545860841774,0.56,1.0,0.5,116.70314951541863,131.73919999999993,192.24324122138046,173.55455999999992,7.380175600091838,8.255773926638751,1.3746617483992813,2.28,149.09731834608107,155.35803187197598
MOValley,2018,07-01,30,5,2.616590950880769,1.0,historical_analogs,True,1,0.2131349921666193,0.08230675466772991,0.7045582531656507,0.4,0.2,0.4,0.2709144284948491,0.15999999999999998,1.383989749518172,0.9600000000000002,0.0,0.0,38.633900355981936,8.673599999999993,16.9101788689618,22.166999999999927,1.2384125922521785,2.306216259838731,0.09601207489448255,0.39999999999999997,40.17875840903051,10.72726386223728
MOValley,2018,07-01,60,5,2.616590950880769,1.0,historical_analogs,True,1,0.2713627474775066,0.024078999356842594,0.7045582531656507,0.4,0.2,0.4,0.2850200364111871,0.15999999999999998,1.5224618723187158,0.9600000000000002,0.0,0.0,36.51462114339526,34.65320000000001,65.15098929173155,52.67015999999991,7.48285139172415,8.855441025945746,0.733015823716662,1.7999999999999998,37.09136877750574,34.65321457360509
MOValley,2018,07-01,90,5,2.616590950880769,1.0,historical_analogs,True,1,0.2713627474775066,0.024078999356842594,0.7045582531656507,0.4,0.2,0.4,0.2850200364111871,0.15999999999999998,1.5224618723187158,0.9600000000000002,0.0,0.0,44.26459939265685,57.94399999999993,59.48756873197681,55.308239999999934,6.961773512018496,8.10175475983488,1.1201281324038983,1.7999999999999994,52.1195975344493,62.27803905230123
MOValley,2018,07-01,season,5,2.616590950880769,1.0,historical_analogs,True,1,0.2713627474775066,0.024078999356842594,0.7045582531656507,0.4,0.2,0.4,0.2850200364111871,0.15999999999999998,1.5224618723187158,0.9600000000000002,0.0,0.0,50.9717518899783,63.10360000000001,201.29988088022256,177.71687999999978,6.515457373284471,8.266926865786036,1.1588332899518718,1.88,69.03721620002632,76.44582048621122
MOValley,2018,07-15,30,5,2.9567615433219245,1.0,historical_analogs,True,0,0.14584041900757708,0.08374970499855339,0.7704098759938695,0.4,0.2,0.4,0.6615599834150205,0.25999999999999995,1.3301339799173855,0.56,0.0,0.5,34.46776887759078,18.794399999999996,35.38647020638008,41.27651999999997,4.621547546983622,5.760802525764217,2.075950637636101,2.08,37.68792575081194,24.043016350966198
MOValley,2018,07-15,60,5,2.9567615433219245,1.0,historical_analogs,True,0,0.22308890837317022,0.4717222223764243,0.3051888692504054,0.4,0.2,0.4,0.3483655451035667,0.25999999999999995,0.919252945290886,0.56,0.0,0.5,47.43836300555848,61.98439999999998,77.93900101487304,49.98276000000021,16.33904725002162,15.993535495605517,3.598945343218305,4.040000000000001,54.73224257512201,65.954776403071
MOValley,2018,07-15,90,5,2.9567615433219245,1.0,historical_analogs,True,0,0.22308890837317022,0.4717222223764243,0.3051888692504054,0.4,0.2,0.4,0.3483655451035667,0.25999999999999995,0.919252945290886,0.56,0.0,0.5,98.01306091547598,81.33719999999997,236.9431618146748,184.59972000000005,14.2742754358749,12.644391631034555,2.9925807338663555,3.3599999999999994,118.13387686359636,94.33948248346911
MOValley,2018,07-15,season,5,2.9567615433219245,1.0,historical_analogs,True,0,0.22308890837317022,0.4717222223764243,0.3051888692504054,0.4,0.2,0.4,0.3483655451035667,0.25999999999999995,0.919252945290886,0.56,0.0,0.5,99.13004645133657,82.03639999999997,246.35508028354587,196.62120000000004,14.2742754358749,12.644391631034555,2.9925807338663555,3.3599999999999994,119.59715211140298,95.31286910121814
MOValley,2018,08-01,30,5,2.597630890142095,1.0,historical_analogs,True,2,0.39419214731250385,0.05207173180116531,0.5537361208863308,0.4,0.2,0.4,0.17726944940221112,0.26000000000000006,0.3572503640571948,0.56,1.0,0.5,28.39601998120841,35.5072,29.804259671926232,27.543599999999838,8.615694109188293,5.0604641073232655,3.7766830567209384,1.4,30.406423532769058,38.55272575368366
MOValley,2018,08-01,60,5,2.597630890142095,1.0,historical_analogs,True,2,0.39419214731250385,0.05207173180116531,0.5537361208863308,0.4,0.2,0.4,0.17726944940221112,0.26000000000000006,0.3572503640571948,0.56,1.0,0.5,121.26349978716812,84.99359999999989,63.633741076953925,68.25960000000008,11.582239267227862,5.645476039099558,5.345511100407302,1.9199999999999995,135.1745474384175,95.18883407689302
MOValley,2018,08-01,90,5,2.597630890142095,1.0,historical_analogs,True,2,0.39419214731250385,0.05207173180116531,0.5537361208863308,0.4,0.2,0.4,0.17726944940221112,0.26000000000000006,0.3572503640571948,0.56,1.0,0.5,119.1051497437202,79.7012,147.93133183227374,115.84080000000006,12.373920023172237,5.6113834571172925,5.649880383560198,1.96,139.1682412901547,93.41176798222841
MOValley,2018,08-01,season,5,2.597630890142095,1.0,historical_analogs,True,2,0.39419214731250385,0.05207173180116531,0.5537361208863308,0.4,0.2,0.4,0.17726944940221112,0.26000000000000006,0.3572503640571948,0.56,1.0,0.5,121.02633853386833,93.8628,156.97146780913295,147.1287600000004,12.365176342739705,5.603203710084007,5.649880383560198,1.96,142.2985176290348,108.56295940760323
MOValley,2018,08-15,30,5,2.344920343180363,3.814697265625,historical_analogs,True,2,0.7499205007861096,0.15458265323202303,0.09549684598186724,0.4,0.2,0.4,0.6902533565640196,0.26000000000000006,1.4044025098082913,0.56,0.0,0.5,125.07355156717615,98.19,33.70444793321427,21.925440000000066,11.212204099198726,6.074770989682298,4.127054237092006,1.2399999999999998,137.49417328451565,107.75923156665544
MOValley,2018,08-15,60,5,2.344920343180363,3.814697265625,historical_analogs,True,2,0.7499205007861096,0.15458265323202303,0.09549684598186724,0.4,0.2,0.4,0.6902533565640196,0.26000000000000006,1.4044025098082913,0.56,0.0,0.5,150.77395300659916,120.27199999999992,179.27615270171435,148.76784000000012,11.079499963071921,5.402796014422274,4.7508066288407385,1.359999999999999,176.21001329409754,141.4302859258652
MOValley,2018,08-15,90,5,2.344920343180363,3.814697265625,historical_analogs,True,2,0.7499205007861096,0.15458265323202303,0.09549684598186724,0.4,0.2,0.4,0.6902533565640196,0.26000000000000006,1.4044025098082913,0.56,0.0,0.5,154.4418961875816,119.43880000000001,222.46469880106827,170.04420000000002,11.080120824292283,5.4436947495887065,4.7508066288407385,1.359999999999999,182.7416940459587,141.43965740690598
MOValley,2018,08-15,season,5,2.344920343180363,3.814697265625,historical_analogs,True,2,0.7499205007861096,0.15458265323202303,0.09549684598186724,0.4,0.2,0.4,0.6902533565640196,0.26000000000000006,1.4044025098082913,0.56,0.0,0.5,150.49554053991807,120.16999999999992,181.76957109522368,153.4489200000001,11.079499963071921,5.402796014422274,4.7508066288407385,1.359999999999999,176.0038691001554,141.48176632439598
MOValley,2019,05-01,30,5,3.4853002291010307,1.0,historical_analogs,True,2,0.33579940444675616,0.3162059524111243,0.3479946431421195,0.4,0.2,0.4,0.26893611269908413,0.26000000000000006,0.6378584297383945,0.56,1.0,0.5,100.06363911983803,105.68279999999999,79.75978074413874,69.01524,1.7680858668639066,2.0685654006376675,0.202552703124195,0.40000000000000013,103.52515159342616,108.53624219556083
MOValley,2019,05-01,60,5,3.4853002291010307,1.0,historical_analogs,True,1,0.6499783087207474,0.08746728868452512,0.26255440259472745,0.4,0.2,0.4,0.24570330806467872,0.15999999999999998,1.3241225653501292,0.9600000000000002,0.0,0.0,89.39204039287901,72.6756,140.11931746226028,134.51111999999983,10.336943049231676,11.379678418373771,1.8467847377422415,2.4800000000000004,122.23282887254933,105.1580756630518
MOValley,2019,05-01,90,5,3.4853002291010307,1.0,historical_analogs,True,0,0.6499783087207474,0.08746728868452512,0.26255440259472745,0.4,0.2,0.4,0.09572499934393136,0.25999999999999995,0.19910052527768474,0.56,1.0,0.5,62.16380601518868,43.17280000000004,118.78092447893654,117.88091999999992,3.263918610917166,3.5140544318530207,1.3940159441745035,1.5999999999999999,84.88475052565195,68.20491079925178
MOValley,2019,05-01,season,5,3.4853002291010307,1.0,historical_analogs,True,0,0.40367324109564945,0.33377235630962304,0.26255440259472745,0.4,0.2,0.4,0.21227020885362088,0.25999999999999995,0.5359444035437196,0.56,1.0,0.5,188.72877522593285,139.10600000000014,167.2133252816363,88.36091999999991,17.031244022517182,14.727101074793302,6.198492997257259,5.48,239.8455250962632,178.28655759330525
MOValley,2019,05-15,30,5,3.464376178669241,1.0,historical_analogs,True,1,0.08621784331355645,0.3460125139015336,0.5677696427849102,0.4,0.2,0.4,0.1648979418868726,0.15999999999999998,0.7574955157471372,0.9600000000000002,0.0,0.0,86.63089558194197,90.31959999999995,89.4689677338854,89.16443999999997,10.448254986836835,9.488784415326808,3.376300600449339,2.2800000000000002,97.28211719139526,101.70704805164354
MOValley,2019,05-15,60,5,3.464376178669241,1.0,historical_analogs,True,0,0.2673976329770626,0.08383810329076286,0.6487642637321747,0.4,0.2,0.4,0.47880064903178055,0.25999999999999995,0.9646301256269538,0.56,0.0,0.5,18.95022440306486,29.257599999999986,80.27512474995315,70.12800000000023,10.42760244260326,7.026204861475571,4.136148558368886,2.5199999999999996,20.04809086343763,40.491539499348725
MOValley,2019,05-15,90,5,3.464376178669241,1.0,historical_analogs,True,0,0.3488559962450319,0.002379740022793587,0.6487642637321747,0.4,0.2,0.4,0.42244179176100016,0.25999999999999995,0.8448892466845765,0.56,0.0,0.5,21.151067120506987,21.832800000000006,68.42820413587873,50.41944000000006,5.12037222164724,2.932973937526457,3.0080402287201675,1.6400000000000001,34.80528015300959,41.7157964946274
MOValley,2019,05-15,season,5,3.464376178669241,1.0,historical_analogs,True,0,0.3488559962450319,0.002379740022793587,0.6487642637321747,0.4,0.2,0.4,0.42244179176100016,0.25999999999999995,0.8448892466845765,0.56,0.0,0.5,73.88393155654637,118.44520000000003,60.21616762637623,46.9166400000001,13.995075330363667,14.372507028561419,4.048669552690377,5.3999999999999995,103.34698486706344,151.62188731957116
MOValley,2019,06-01,30,5,2.3196407692363765,1.25,historical_analogs,True,0,0.3655120102845572,9.234495947564794e-05,0.6343956447559671,0.4,0.2,0.4,0.4025164215892415,0.25999999999999995,0.8050328517060745,0.56,0.0,0.5,19.5289920693324,23.545599999999993,54.27090273068609,45.5540399999998,10.664193390352153,6.8181121015871815,2.8662492097068895,1.2800000000000002,12.506039382891355,15.180407927652595
MOValley,2019,06-01,60,5,2.3196407692363765,1.25,historical_analogs,True,0,0.3655120102845572,9.234495947564794e-05,0.6343956447559671,0.4,0.2,0.4,0.4025164215892415,0.25999999999999995,0.8050328517060745,0.56,0.0,0.5,61.1520703227179,39.9496,44.49182567199884,28.24776000000011,4.226916915859469,2.0684579469776234,1.8933575574876322,0.47999999999999976,56.35830699730789,33.7245217655361
MOValley,2019,06-01,90,5,2.3196407692363765,1.25,historical_analogs,True,0,0.3655120102845572,0.06846097993744803,0.5660270097779947,0.4,0.2,0.4,0.36148079244568093,0.25999999999999995,0.7276484906653575,0.56,0.0,0.5,81.95459871707529,53.56280000000001,77.04387322973062,33.92172000000002,10.135671828238452,5.29620925027573,2.449435207787637,2.2799999999999994,77.38267671723912,52.110919954708955
MOValley,2019,06-01,season,5,2.3196407692363765,1.25,historical_analogs,True,0,0.3655120102845572,0.06846097993744803,0.5660270097779947,0.4,0.2,0.4,0.36148079244568093,0.25999999999999995,0.7276484906653575,0.56,0.0,0.5,33.42364050429879,52.5012,99.41254696460906,25.883639999999872,13.176950009077359,9.693816971725816,2.819967368657213,3.72,64.75860290428196,73.737517807243
MOValley,2019,06-15,30,5,2.3860648388075187,9.313225746154785,historical_analogs,True,0,0.7438521311480172,0.1307027412206211,0.12544512763136165,0.4,0.2,0.4,0.040674105381930614,0.25999999999999995,0.09843141732644586,0.56,1.0,0.5,8.965682253036675,37.5948,8.169050070828325,11.029679999999892,2.982386747113285,2.322831700516753,1.2006207436222311,0.43999999999999995,13.959581782497409,40.33722085074167
MOValley,2019,06-15,60,5,2.3860648388075187,9.313225746154785,historical_analogs,True,0,0.7438521311480172,0.003928908036127525,0.2522189608158552,0.4,0.2,0.4,0.06461306745622127,0.25999999999999995,0.12924157123079885,0.56,1.0,0.5,25.61800846158684,44.0196,11.33720636016431,25.88364000000002,8.086417572339638,7.533931228228733,2.0542439456707653,1.0800000000000003,39.52153754590706,48.68154314772501
MOValley,2019,06-15,90,5,2.3860648388075187,9.313225746154785,historical_analogs,True,0,0.7438521311480172,0.1307027412206211,0.12544512763136165,0.4,0.2,0.4,0.040674105381930614,0.25999999999999995,0.09843141732644586,0.56,1.0,0.5,34.53323285329492,38.55679999999999,26.62466652765135,28.455480000000012,10.080199883350714,2.449733177342668,3.7397113647024707,1.6,51.12217837248194,35.84674207717076
MOValley,2019,06-15,season,5,2.3860648388075187,9.313225746154785,historical_analogs,True,0,0.7438521311480172,0.1307027412206211,0.12544512763136165,0.4,0.2,0.4,0.040674105381930614,0.25999999999999995,0.09843141732644586,0.56,1.0,0.5,150.79516439066808,51.7568,47.817026115960005,36.32111999999998,12.552187947802272,2.925432033423805,4.318158289561191,1.7999999999999998,185.61296211019783,67.98005947789947
MOValley,2019,07-01,30,5,2.716995405919013,1.25,historical_analogs,True,0,0.6734740715301476,0.0018746713663583378,0.32465125710349424,0.4,0.2,0.4,0.10600881035098908,0.25999999999999995,0.21202113509471013,0.56,1.0,0.5,10.255398234904316,12.460799999999992,6.490745086718302,13.393080000000044,1.60417264242525,4.97452517832935,0.09017466179758915,0.39999999999999997,6.511160706538234,11.398669165186341
MOValley,2019,07-01,60,5,2.716995405919013,1.25,historical_analogs,True,0,0.6734740715301476,0.0018746713663583378,0.32465125710349424,0.4,0.2,0.4,0.10600881035098908,0.25999999999999995,0.21202113509471013,0.56,1.0,0.5,12.250963606077562,34.6532,22.925897630456166,18.06696000000005,4.785228152117076,1.5489219226959134,2.280955406759659,1.3199999999999998,24.468353940475573,36.47296426873633
MOValley,2019,07-01,90,5,2.716995405919013,1.25,historical_analogs,True,0,0.6734740715301476,0.0018746713663583378,0.32465125710349424,0.4,0.2,0.4,0.10600881035098908,0.25999999999999995,0.21202113509471013,0.56,1.0,0.5,101.28142080934464,46.97120000000004,15.833212714462995,52.301519999999975,10.120034890107005,3.2430747447710084,3.607711760017367,1.7999999999999994,126.85304528291667,59.2562606567307
MOValley,2019,07-01,season,5,2.716995405919013,1.25,historical_analogs,True,0,0.6734740715301476,0.0018746713663583378,0.32465125710349424,0.4,0.2,0.4,0.10600881035098908,0.25999999999999995,0.21202113509471013,0.56,1.0,0.5,144.67025712077876,69.92920000000001,37.185635980223665,36.349200000000046,10.673130963117902,3.491743551151873,3.6737393209832745,1.88,174.55160455513425,85.58893586705872
MOValley,2019,07-15,30,5,3.3221829192552126,1.0,historical_analogs,True,2,0.4080361660571242,0.14201447373659987,0.44994936020627596,0.4,0.2,0.4,0.23452460957404117,0.26000000000000006,0.4892173298987656,0.56,1.0,0.5,14.64726276738363,13.548000000000002,2.6620844988868013,8.924040000000035,3.6527056112999157,4.203943966765406,0.8106413703270245,0.64,15.27021548500555,13.766790133359542
MOValley,2019,07-15,60,5,3.3221829192552126,1.0,historical_analogs,True,2,0.48605312981668686,0.06399750997703722,0.44994936020627596,0.4,0.2,0.4,0.2694016756710411,0.26000000000000006,0.5428990326253431,0.56,0.0,0.5,32.9770805747,15.894799999999996,22.83969664419248,19.176840000000066,7.331655278634422,4.939626091992568,2.1568495714955125,1.6399999999999997,41.73645986589415,19.168852675281663
MOValley,2019,07-15,90,5,3.3221829192552126,1.0,historical_analogs,True,2,0.48605312981668686,0.06399750997703722,0.44994936020627596,0.4,0.2,0.4,0.2694016756710411,0.26000000000000006,0.5428990326253431,0.56,0.0,0.5,179.97101122211427,105.23160000000001,35.920826416688676,40.51908,8.48585658219855,6.226854591724667,2.5901003845132675,1.92,200.9330252643964,119.50750347352388
MOValley,2019,07-15,season,5,3.3221829192552126,1.0,historical_analogs,True,2,0.48605312981668686,0.06399750997703722,0.44994936020627596,0.4,0.2,0.4,0.2694016756710411,0.26000000000000006,0.5428990326253431,0.56,0.0,0.5,179.7054908585593,104.47160000000007,35.7965035465774,39.33864000000001,8.48585658219855,6.226854591724667,2.5901003845132675,1.92,200.6393804684727,118.1954880688898
MOValley,2019,08-01,30,5,2.297458846628611,1.0,historical_analogs,True,1,0.9050509321652795,0.0007966223473496267,0.09415244548737074,0.4,0.2,0.4,0.4139909364022469,0.15999999999999998,1.8263892627169587,0.9600000000000002,0.0,0.0,22.1955396061,23.804799999999997,9.766545900197913,12.630960000000062,7.941170000411244,4.874291212803741,3.1883005955379664,1.4,37.238105218565366,24.31880226496395
MOValley,2019,08-01,60,5,2.297458846628611,1.0,historical_analogs,True,1,0.9050509321652795,0.0007966223473496267,0.09415244548737074,0.4,0.2,0.4,0.4139909364022469,0.15999999999999998,1.8263892627169587,0.9600000000000002,0.0,0.0,154.38633821760965,75.0,77.56180922409214,33.656399999999906,11.508438425991285,8.716032300439199,4.71476873694149,2.4,175.00834660056083,85.8819475894681
MOValley,2019,08-01,90,5,2.297458846628611,1.0,historical_analogs,True,1,0.9050509321652795,0.0007966223473496267,0.09415244548737074,0.4,0.2,0.4,0.4139909364022469,0.15999999999999998,1.8263892627169587,0.9600000000000002,0.0,0.0,212.34262822586183,89.45480000000008,69.27185792794701,62.09136,12.012516441739873,9.412979615702048,4.71502710840555,2.44,233.804084858753,104.3784360126545
MOValley,2019,08-01,season,5,2.297458846628611,1.0,historical_analogs,True,1,0.9050509321652795,0.0007966223473496267,0.09415244548737074,0.4,0.2,0.4,0.4139909364022469,0.15999999999999998,1.8263892627169587,0.9600000000000002,0.0,0.0,212.7023539421233,108.74280000000005,47.5374518236262,37.66859999999997,11.986866251721441,9.40479986866876,4.71502710840555,2.44,235.1875117207484,121.0776337640684
MOValley,2019,08-15,30,5,2.1472476254122443,1.0,historical_analogs,True,1,0.649445490476239,0.11320867157328811,0.23734583795047276,0.4,0.2,0.4,0.2390562459461674,0.15999999999999998,1.2645113520651472,0.9600000000000002,0.0,0.0,28.195791051421494,22.83959999999999,32.49552772028678,17.605440000000005,10.113197990769287,6.23928080005488,2.690971990783845,1.2399999999999998,37.19403614870613,28.885870948834366
MOValley,2019,08-15,60,5,2.1472476254122443,1.0,historical_analogs,True,1,0.649445490476239,0.11320867157328811,0.23734583795047276,0.4,0.2,0.4,0.2390562459461674,0.15999999999999998,1.2645113520651472,0.9600000000000002,0.0,0.0,188.10060837170528,115.15520000000001,38.470072830475125,40.75919999999999,11.539788640941882,9.024417700588279,2.874059809819852,1.8399999999999994,207.2152861907986,127.85489460719039
MOValley,2019,08-15,90,5,2.1472476254122443,1.0,historical_analogs,True,1,0.649445490476239,0.11320867157328811,0.23734583795047276,0.4,0.2,0.4,0.2390562459461674,0.15999999999999998,1.2645113520651472,0.9600000000000002,0.0,0.0,138.71759884171152,89.4484,25.406483318839342,79.32420000000005,11.572479393772607,9.06531643575471,2.874059809819852,1.8399999999999994,161.42081142234082,105.99672239463547
MOValley,2019,08-15,season,5,2.1472476254122443,1.0,historical_analogs,True,1,0.649445490476239,0.11320867157328811,0.23734583795047276,0.4,0.2,0.4,0.2390562459461674,0.15999999999999998,1.2645113520651472,0.9600000000000002,0.0,0.0,188.0892675959697,115.0532,39.56294801146707,42.55884000000001,11.539788640941882,9.024417700588279,2.874059809819852,1.8399999999999994,207.42771572508124,127.88788136961668
MOValley,2020,05-01,30,5,2.52779275257196,1.5625,historical_analogs,True,1,0.553240411693226,0.11498809892641136,0.3317714893803626,0.4,0.2,0.4,0.20807363714807714,0.15999999999999998,1.1993933393380416,0.9600000000000002,0.0,0.0,28.059428870226867,21.4092,98.36545229233056,83.97108000000001,2.4747346855001675,2.93666597462637,0.026448060179355776,0.40000000000000013,33.274806937941094,21.59092294152982
MOValley,2020,05-01,60,5,2.52779275257196,1.5625,historical_analogs,True,2,0.6682208268814743,0.26902927866907694,0.06274989444944876,0.4,0.2,0.4,0.6624784169163405,0.26000000000000006,1.3973335866138845,0.56,0.0,0.5,36.77241207713651,25.4724,69.11705867018046,57.97800000000007,2.773558489879952,2.4067932809922885,2.3873052268798967,1.0399999999999996,59.731126828760736,20.723040393742238
MOValley,2020,05-01,90,5,2.52779275257196,1.5625,historical_analogs,True,1,0.3840173775954883,0.553232727955063,0.06274989444944876,0.4,0.2,0.4,0.0757034477743664,0.15999999999999998,0.3510078909192076,0.9600000000000002,1.0,0.0,20.35871946253394,40.12479999999999,33.18182267784536,27.8262000000001,3.0726940617092975,2.0346808159549603,1.0798886689887692,1.12,44.943726742842934,36.46956474011448
MOValley,2020,05-01,season,5,2.52779275257196,1.5625,historical_analogs,True,1,0.3840173775954883,0.553232727955063,0.06274989444944876,0.4,0.2,0.4,0.0757034477743664,0.15999999999999998,0.3510078909192076,0.9600000000000002,1.0,0.0,111.79229838048022,139.06760000000003,114.45864411236931,95.21244000000007,2.862642660037852,2.663437512563922,2.0611219561641807,1.6399999999999997,81.93934932061153,123.59386040190302
MOValley,2020,05-15,30,5,3.9373537845156963,1.0,historical_analogs,True,0,0.43561231374329423,0.28469084620530627,0.2796968400513996,0.4,0.2,0.4,0.19838189136646794,0.25999999999999995,0.4778126606460293,0.56,1.0,0.5,15.227786539884768,11.076399999999996,18.99602663979058,21.331800000000037,6.652750672561766,4.218513048597637,2.7637573274473093,1.7999999999999998,15.221104764254918,9.912519997584859
MOValley,2020,05-15,60,5,3.9373537845156963,1.0,historical_analogs,True,1,0.49968176340324155,0.28469084620530627,0.21562739039145223,0.4,0.2,0.4,0.1480885180824004,0.15999999999999998,0.8078442216672816,0.9600000000000002,0.0,0.0,21.72254896508975,29.257599999999986,27.32266159662022,20.67264000000003,2.2637414863622958,2.375910715059284,1.0483778670341577,1.0799999999999996,27.666779728229884,29.028299269211466
MOValley,2020,05-15,90,5,3.9373537845156963,1.0,historical_analogs,True,1,0.5640416915464808,0.22033091806206703,0.21562739039145223,0.4,0.2,0.4,0.18231910064482154,0.15999999999999998,0.9725220786195823,0.9600000000000002,0.0,0.0,41.7565141590461,47.8008,14.265737658918143,11.556720000000077,2.5860560594842887,2.6499500894664125,1.0173978010694882,1.1599999999999997,38.6527436600509,35.22814816981483
MOValley,2020,05-15,season,5,3.9373537845156963,1.0,historical_analogs,True,1,0.5640416915464808,0.22033091806206703,0.21562739039145223,0.4,0.2,0.4,0.18231910064482154,0.15999999999999998,0.9725220786195823,0.9600000000000002,0.0,0.0,92.33872201898498,123.18279999999996,57.43310073610775,41.71535999999999,4.001218159095344,2.4325996251209343,2.1613506583589803,1.56,86.86648108207953,114.86923168019015
MOValley,2020,06-01,30,5,2.6247795796275954,1.25,historical_analogs,True,1,0.265674052627192,0.5353074810594182,0.19901846631338974,0.4,0.2,0.4,0.05509552608654493,0.15999999999999998,0.3261301893324329,0.9600000000000002,1.0,0.0,15.339318402470095,13.182399999999994,37.81966591553642,29.04299999999995,2.429173899972922,2.121770743860118,1.2789153060083784,0.7999999999999998,16.304631353936035,13.915978548837007
MOValley,2020,06-01,60,5,2.6247795796275954,1.25,historical_analogs,True,1,0.265674052627192,0.5353074810594182,0.19901846631338974,0.4,0.2,0.4,0.05509552608654493,0.15999999999999998,0.3261301893324329,0.9600000000000002,1.0,0.0,15.74390756631281,24.330399999999997,85.47772271311202,67.90104000000005,3.9418630925205287,2.0684579469776234,0.7033838916175281,0.47999999999999976,19.499979290003036,24.97714115208551
MOValley,2020,06-01,90,5,2.6247795796275954,1.25,historical_analogs,True,1,0.265674052627192,0.5353074810594182,0.19901846631338974,0.4,0.2,0.4,0.05509552608654493,0.15999999999999998,0.3261301893324329,0.9600000000000002,1.0,0.0,66.05163410523743,58.79,65.77673812214441,47.145239999999795,4.833598034505627,4.322456424393579,0.8719440260664282,1.8,69.04558119240473,65.93295334438116
MOValley,2020,06-01,season,5,2.6247795796275954,1.25,historical_analogs,True,1,0.265674052627192,0.5353074810594182,0.19901846631338974,0.4,0.2,0.4,0.05509552608654493,0.15999999999999998,0.3261301893324329,0.9600000000000002,1.0,0.0,90.81897744718654,126.8484,17.874427113594514,25.883639999999872,2.3342764714916715,3.4727102080917955,2.74559137961419,2.2799999999999994,89.16183477206589,127.73130226595639
MOValley,2020,06-15,30,5,2.1258436050105027,4.76837158203125,historical_analogs,True,1,0.12187438343257101,0.6561270262007954,0.2219985903666336,0.4,0.2,0.4,0.03206836973092084,0.15999999999999998,0.18238536157135016,0.9600000000000002,1.0,0.0,16.40712477494185,21.3756,34.94439905329715,10.783439999999935,3.7104440027644436,6.228516001143825,1.1940002896996464,1.88,12.938915180019489,21.5397165755584
MOValley,2020,06-15,60,5,2.1258436050105027,4.76837158203125,historical_analogs,True,1,0.12187438343257101,0.09414898845471191,0.7839766281127172,0.4,0.2,0.4,0.31473635938202743,0.15999999999999998,1.4500387738816767,0.9600000000000002,0.0,0.0,81.9930663175382,35.84039999999999,55.16687027806445,18.67356000000003,2.2973284426930007,6.1701299645162315,2.9088634441829107,3.000000000000001,79.20616879433851,35.90519036487957
MOValley,2020,06-15,90,5,2.1258436050105027,4.76837158203125,historical_analogs,True,1,0.12187438343257101,0.6561270262007954,0.2219985903666336,0.4,0.2,0.4,0.03206836973092084,0.15999999999999998,0.18238536157135016,0.9600000000000002,1.0,0.0,55.32337087257914,48.53599999999998,11.340755345357401,35.63100000000005,3.8918721505770195,2.449733177342668,3.0047518469048233,1.6,43.918563840493555,47.37762939543795
MOValley,2020,06-15,season,5,2.1258436050105027,4.76837158203125,historical_analogs,True,1,0.12187438343257101,0.6561270262007954,0.2219985903666336,0.4,0.2,0.4,0.03206836973092084,0.15999999999999998,0.18238536157135016,0.9600000000000002,1.0,0.0,123.9532029792401,125.9888,46.4053309504893,58.78079999999986,7.908907120789672,3.5999531959511852,4.46112639526441,1.7999999999999998,114.06740499295768,124.29656535986587
MOValley,2020,07-01,30,5,3.274176115753423,1.0,historical_analogs,True,0,0.14785186231090056,0.29528109585469126,0.5568670418344082,0.4,0.2,0.4,0.5181286754242025,0.25999999999999995,1.1234482764175524,0.56,0.0,0.5,37.78205055311068,19.516799999999996,26.30522493355726,27.899639999999973,1.1338539339162113,1.5925277012125454,1.2049011704717132,1.36,31.865829509925433,15.142372047513433
MOValley,2020,07-01,60,5,3.274176115753423,1.0,historical_analogs,True,0,0.3313647493265152,0.1117682088390766,0.5568670418344082,0.4,0.2,0.4,0.3785870003622991,0.25999999999999995,0.7696661332316936,0.56,0.0,0.5,101.61531115084645,82.43720000000002,8.169355758239949,18.06696000000005,2.676347096381952,2.145753561132871,1.350155198857382,1.3199999999999998,93.89007076796788,79.58850289975048
MOValley,2020,07-01,90,5,3.274176115753423,1.0,historical_analogs,True,0,0.3313647493265152,0.1117682088390766,0.5568670418344082,0.4,0.2,0.4,0.3785870003622991,0.25999999999999995,0.7696661332316936,0.56,0.0,0.5,93.07870670926482,111.56960000000001,88.18872813907834,66.17736000000025,3.203044432819354,2.697679979229557,1.7836410354015955,1.7999999999999998,79.77839579602933,102.73325554592073
MOValley,2020,07-01,season,5,3.274176115753423,1.0,historical_analogs,True,0,0.3313647493265152,0.1117682088390766,0.5568670418344082,0.4,0.2,0.4,0.3785870003622991,0.25999999999999995,0.7696661332316936,0.56,0.0,0.5,107.3959499550476,136.22679999999997,99.62196789843246,60.91271999999993,3.6753860514899124,3.2566043257055917,1.8130661619173472,1.8799999999999994,101.85665877826429,133.82783805045372
MOValley,2020,07-15,30,5,4.617206518094617,1.0,historical_analogs,True,1,0.38348343513959293,0.19455466364378335,0.42196190121662364,0.4,0.2,0.4,0.16255569555240504,0.15999999999999998,0.973853580962789,0.9600000000000002,0.0,0.0,13.772805669727557,13.547999999999995,4.894544131759799,7.528679999999962,2.7145918328986056,1.9153270017048758,1.46338040266111,1.1199999999999999,14.454219554479607,13.776610201303804
MOValley,2020,07-15,60,5,4.617206518094617,1.0,historical_analogs,True,0,0.38348343513959293,0.19455466364378335,0.42196190121662364,0.4,0.2,0.4,0.27907226041281213,0.25999999999999995,0.5959960379711698,0.56,0.0,0.5,29.98172346596324,38.56519999999999,60.922557738523274,48.40164000000006,3.2073174439584022,3.6549377540258607,1.744377699534215,2.1199999999999997,32.721556935522216,40.336766002371064
MOValley,2020,07-15,90,5,4.617206518094617,1.0,historical_analogs,True,0,0.38348343513959293,0.19455466364378335,0.42196190121662364,0.4,0.2,0.4,0.27907226041281213,0.25999999999999995,0.5959960379711698,0.56,0.0,0.5,79.68809335700622,99.12119999999997,86.52198238788446,73.09187999999983,3.9071002279486082,3.8096477548192382,1.4719862215565187,1.92,82.21958812349395,101.27390588094445
MOValley,2020,07-15,season,5,4.617206518094617,1.0,historical_analogs,True,0,0.38348343513959293,0.19455466364378335,0.42196190121662364,0.4,0.2,0.4,0.27907226041281213,0.25999999999999995,0.5959960379711698,0.56,0.0,0.5,79.90242809763006,99.45559999999996,83.36630349466128,70.71047999999985,3.9071002279486082,3.8096477548192382,1.4719862215565187,1.92,82.79685374583357,102.07938119920408
MOValley,2020,08-01,30,5,2.8213638676935595,1.0,historical_analogs,True,0,0.5237010676533539,0.1696737043851194,0.3066252279615268,0.4,0.2,0.4,0.1604398516885066,0.25999999999999995,0.34966886933678215,0.56,1.0,0.5,44.757944697903675,64.888,12.405883089509771,9.76247999999995,2.9328628353599013,2.1790231609002513,2.0268969474250484,2.3599999999999994,44.00794258397168,69.9187573467378
MOValley,2020,08-01,60,5,2.8213638676935595,1.0,historical_analogs,True,0,0.5237010676533539,0.1696737043851194,0.3066252279615268,0.4,0.2,0.4,0.1604398516885066,0.25999999999999995,0.34966886933678215,0.56,1.0,0.5,45.08380163766457,82.18560000000001,121.9415430522728,123.40871999999995,5.115677009896125,3.2345244759829903,1.434068245513207,2.4,38.37925185380663,81.27915268957608
MOValley,2020,08-01,90,5,2.8213638676935595,1.0,historical_analogs,True,0,0.5237010676533539,0.1696737043851194,0.3066252279615268,0.4,0.2,0.4,0.1604398516885066,0.25999999999999995,0.34966886933678215,0.56,1.0,0.5,48.15201802101069,114.55880000000002,143.22283721726848,137.38895999999997,5.278616906843249,3.5524357843107532,1.444738097649243,2.44,54.75828442368605,116.47041565859467
MOValley,2020,08-01,season,5,2.8213638676935595,1.0,historical_analogs,True,0,0.5237010676533539,0.1696737043851194,0.3066252279615268,0.4,0.2,0.4,0.1604398516885066,0.25999999999999995,0.34966886933678215,0.56,1.0,0.5,46.35102103898295,94.2132,86.75803831628886,84.67884000000001,5.222660087603798,3.544256037277467,1.444738097649243,2.44,52.9074427914621,100.04804536135012
MOValley,2020,08-15,30,5,2.214696098339028,1.0,historical_analogs,True,0,0.2289321132407754,0.6445137654721235,0.12655412128710114,0.4,0.2,0.4,0.3052808158030434,0.25999999999999995,1.0259596254891423,0.56,0.0,0.5,4.424804801417459,21.62999999999999,85.06296156033656,77.10047999999989,4.920954409577469,5.156795415180417,4.286426353973958,3.6400000000000006,6.371353555586552,25.636367644007706
MOValley,2020,08-15,60,5,2.214696098339028,1.0,historical_analogs,True,0,0.2289321132407754,0.6445137654721235,0.12655412128710114,0.4,0.2,0.4,0.3052808158030434,0.25999999999999995,1.0259596254891423,0.56,0.0,0.5,16.25157155263706,65.6528,97.1320131738784,72.41615999999988,2.269363359421458,3.496460883155117,3.5124813086860214,3.28,18.424634567469454,70.54704264012985
MOValley,2020,08-15,90,5,2.214696098339028,1.0,historical_analogs,True,0,0.2289321132407754,0.6445137654721235,0.12655412128710114,0.4,0.2,0.4,0.3052808158030434,0.25999999999999995,1.0259596254891423,0.56,0.0,0.5,25.53366180136593,61.28679999999998,141.17625673244447,80.25731999999999,2.1127602042770564,3.4392026539221145,3.5124813086860214,3.28,31.102604578559152,64.63242787183322
MOValley,2020,08-15,season,5,2.214696098339028,1.0,historical_analogs,True,0,0.2289321132407754,0.6445137654721235,0.12655412128710114,0.4,0.2,0.4,0.3052808158030434,0.25999999999999995,1.0259596254891423,0.56,0.0,0.5,16.278332586294425,65.79560000000001,102.87947986854249,74.69531999999988,2.269363359421458,3.496460883155117,3.5124813086860214,3.28,18.733506687094874,70.75109362154589
MOValley,2021,05-01,30,5,2.8055462372717725,1.0,historical_analogs,True,2,0.37537117047245205,0.20625987128602907,0.418368958241519,0.4,0.2,0.4,0.23959909217945732,0.26000000000000006,0.5217413188618438,0.56,1.0,0.5,30.321357008635083,28.35479999999999,41.31399403251304,42.46884,1.874138755264648,2.4215787852224575,0.0851478476763941,0.40000000000000013,33.98145885680269,31.26287654698723
MOValley,2021,05-01,60,5,2.8055462372717725,1.0,historical_analogs,True,1,0.5815564315066262,0.4159813439777018,0.0024622245156720834,0.4,0.2,0.4,0.16910697278814338,0.15999999999999998,0.6792917361583782,0.9600000000000002,0.0,0.0,41.228661719029844,28.7556,42.662776734183325,34.67160000000003,4.195240621388649,2.4067932809922885,2.1894745624482206,1.0399999999999996,53.88478429135164,34.42741201773384
MOValley,2021,05-01,90,5,2.8055462372717725,1.0,historical_analogs,True,2,0.5815564315066262,0.4159813439777018,0.0024622245156720834,0.4,0.2,0.4,0.6666447482724713,0.26000000000000006,1.5063299750824375,0.56,0.0,0.5,99.82973037294518,102.1456,34.67864820952208,26.03772000000005,3.1055521229485725,2.0346808159549594,1.6096812088019845,1.12,87.69581863110857,96.32620790190927
MOValley,2021,05-01,season,5,2.8055462372717725,1.0,historical_analogs,True,2,0.6222412152637309,0.3752965602205971,0.0024622245156720834,0.4,0.2,0.4,0.6911328717455532,0.26000000000000006,1.5231132516045183,0.56,0.0,0.5,72.96720643209963,84.46280000000004,36.14273799134689,61.481880000000096,5.166083995364879,3.697227453381645,3.151092686080131,3.5600000000000005,88.7322290590982,91.59877755947016
MOValley,2021,05-15,30,5,3.8674085255652044,1.0,historical_analogs,True,1,0.22393982691659892,0.35318824869989046,0.4228719243835106,0.4,0.2,0.4,0.1144848552556249,0.15999999999999998,0.6473351521311644,0.9600000000000002,0.0,0.0,13.86717771838358,7.418799999999994,34.30251505752973,21.331800000000044,2.2402371878044924,1.8294359134502716,0.8663897964421903,0.8400000000000001,18.15037709032304,9.966065219935107
MOValley,2021,05-15,60,5,3.8674085255652044,1.0,historical_analogs,True,2,0.4553808029064056,0.35318824869989046,0.19143094839370392,0.4,0.2,0.4,0.43057779343559377,0.26000000000000006,0.9858975258908835,0.56,0.0,0.5,53.666967599498044,56.31039999999996,18.34680597606253,13.97232000000001,3.0183656887610786,2.375910715059283,1.369151327193259,1.0799999999999996,41.96441781798845,51.34740503517865
MOValley,2021,05-15,90,5,3.8674085255652044,1.0,historical_analogs,True,2,0.6525599346591887,0.06793070996949155,0.2795093553713197,0.4,0.2,0.4,0.4724706186599279,0.26000000000000006,0.949555818676815,0.56,0.0,0.5,72.28257946795188,74.72879999999992,15.287804590673616,11.556720000000077,3.5300202335402693,2.6499500894664134,1.4220298297750293,1.1600000000000001,60.13498339449319,68.35133958169132
MOValley,2021,05-15,season,5,3.8674085255652044,1.0,historical_analogs,True,2,0.6525599346591887,0.06793070996949155,0.2795093553713197,0.4,0.2,0.4,0.4724706186599279,0.26000000000000006,0.949555818676815,0.56,0.0,0.5,68.92874579909598,74.55880000000002,98.63834534944736,109.96704000000035,5.027901633555745,3.5581248553151728,2.8189156109945586,3.48,78.84025764398487,79.86984986400498
MOValley,2021,06-01,30,5,2.886991628144279,1.0,historical_analogs,True,1,0.44546179379381956,0.018647496485015316,0.5358907097211649,0.4,0.2,0.4,0.24280753124773075,0.15999999999999998,1.4486677986505891,0.9600000000000002,0.0,0.0,16.918858178634423,13.177599999999998,8.179282887058656,15.296759999999985,1.2612077872272103,3.2953307719578273,0.8168642319430568,1.2800000000000002,18.887856939622672,10.748621465604746
MOValley,2021,06-01,60,5,2.886991628144279,1.0,historical_analogs,True,2,0.44546179379381956,0.22023065726801105,0.33430754893816916,0.4,0.2,0.4,0.3207913245653576,0.26000000000000006,0.6900841915314155,0.56,0.0,0.5,82.92134609784821,91.12239999999997,5.504766037849231,16.389359999999932,2.654840707889802,2.853500076422103,1.210404782830356,1.4400000000000004,74.02315379098138,79.27018135311562
MOValley,2021,06-01,90,5,2.886991628144279,1.0,historical_analogs,True,2,0.44546179379381956,0.22023065726801105,0.33430754893816916,0.4,0.2,0.4,0.3207913245653576,0.26000000000000006,0.6900841915314155,0.56,0.0,0.5,104.88691720776288,107.30839999999995,12.982869803458776,35.96508000000006,5.0073732872349686,3.7677109079486204,2.1710241719753665,1.32,97.82361962486429,94.31816687904578
MOValley,2021,06-01,season,5,2.886991628144279,1.0,historical_analogs,True,2,0.44546179379381956,0.22023065726801105,0.33430754893816916,0.4,0.2,0.4,0.3207913245653576,0.26000000000000006,0.6900841915314155,0.56,0.0,0.5,114.63821704188207,52.376400000000004,81.80239114671768,111.30300000000005,6.233024672357088,3.4727102080917955,2.8292740796356917,2.2799999999999994,119.5155461511839,57.15047313780863
MOValley,2021,06-15,30,5,4.153092164410371,1.0,historical_analogs,True,2,0.3230651933307035,0.2734596604229638,0.4034751462463327,0.4,0.2,0.4,0.23010651014381955,0.26000000000000006,0.5349932061662818,0.56,1.0,0.5,60.168145436736154,66.9612,26.29108472857909,24.42599999999989,2.60084854280729,2.322831700516754,0.6881994618830085,0.44000000000000006,60.76933804794215,67.865702750131
MOValley,2021,06-15,60,5,4.153092164410371,1.0,historical_analogs,True,2,0.3230651933307035,0.2734596604229638,0.4034751462463327,0.4,0.2,0.4,0.23010651014381955,0.26000000000000006,0.5349932061662818,0.56,1.0,0.5,76.67093981925603,71.65800000000002,17.236218067884906,18.673560000000034,3.349880387755566,3.065487007101771,0.9168945862351747,0.6000000000000001,71.44799664684123,65.26193686333501
MOValley,2021,06-15,90,5,4.153092164410371,1.0,historical_analogs,True,2,0.3230651933307035,0.2734596604229638,0.4034751462463327,0.4,0.2,0.4,0.23010651014381955,0.26000000000000006,0.5349932061662818,0.56,1.0,0.5,85.45053592907482,89.75359999999999,44.415182642877525,39.843000000000096,3.6145738853819207,2.774034427306841,2.32508797391633,2.08,87.17796715191379,89.63649068512964
MOValley,2021,06-15,season,5,4.153092164410371,1.0,historical_analogs,True,2,0.3230651933307035,0.2734596604229638,0.4034751462463327,0.4,0.2,0.4,0.23010651014381955,0.26000000000000006,0.5349932061662818,0.56,1.0,0.5,85.67574420460477,52.24159999999999,77.34173288525804,74.5920000000001,4.059597275838744,2.925432033423804,2.4809691530006797,2.2800000000000002,88.70569300332362,56.73129638886371
MOValley,2021,07-01,30,5,3.83464764929103,1.0,historical_analogs,True,2,0.4170449391634779,0.23548434579208205,0.34747071504444016,0.4,0.2,0.4,0.2998604745032417,0.26000000000000006,0.6551738261196081,0.56,0.0,0.5,102.55931649555704,100.104,15.970301545692372,13.39308000000004,0.9755987169914404,1.5925277012125454,0.3296059973206684,0.39999999999999997,105.9121397477303,102.73201209106048
MOValley,2021,07-01,60,5,3.83464764929103,1.0,historical_analogs,True,2,0.4170449391634779,0.23548434579208205,0.34747071504444016,0.4,0.2,0.4,0.2998604745032417,0.26000000000000006,0.6551738261196081,0.56,0.0,0.5,124.02495264414027,113.03720000000006,13.163593606003374,19.350000000000165,2.683999315476288,2.151165607705593,2.4898273071919075,1.7999999999999998,125.52193533722311,110.98027786233993
MOValley,2021,07-01,90,5,3.83464764929103,1.0,historical_analogs,True,2,0.4170449391634779,0.23548434579208205,0.34747071504444016,0.4,0.2,0.4,0.2998604745032417,0.26000000000000006,0.6551738261196081,0.56,0.0,0.5,74.09568650246351,39.036799999999985,56.41941334876729,38.48184000000001,3.6594890600034296,2.697679979229555,3.632332742267205,2.759999999999999,79.02797361105871,43.785666344662175
MOValley,2021,07-01,season,5,3.83464764929103,1.0,historical_analogs,True,2,0.4170449391634779,0.23548434579208205,0.34747071504444016,0.4,0.2,0.4,0.2998604745032417,0.26000000000000006,0.6551738261196081,0.56,0.0,0.5,89.61368485071277,47.249200000000016,84.73419001049072,75.23352000000006,4.2927480553577135,3.25660432570559,3.6820016798064,2.84,93.1794565159658,51.99864537308311
MOValley,2021,07-15,30,5,3.500982665386186,1.0,historical_analogs,True,2,0.47273641595779625,0.08918341717261595,0.43808016686958784,0.4,0.2,0.4,0.2696168089189664,0.26000000000000006,0.5471872997365177,0.56,0.0,0.5,24.286279856974545,21.83279999999999,15.037386446326561,7.528679999999962,1.9877847825370232,1.915327001704874,0.7284013398124861,0.64,21.43745339244392,19.40258100314226
MOValley,2021,07-15,60,5,3.500982665386186,1.0,historical_analogs,True,2,0.2749678675158012,0.08918341717261595,0.6358487153115828,0.4,0.2,0.4,0.10410674315320594,0.26000000000000006,0.2161671682049967,0.56,1.0,0.5,19.63191607554419,27.1172,82.4491673767913,57.34836000000012,4.297607437253938,3.65493775402586,1.7765237376877172,2.12,19.373455647994103,24.194167791609264
MOValley,2021,07-15,90,5,3.500982665386186,1.0,historical_analogs,True,2,0.2749678675158012,0.08918341717261595,0.6358487153115828,0.4,0.2,0.4,0.10410674315320594,0.26000000000000006,0.2161671682049967,0.56,1.0,0.5,39.73616498725946,40.24919999999998,140.82958590131557,92.70036000000012,3.8560783682733977,3.8096477548192382,1.7785812035543325,2.4000000000000004,46.41970212804792,44.86038945076983
MOValley,2021,07-15,season,5,3.500982665386186,1.0,historical_analogs,True,2,0.2749678675158012,0.08918341717261595,0.6358487153115828,0.4,0.2,0.4,0.10410674315320594,0.26000000000000006,0.2161671682049967,0.56,1.0,0.5,40.323203883508,40.58359999999996,146.4884666933396,95.11848000000016,3.8560783682733977,3.8096477548192382,1.7785812035543325,2.4000000000000004,47.58499374226844,45.59296552129945
MOValley,2021,08-01,30,5,2.5079402613359867,3.0517578125,historical_analogs,True,1,0.18987371439353343,0.07003068919621588,0.7400955964102506,0.4,0.2,0.4,0.29189675962172085,0.15999999999999998,1.4486364382803067,0.9600000000000002,0.0,0.0,13.312352032056396,29.900799999999997,32.99166922108756,34.00200000000012,2.150556410231126,2.1790231609002504,2.6758173819103797,1.4,9.193108170614313,27.42336699498762
MOValley,2021,08-01,60,5,2.5079402613359867,3.0517578125,historical_analogs,True,1,0.18987371439353343,0.07003068919621588,0.7400955964102506,0.4,0.2,0.4,0.29189675962172085,0.15999999999999998,1.4486364382803067,0.9600000000000002,0.0,0.0,12.46170168162028,31.348799999999997,26.802913962868722,32.69736000000008,5.561760355837568,3.2345244759829903,5.136162121788415,2.4000000000000004,12.197402142918499,34.68619912139525
MOValley,2021,08-01,90,5,2.5079402613359867,3.0517578125,historical_analogs,True,1,0.18987371439353343,0.07003068919621588,0.7400955964102506,0.4,0.2,0.4,0.29189675962172085,0.15999999999999998,1.4486364382803067,0.9600000000000002,0.0,0.0,25.27351217694759,44.709199999999996,33.19182129254036,75.57840000000013,6.886065173383017,3.5524357843107532,5.487069621621518,2.4400000000000004,25.173693277234328,48.078814410264556
MOValley,2021,08-01,season,5,2.5079402613359867,3.0517578125,historical_analogs,True,1,0.18987371439353343,0.07003068919621588,0.7400955964102506,0.4,0.2,0.4,0.29189675962172085,0.15999999999999998,1.4486364382803067,0.9600000000000002,0.0,0.0,35.40478785082345,46.80359999999999,64.9823188076427,86.2081200000001,6.882385446600481,3.544256037277467,5.487069621621518,2.4400000000000004,39.055057752804814,52.06225162736554
MOValley,2021,08-15,30,5,4.063643345615168,1.0,historical_analogs,True,2,0.2981238683375585,0.3721724842832186,0.329703647379223,0.4,0.2,0.4,0.2690875206046335,0.26000000000000006,0.6766873992668095,0.56,0.0,0.5,12.531854673384608,21.629999999999995,54.59257788472845,44.683200000000134,3.059791912798723,2.583720591841348,0.6492285935903883,1.2399999999999998,15.447015293528153,25.52317005054676
MOValley,2021,08-15,60,5,4.063643345615168,1.0,historical_analogs,True,2,0.2981238683375585,0.3721724842832186,0.329703647379223,0.4,0.2,0.4,0.2690875206046335,0.26000000000000006,0.6766873992668095,0.56,0.0,0.5,59.56608093676521,47.25439999999999,107.94177404941823,89.05248000000003,3.0542524920317318,2.5077830555393152,0.9783598393913657,1.8399999999999999,65.97168003145174,52.460566853712265
MOValley,2021,08-15,90,5,4.063643345615168,1.0,historical_analogs,True,2,0.2981238683375585,0.3721724842832186,0.329703647379223,0.4,0.2,0.4,0.2690875206046335,0.26000000000000006,0.6766873992668095,0.56,0.0,0.5,46.54822130022589,58.24359999999999,122.7882766685423,79.32420000000005,3.074715577780112,2.548681790705748,0.9783598393913657,1.8399999999999999,54.52429467136834,64.52079740881413
MOValley,2021,08-15,season,5,4.063643345615168,1.0,historical_analogs,True,2,0.2981238683375585,0.3721724842832186,0.329703647379223,0.4,0.2,0.4,0.2690875206046335,0.26000000000000006,0.6766873992668095,0.56,0.0,0.5,59.53060867356266,47.1524,109.60854664238363,90.6102000000001,3.0542524920317318,2.5077830555393152,0.9783598393913657,1.8399999999999999,66.00739018133739,52.31762560882005
MOValley,2022,05-01,30,5,2.859566832893552,1.0,historical_analogs,True,1,0.2488406969010266,0.07422478910177933,0.6769345139971941,0.4,0.2,0.4,0.26008101433740294,0.15999999999999998,1.3772217697884508,0.9600000000000002,0.0,0.0,34.06960741185365,21.4092,55.18905209984804,42.46884,6.464851798644235,4.475805983080858,1.942571080304115,1.3599999999999999,36.82120382898521,21.606604545410754
MOValley,2022,05-01,60,5,2.859566832893552,1.0,historical_analogs,True,0,0.7459125904563334,0.07422478910177933,0.17986262044188725,0.4,0.2,0.4,0.04845548696041668,0.25999999999999995,0.10242029323803697,0.56,1.0,0.5,49.73866941143461,31.31879999999998,56.355654831223106,34.671600000000026,12.632634906448274,6.809648742794666,5.637259580821117,3.4400000000000004,66.39692387889268,41.54285560907914
MOValley,2022,05-01,90,5,2.859566832893552,1.0,historical_analogs,True,0,0.7459125904563334,0.07422478910177933,0.17986262044188725,0.4,0.2,0.4,0.04845548696041668,0.25999999999999995,0.10242029323803697,0.56,1.0,0.5,50.986502930338816,37.9264,54.21036357448364,26.037720000000036,16.983483217900577,13.608092546730457,6.197113716967008,4.4799999999999995,78.38853494354233,54.96306902373958
MOValley,2022,05-01,season,5,2.859566832893552,1.0,historical_analogs,True,0,0.5858661829189374,0.23427119663917526,0.17986262044188725,0.4,0.2,0.4,0.1019286903411767,0.25999999999999995,0.2587403742571045,0.56,1.0,0.5,193.37590151233215,137.84840000000003,85.62587631799262,75.66443999999987,31.760450622342468,28.615361421812253,6.593714779322372,5.000000000000001,227.5245071288207,170.90147335660254
MOValley,2022,05-15,30,5,4.218065043034472,1.0,historical_analogs,True,1,0.23023529606238102,0.28394157734029324,0.48582312659732574,0.4,0.2,0.4,0.14451620094486672,0.15999999999999998,0.8017720665516407,0.9600000000000002,0.0,0.0,9.25250999871313,8.873199999999997,39.004070670462326,33.95484000000005,1.617504468031898,1.8294359134502711,0.7849254388878313,0.8400000000000001,16.095217048022132,15.11432755119035
MOValley,2022,05-15,60,5,4.218065043034472,1.0,historical_analogs,True,0,0.43511890930872177,0.037863346584229005,0.5270177441070493,0.4,0.2,0.4,0.29841917461212564,0.25999999999999995,0.5982719822388087,0.56,0.0,0.5,53.05166649674386,35.46879999999999,15.666171789702574,13.97232000000001,5.338792438725576,5.3716779461817,2.4419654763096226,2.52,56.56948298236054,40.57798017865251
MOValley,2022,05-15,90,5,4.218065043034472,1.0,historical_analogs,True,0,0.2806103064147987,0.192371949478152,0.5270177441070493,0.4,0.2,0.4,0.39763461692014657,0.25999999999999995,0.8322762007863178,0.56,0.0,0.5,103.18022587386318,80.21999999999997,15.85477291262064,12.602159999999913,21.31512325646903,21.996545261439422,5.168848714523145,5.48,122.12147655603428,104.93752899435046
MOValley,2022,05-15,season,5,4.218065043034472,1.0,historical_analogs,True,0,0.2806103064147987,0.192371949478152,0.5270177441070493,0.4,0.2,0.4,0.39763461692014657,0.25999999999999995,0.8322762007863178,0.56,0.0,0.5,214.33065485870293,150.74439999999996,52.608694955140685,62.4470399999999,23.714257541442155,22.95482403383952,3.776782337160035,3.0,239.48603136286627,179.91218394250996
MOValley,2022,06-01,30,5,3.3623670638400855,1.0,historical_analogs,True,0,0.0733438865787001,0.35229909351720734,0.5743570199040925,0.4,0.2,0.4,0.5942887694270896,0.25999999999999995,1.3126921901472253,0.56,0.0,0.5,53.54943926648451,32.07040000000001,22.543614387819797,13.387320000000006,1.4969208803319702,3.091059909244701,2.591715335645799,3.1999999999999997,53.030928427616146,37.902353506913926
MOValley,2022,06-01,60,5,3.3623670638400855,1.0,historical_analogs,True,0,0.2491780858458804,0.06936437240265207,0.6814575417514674,0.4,0.2,0.4,0.5140589639920046,0.25999999999999995,1.032929344142823,0.56,0.0,0.5,79.43563078476421,40.89999999999999,7.351530691093956,16.022159999999985,9.177536948182953,10.093283752163831,3.8438443446760764,4.32,95.46455226545237,60.56894285777241
MOValley,2022,06-01,90,5,3.3623670638400855,1.0,historical_analogs,True,0,0.2491780858458804,0.06936437240265207,0.6814575417514674,0.4,0.2,0.4,0.5140589639920046,0.25999999999999995,1.032929344142823,0.56,0.0,0.5,106.00296514593518,58.79,16.56379542926569,33.921720000000015,18.178505620053283,19.4505766787411,4.731334915484205,4.68,130.28720914118918,86.64273143370532
MOValley,2022,06-01,season,5,3.3623670638400855,1.0,historical_analogs,True,0,0.2491780858458804,0.06936437240265207,0.6814575417514674,0.4,0.2,0.4,0.5140589639920046,0.25999999999999995,1.032929344142823,0.56,0.0,0.5,164.98987962488135,162.21479999999997,66.68145422932483,79.40411999999999,23.39846940147796,23.592440927386455,5.454623254500328,4.199999999999999,195.69006019433485,193.89246084913685
MOValley,2022,06-15,30,5,2.031442355929067,1.25,historical_analogs,True,0,0.7793034536222944,0.198357466821756,0.02233907955594977,0.4,0.2,0.4,0.02460300002922691,0.25999999999999995,0.08855168470239787,0.56,1.0,0.5,31.23219346763737,41.47319999999999,22.840047539648104,21.08663999999989,11.95901712587171,7.6083649263659225,4.179610662225827,2.8400000000000003,48.090325208656225,56.6787038554519
MOValley,2022,06-15,60,5,2.031442355929067,1.25,historical_analogs,True,0,0.7793034536222944,3.654718935236347e-54,0.22069654637770578,0.4,0.2,0.4,0.048706965583046775,0.25999999999999995,0.09741393116609362,0.56,1.0,0.5,60.55421233728773,83.9748,31.347819967677133,40.72716000000022,28.212323810620454,23.977151905953292,7.096055447919565,5.880000000000001,101.63503117493177,121.16424037856541
MOValley,2022,06-15,90,5,2.031442355929067,1.25,historical_analogs,True,0,0.7793034536222944,0.198357466821756,0.02233907955594977,0.4,0.2,0.4,0.02460300002922691,0.25999999999999995,0.08855168470239787,0.56,1.0,0.5,54.80501217204762,96.8144,99.50426468527054,63.127799999999766,23.85146908141065,24.18657978627887,2.6491568514502535,3.520000000000001,94.37862402585608,133.78865772303607
MOValley,2022,06-15,season,5,2.031442355929067,1.25,historical_analogs,True,0,0.7793034536222944,0.198357466821756,0.02233907955594977,0.4,0.2,0.4,0.02460300002922691,0.25999999999999995,0.08855168470239787,0.56,1.0,0.5,72.38144500476076,177.44480000000004,125.72336821463146,80.59679999999975,25.57119917895979,25.224881433226514,3.370478971738574,4.199999999999999,112.71209412572398,215.23859631484046
MOValley,2022,07-01,30,5,3.2901086140135734,1.0,historical_analogs,True,1,0.5644888499184793,4.2312238897798303e-05,0.4354688378426228,0.4,0.2,0.4,0.254140385207146,0.15999999999999998,1.5081961477268218,0.9600000000000002,0.0,0.0,8.626875302226455,8.6736,12.557088059236765,15.76908000000001,2.751324391624867,5.081819827957271,0.10213264719735998,0.39999999999999997,9.846611568099135,12.08971826789574
MOValley,2022,07-01,60,5,3.2901086140135734,1.0,historical_analogs,True,1,0.5644888499184793,4.2312238897798303e-05,0.4354688378426228,0.4,0.2,0.4,0.254140385207146,0.15999999999999998,1.5081961477268218,0.9600000000000002,0.0,0.0,19.930128240282237,35.617999999999995,40.22698204628285,41.63255999999996,14.840152462101878,15.335295484711205,1.1296620540713105,1.3199999999999998,37.78977247096043,49.13773107236484
MOValley,2022,07-01,90,5,3.2901086140135734,1.0,historical_analogs,True,1,0.5644888499184793,4.2312238897798303e-05,0.4354688378426228,0.4,0.2,0.4,0.254140385207146,0.15999999999999998,1.5081961477268218,0.9600000000000002,0.0,0.0,95.15222818003087,88.89439999999999,24.906183157038228,49.873679999999986,20.18702884170271,20.826746153531342,2.111945854992534,2.28,112.93184655008706,104.14299602690019
MOValley,2022,07-01,season,5,3.2901086140135734,1.0,historical_analogs,True,1,0.5644888499184793,4.2312238897798303e-05,0.4354688378426228,0.4,0.2,0.4,0.254140385207146,0.15999999999999998,1.5081961477268218,0.9600000000000002,0.0,0.0,138.53879731728418,124.774,59.179114526155246,69.70391999999984,17.529127437088256,18.831963473194477,2.2876473612817683,2.36,162.78563447753726,147.52187240662144
MOValley,2022,07-15,30,5,4.2394407079229595,1.0,historical_analogs,True,0,0.4721284633138035,0.11207395440848744,0.41579758227770913,0.4,0.2,0.4,0.22576799433571743,0.25999999999999995,0.4640965599281906,0.56,1.0,0.5,23.351949675292655,28.29839999999999,10.213560954270438,13.710600000000134,14.211587467274866,15.155294426857026,2.5992005755683056,2.56,44.71185359550848,48.86936888596432
MOValley,2022,07-15,60,5,4.2394407079229595,1.0,historical_analogs,True,0,0.3971119988743914,0.1870904188478995,0.41579758227770913,0.4,0.2,0.4,0.26818078566461007,0.25999999999999995,0.5713643961539026,0.56,0.0,0.5,42.68892981575961,50.526799999999994,41.492648003385085,31.661640000000055,13.537840853509309,12.899220779394625,1.4691661365662925,1.6400000000000006,69.33400424123576,76.00616162122152
MOValley,2022,07-15,90,5,4.2394407079229595,1.0,historical_analogs,True,0,0.3971119988743914,0.1870904188478995,0.41579758227770913,0.4,0.2,0.4,0.26818078566461007,0.25999999999999995,0.5713643961539026,0.56,0.0,0.5,107.30762005551252,114.26039999999999,65.81308236145358,46.84788000000019,15.771990902227335,13.95759664628536,1.6853247605924968,1.92,136.63576183732778,141.20165089360296
MOValley,2022,07-15,season,5,4.2394407079229595,1.0,historical_analogs,True,0,0.3971119988743914,0.1870904188478995,0.41579758227770913,0.4,0.2,0.4,0.26818078566461007,0.25999999999999995,0.5713643961539026,0.56,0.0,0.5,107.62568547849982,114.59479999999999,70.5877345884259,52.15176000000008,15.771990902227335,13.95759664628536,1.6853247605924968,1.92,137.59805225237017,142.2659541804456
MOValley,2022,08-01,30,5,3.4681435914331304,1.0,historical_analogs,True,0,0.4403875693860406,0.19763502262459912,0.3619774079893603,0.4,0.2,0.4,0.22209685819617964,0.25999999999999995,0.48325331856018505,0.56,1.0,0.5,19.062312257150403,30.020799999999994,33.73387727148322,22.009680000000053,7.900242809923041,8.231261319476598,1.2087273923664945,1.4,23.642894520982825,39.182840343281896
MOValley,2022,08-01,60,5,3.4681435914331304,1.0,historical_analogs,True,0,0.4403875693860406,0.19763502262459912,0.3619774079893603,0.4,0.2,0.4,0.22209685819617964,0.25999999999999995,0.48325331856018505,0.56,1.0,0.5,47.69987179474025,70.24319999999999,57.19089255203674,24.074640000000002,11.487994133197326,11.1810651786242,1.211136291398065,1.9199999999999995,52.5229166873848,80.40364945930747
MOValley,2022,08-01,90,5,3.4681435914331304,1.0,historical_analogs,True,0,0.4403875693860406,0.19763502262459912,0.3619774079893603,0.4,0.2,0.4,0.22209685819617964,0.25999999999999995,0.48325331856018505,0.56,1.0,0.5,66.50212889567304,113.09960000000002,154.05208462705934,74.19600000000007,10.668904591377153,10.218446162323511,1.2293275538948492,1.96,89.42553259009782,135.23311656988886
MOValley,2022,08-01,season,5,3.4681435914331304,1.0,historical_analogs,True,0,0.4403875693860406,0.19763502262459912,0.3619774079893603,0.4,0.2,0.4,0.22209685819617964,0.25999999999999995,0.48325331856018505,0.56,1.0,0.5,63.73668470534919,93.4932,96.12153216662314,49.28075999999997,10.464410915544988,10.013952486491347,1.2293275538948492,1.96,80.65080464260564,110.91933549349449
MOValley,2022,08-15,30,5,2.217246721790963,1.0,historical_analogs,True,1,0.6554059825902985,0.19894458990978706,0.1456494274999145,0.4,0.2,0.4,0.22538537887310373,0.15999999999999998,1.0924605277810067,0.9600000000000002,0.0,0.0,6.513997039702719,21.9996,52.166654402383806,17.605439999999994,2.943446047871844,2.583720591841348,2.267571138572313,1.2399999999999998,10.310876195422988,27.0659966223161
MOValley,2022,08-15,60,5,2.217246721790963,1.0,historical_analogs,True,1,0.6554059825902985,0.19894458990978706,0.1456494274999145,0.4,0.2,0.4,0.22538537887310373,0.15999999999999998,1.0924605277810067,0.9600000000000002,0.0,0.0,25.081690788893667,69.56960000000001,81.11872025943713,40.75919999999998,1.671119677304754,2.5077830555393144,1.9179276533032636,1.3600000000000003,29.97386813995763,77.0092841361074
MOValley,2022,08-15,90,5,2.217246721790963,1.0,historical_analogs,True,1,0.6554059825902985,0.19894458990978706,0.1456494274999145,0.4,0.2,0.4,0.22538537887310373,0.15999999999999998,1.0924605277810067,0.9600000000000002,0.0,0.0,50.872787168447914,90.7972,186.50475886676657,93.28212,1.6075605960523571,2.548681790705748,1.9179276533032636,1.3600000000000003,64.17885344033873,104.33144599765595
MOValley,2022,08-15,season,5,2.217246721790963,1.0,historical_analogs,True,1,0.6554059825902985,0.19894458990978706,0.1456494274999145,0.4,0.2,0.4,0.22538537887310373,0.15999999999999998,1.0924605277810067,0.9600000000000002,0.0,0.0,25.0899755844531,69.71240000000002,87.96843363440986,42.558840000000004,1.671119677304754,2.5077830555393144,1.9179276533032636,1.3600000000000003,30.639770522384822,77.8434047433104
MOValley,2023,05-01,30,5,2.5112915719638917,1.0,historical_analogs,True,0,0.15066276756648656,0.056453114348989274,0.7928841180845241,0.4,0.2,0.4,0.6750194795542468,0.25999999999999995,1.3532259132281936,0.56,0.0,0.5,111.52744900952513,60.6588,155.85783416687713,94.87043999999992,2.1546107790830056,2.0685654006376675,0.04539853906158686,0.40000000000000013,126.47746252181653,71.74083684058473
MOValley,2023,05-01,60,5,2.5112915719638917,1.0,historical_analogs,True,0,0.7173731871719637,0.056453114348989274,0.22617369847904698,0.4,0.2,0.4,0.06551622860651235,0.25999999999999995,0.13421941133272475,0.56,1.0,0.5,130.1364157568239,99.83400000000003,149.15843434137406,76.70952000000005,3.405592342448764,3.8740917722085597,1.65401660954655,3.4400000000000004,177.1883682994844,137.72311924609062
MOValley,2023,05-01,90,5,2.5112915719638917,1.0,historical_analogs,True,1,0.7173731871719637,0.056453114348989274,0.22617369847904698,0.4,0.2,0.4,0.2828894157784761,0.15999999999999998,1.4560595569786738,0.9600000000000002,0.0,0.0,96.74610759893586,65.97760000000004,74.84411232576662,29.69244000000006,3.510214031773347,5.96137505306352,1.4432418919530408,2.5599999999999996,148.71389920771395,101.9087238007986
MOValley,2023,05-01,season,5,2.5112915719638917,1.0,historical_analogs,True,1,0.7173731871719637,0.056453114348989274,0.22617369847904698,0.4,0.2,0.4,0.2828894157784761,0.15999999999999998,1.4560595569786738,0.9600000000000002,0.0,0.0,130.55077072714926,84.46280000000003,79.14760489641543,62.62668000000019,8.421370157794923,4.112379462767984,5.995167409065315,3.08,158.56263984488828,91.7039919534295
MOValley,2023,05-15,30,5,2.456951324636223,1.0,historical_analogs,True,0,0.31963420644894003,0.5769813831666518,0.10338441038440821,0.4,0.2,0.4,0.23679297467244764,0.25999999999999995,0.8064934658657978,0.56,0.0,0.5,62.236807766113074,62.29239999999999,47.941955735512124,31.51836000000003,1.9061200253148247,2.8307638919055362,2.4663742998416156,2.2800000000000002,75.75933885589446,70.68434813016904
MOValley,2023,05-15,60,5,2.456951324636223,1.0,historical_analogs,True,0,0.6728990230008389,0.07686532680958048,0.25023565018958066,0.4,0.2,0.4,0.08480646488980392,0.25999999999999995,0.1755212082451515,0.56,1.0,0.5,35.97216181482946,58.4128,8.349006479818126,17.812800000000323,6.923638630601555,5.096045894775414,4.476945180363043,3.4799999999999995,52.656764138744265,77.87384454535939
MOValley,2023,05-15,90,5,2.456951324636223,1.0,historical_analogs,True,1,0.6728990230008389,0.07686532680958048,0.25023565018958066,0.4,0.2,0.4,0.25770548789064285,0.15999999999999998,1.3675886006276685,0.9600000000000002,0.0,0.0,43.127833650261366,17.820000000000007,35.54457951859108,30.780720000000173,15.973963897781521,9.397916682216263,4.525114416949566,2.5999999999999996,46.479917012151475,18.049687720393294
MOValley,2023,05-15,season,5,2.456951324636223,1.0,historical_analogs,True,1,0.6728990230008389,0.07686532680958048,0.25023565018958066,0.4,0.2,0.4,0.25770548789064285,0.15999999999999998,1.3675886006276685,0.9600000000000002,0.0,0.0,68.34061802373117,74.55879999999999,34.83459038785659,41.71535999999999,7.64584257668867,3.750543219659278,1.1338909719122174,3.0,70.23506588313715,79.70371009164931
MOValley,2023,06-01,30,5,2.488796113176973,2.44140625,historical_analogs,True,0,0.1525278250313899,0.08183337379568491,0.7656388011729253,0.4,0.2,0.4,0.6522059306037702,0.25999999999999995,1.3111085622743248,0.56,0.0,0.5,16.209740112011175,13.177599999999988,40.46549936466903,21.552119999999938,4.270651984567831,2.906925837454033,2.7663885153966152,2.24,16.486551844332528,10.622846123836013
MOValley,2023,06-01,60,5,2.488796113176973,2.44140625,historical_analogs,True,1,0.1525278250313899,0.5812603052148398,0.2662118697537703,0.4,0.2,0.4,0.04706674850330233,0.15999999999999998,0.2694764289953737,0.9600000000000002,1.0,0.0,16.32775985797018,24.330399999999997,106.75519064643244,74.8346399999997,6.0108600221234045,5.4730858937339395,1.1795247720761124,1.4400000000000002,16.962176187274753,24.12645325222234
MOValley,2023,06-01,90,5,2.488796113176973,2.44140625,historical_analogs,True,1,0.1525278250313899,0.5812603052148398,0.2662118697537703,0.4,0.2,0.4,0.04706674850330233,0.15999999999999998,0.2694764289953737,0.9600000000000002,1.0,0.0,68.60934200980037,53.56279999999998,98.5013544344142,67.29371999999985,5.4739923064482845,3.7677109079486213,0.8179301125737903,1.3199999999999998,65.5458611744995,50.463864341683575
MOValley,2023,06-01,season,5,2.488796113176973,2.44140625,historical_analogs,True,1,0.1525278250313899,0.5812603052148398,0.2662118697537703,0.4,0.2,0.4,0.04706674850330233,0.15999999999999998,0.2694764289953737,0.9600000000000002,1.0,0.0,92.19221418449266,52.37639999999999,15.944236281475227,29.542679999999912,1.6391467934684947,3.903940133228579,3.190906860870855,4.199999999999999,86.58043131798337,56.93877845471252
MOValley,2023,06-15,30,5,2.8636009329973966,7.450580596923828,historical_analogs,True,1,0.1672173714641992,0.5272499081007163,0.3055327204350846,0.4,0.2,0.4,0.060655946287929745,0.15999999999999998,0.3448045419666408,0.9600000000000002,1.0,0.0,14.827569208697618,21.3756,60.19956370505504,61.8285599999999,1.877415284838556,3.1621879482658497,0.6379789821236954,0.9199999999999998,12.242409810913276,21.149237580193585
MOValley,2023,06-15,60,5,2.8636009329973966,7.450580596923828,historical_analogs,True,1,0.1672173714641992,0.5272499081007163,0.3055327204350846,0.4,0.2,0.4,0.060655946287929745,0.15999999999999998,0.3448045419666408,0.9600000000000002,1.0,0.0,69.17733132963805,61.443599999999975,79.28719182054067,76.63500000000022,1.955344576953193,4.789759017015785,1.152010148504492,0.6000000000000001,66.60385110486328,61.57611533624939
MOValley,2023,06-15,90,5,2.8636009329973966,7.450580596923828,historical_analogs,True,1,0.1672173714641992,0.5272499081007163,0.3055327204350846,0.4,0.2,0.4,0.060655946287929745,0.15999999999999998,0.3448045419666408,0.9600000000000002,1.0,0.0,41.92040848700249,38.55679999999999,12.41808157138987,30.835799999999942,4.8202560605699905,4.640633754098195,4.168124958716836,4.48,34.479537598592536,34.50097079177627
MOValley,2023,06-15,season,5,2.8636009329973966,7.450580596923828,historical_analogs,True,1,0.1672173714641992,0.5272499081007163,0.3055327204350846,0.4,0.2,0.4,0.060655946287929745,0.15999999999999998,0.3448045419666408,0.9600000000000002,1.0,0.0,81.10383618200652,51.75680000000001,34.97502183305988,36.32111999999998,8.525521980807635,7.723445878618081,6.861418594368937,7.079999999999999,75.10768969048651,56.53081646889652
MOValley,2023,07-01,30,5,3.6230435392171856,1.0,historical_analogs,True,2,0.17865856680136777,0.37451016545293675,0.4468312677456955,0.4,0.2,0.4,0.1689572649176766,0.26000000000000006,0.47817239386293925,0.56,1.0,0.5,19.080867331755123,19.396799999999992,55.12479776082178,54.325079999999865,2.6014378320740996,2.499213742028056,0.38504167509748166,0.39999999999999997,23.36390310932739,23.278307985149837
MOValley,2023,07-01,60,5,3.6230435392171856,1.0,historical_analogs,True,2,0.17865856680136777,0.14744245841385653,0.6738989747847757,0.4,0.2,0.4,0.06913038106896958,0.26000000000000006,0.16000004068106097,0.56,1.0,0.5,35.363942297960165,36.96679999999998,61.318742585017276,46.889999999999745,2.949206667649677,1.5489219226959143,2.8659528626697797,3.24,40.0792029197368,38.35561419845867
MOValley,2023,07-01,90,5,3.6230435392171856,1.0,historical_analogs,True,2,0.17865856680136777,0.14744245841385653,0.6738989747847757,0.4,0.2,0.4,0.06913038106896958,0.26000000000000006,0.16000004068106097,0.56,1.0,0.5,41.669361010572096,39.03679999999999,45.875534343561064,38.481840000000005,4.2101279692271065,3.63138223127209,5.369264100054254,6.119999999999999,46.71330638824765,43.50477240368684
MOValley,2023,07-01,season,5,3.6230435392171856,1.0,historical_analogs,True,2,0.17865856680136777,0.14744245841385653,0.6738989747847757,0.4,0.2,0.4,0.06913038106896958,0.26000000000000006,0.16000004068106097,0.56,1.0,0.5,55.891236845893275,47.249200000000016,55.558477341571184,36.349200000000046,5.3210549576636215,6.293627491878988,7.369264100054254,8.120000000000001,60.307693319948264,51.678305158645955
MOValley,2023,07-15,30,5,3.248688929542197,1.0,historical_analogs,True,2,0.2890102420849611,0.2763004707540629,0.434689287160976,0.4,0.2,0.4,0.20155156104028665,0.26000000000000006,0.47944507221949006,0.56,1.0,0.5,77.30704969343401,84.5112,17.602662711805035,19.676520000000068,1.5624394551392937,2.758305554393639,1.120714713105226,0.6399999999999999,88.82966369484646,95.40728824825601
MOValley,2023,07-15,60,5,3.248688929542197,1.0,historical_analogs,True,2,0.3569148668806603,0.2083958459583637,0.434689287160976,0.4,0.2,0.4,0.22348221212550246,0.26000000000000006,0.490393252863707,0.56,1.0,0.5,20.123820123252717,15.894799999999996,28.70423426425174,19.17684000000006,5.167479834015728,4.883511972477939,6.253725409186123,5.96,19.47610795143392,18.331183400595847
MOValley,2023,07-15,90,5,3.248688929542197,1.0,historical_analogs,True,2,0.3569148668806603,0.2083958459583637,0.434689287160976,0.4,0.2,0.4,0.22348221212550246,0.26000000000000006,0.490393252863707,0.56,1.0,0.5,28.791426004910512,40.24919999999996,47.23551175297352,40.51908000000001,9.181682118273418,7.986398316940913,9.100114060381749,8.64,31.8468612743537,44.86668956168637
MOValley,2023,07-15,season,5,3.248688929542197,1.0,historical_analogs,True,2,0.3569148668806603,0.2083958459583637,0.434689287160976,0.4,0.2,0.4,0.22348221212550246,0.26000000000000006,0.490393252863707,0.56,1.0,0.5,29.292968529596386,40.583599999999976,47.907293692402774,39.33864,9.181682118273418,7.986398316940913,9.100114060381749,8.64,33.10445816556068,45.599265632215975
MOValley,2023,08-01,30,5,2.1323488554670296,1.5625,historical_analogs,True,2,0.3577994963670636,6.862321633763469e-05,0.6421318804165986,0.4,0.2,0.4,0.12804503530734196,0.26000000000000006,0.2560900753238298,0.56,1.0,0.5,16.334408925383883,23.804799999999993,15.849507925293757,9.762479999999957,3.984025735350366,2.2332835562248743,2.8131144773383214,2.36,17.940585474309675,24.38342072861602
MOValley,2023,08-01,60,5,2.1323488554670296,1.5625,historical_analogs,True,2,0.3577994963670636,6.862321633763469e-05,0.6421318804165986,0.4,0.2,0.4,0.12804503530734196,0.26000000000000006,0.2560900753238298,0.56,1.0,0.5,55.49450124433134,31.348799999999997,52.11831239053978,24.07464000000001,7.267025713454004,6.323276324912139,6.437779164354036,6.239999999999999,62.163940823469545,34.55258724013156
MOValley,2023,08-01,90,5,2.1323488554670296,1.5625,historical_analogs,True,2,0.3577994963670636,6.862321633763469e-05,0.6421318804165986,0.4,0.2,0.4,0.12804503530734196,0.26000000000000006,0.2560900753238298,0.56,1.0,0.5,59.52582779865652,44.70919999999998,125.34425057822764,62.09136,8.21938529098983,7.667645773985195,7.437779164354036,7.240000000000001,68.63657322440731,47.92437609244064
MOValley,2023,08-01,season,5,2.1323488554670296,1.5625,historical_analogs,True,2,0.3577994963670636,6.862321633763469e-05,0.6421318804165986,0.4,0.2,0.4,0.12804503530734196,0.26000000000000006,0.2560900753238298,0.56,1.0,0.5,58.19184130445629,46.803599999999996,103.19119737374133,37.668599999999984,8.207065335824385,7.659466026951908,7.437779164354036,7.240000000000001,67.90751005024187,52.060237943060656
MOValley,2023,08-15,30,5,2.4900289497930235,1.953125,historical_analogs,True,0,0.1659322243523763,7.527915998646798e-07,0.8340670228560239,0.4,0.2,0.4,0.6956684264948428,0.25999999999999995,1.3913368529902523,0.56,0.0,0.5,111.57737510266804,71.24759999999999,28.88011756444488,23.610240000000115,11.974135792721036,9.299900957462114,6.679382529172495,5.5600000000000005,123.008309415718,76.64432060868191
MOValley,2023,08-15,60,5,2.4900289497930235,1.953125,historical_analogs,True,0,0.1659322243523763,7.527915998646798e-07,0.8340670228560239,0.4,0.2,0.4,0.6956684264948428,0.25999999999999995,1.3913368529902523,0.56,0.0,0.5,92.89899336539256,47.2544,100.8946443141894,52.43616,15.664190514278022,13.53591911277599,9.007586392092698,8.080000000000002,106.62107057537965,52.402086532022786
MOValley,2023,08-15,90,5,2.4900289497930235,1.953125,historical_analogs,True,0,0.1659322243523763,7.527915998646798e-07,0.8340670228560239,0.4,0.2,0.4,0.6956684264948428,0.25999999999999995,1.3913368529902523,0.56,0.0,0.5,129.4294925579453,58.24360000000001,162.1479202030358,95.00148000000019,15.664190242381803,13.478660883542984,9.007586392092698,8.080000000000002,147.03122830172217,65.20509567437408
MOValley,2023,08-15,season,5,2.4900289497930235,1.953125,historical_analogs,True,0,0.1659322243523763,7.527915998646798e-07,0.8340670228560239,0.4,0.2,0.4,0.6956684264948428,0.25999999999999995,1.3913368529902523,0.56,0.0,0.5,92.50821382644344,47.15240000000001,101.68594293723609,49.67388000000004,15.664190514278022,13.53591911277599,9.007586392092698,8.080000000000002,106.02448081761912,52.25914528713058
Scottsbluff,2018,05-01,30,5,2.397647567342655,1.25,historical_analogs,True,0,0.6469044104670163,0.07547893258928916,0.2776166569436946,0.4,0.2,0.4,0.10087375178011915,0.25999999999999995,0.2074445728250568,0.56,1.0,0.5,91.41975342143597,61.73999999999999,74.03553898453762,54.424440000000025,0.8499773738449763,1.3341773003155661,0.0,0.0,46.34330930756493,34.111856301558554
Scottsbluff,2018,05-01,60,5,2.397647567342655,1.25,historical_analogs,True,1,0.8190556366195165,0.04979514133106825,0.13114922204941526,0.4,0.2,0.4,0.34402612716118414,0.15999999999999998,1.5909415277604129,0.9600000000000002,0.0,0.0,117.75570604850628,79.194,60.45183113770082,56.73744000000019,2.472910288007969,3.627424939311262,1.8929422403614216,1.6399999999999997,63.58980232063461,37.38768306025048
Scottsbluff,2018,05-01,90,5,2.397647567342655,1.25,historical_analogs,True,1,0.8190556366195165,0.04979514133106825,0.13114922204941526,0.4,0.2,0.4,0.34402612716118414,0.15999999999999998,1.5909415277604129,0.9600000000000002,0.0,0.0,147.05355928388468,96.4264,13.550818703247998,27.975240000000028,17.25085660856731,9.66802939715736,8.791792316347738,3.919999999999999,101.45303704085327,57.54097451448971
Scottsbluff,2018,05-01,season,5,2.397647567342655,1.25,historical_analogs,True,2,0.8190556366195165,0.04979514133106825,0.13114922204941526,0.4,0.2,0.4,0.7128769051117689,0.26000000000000006,1.4282333663237188,0.56,0.0,0.5,134.22576013756117,73.71959999999996,170.86387891161291,93.26987999999994,33.95192478542761,16.870020295790713,15.742558812658597,7.28,102.48580755124779,68.52891543736504
Scottsbluff,2018,05-15,30,5,4.00652583619616,1.0,historical_analogs,True,0,0.4779786203517322,0.23771852615582367,0.28430285349244405,0.4,0.2,0.4,0.17666721665691354,0.25999999999999995,0.40984453099152407,0.56,1.0,0.5,68.40481284804952,54.42640000000001,50.38682754239091,53.03844000000001,4.025001932539803,4.7747174755983455,1.4162914299800051,1.6399999999999997,29.29107586919104,23.07527278011387
Scottsbluff,2018,05-15,60,5,4.00652583619616,1.0,historical_analogs,True,0,0.5662589134176215,0.1494382330899344,0.28430285349244405,0.4,0.2,0.4,0.13447972134680425,0.25999999999999995,0.29129122820265,0.56,1.0,0.5,71.36040938039605,49.471199999999975,33.58678777958602,42.080039999999926,4.624810437571795,6.130708161512164,2.8904526876425622,2.88,44.955528726928264,38.29819482295952
Scottsbluff,2018,05-15,90,5,4.00652583619616,1.0,historical_analogs,True,1,0.3871567592457581,0.32854038726179785,0.28430285349244405,0.4,0.2,0.4,0.11535923436681202,0.15999999999999998,0.6815764802721604,0.9600000000000002,0.0,0.0,117.07821587012684,80.9836,48.037119392045,43.10784,15.182550016805447,12.586938677844113,7.717850701618156,5.879999999999999,85.41553636853266,64.60416016558669
Scottsbluff,2018,05-15,season,5,4.00652583619616,1.0,historical_analogs,True,2,0.3871567592457581,0.32854038726179785,0.28430285349244405,0.4,0.2,0.4,0.33105638087436795,0.26000000000000006,0.7700515478108679,0.56,0.0,0.5,91.37301565815292,66.012,135.5233655609983,108.28224,22.385771821270954,16.865420107015908,10.302599044277464,7.28,85.37091821692954,68.52891543736501
Scottsbluff,2018,06-01,30,5,2.471247269031856,1.25,historical_analogs,True,1,0.1933478174525162,0.17243563870501813,0.6342165438424657,0.4,0.2,0.4,0.21980700149856683,0.15999999999999998,1.1244767750827052,0.9600000000000002,0.0,0.0,25.56810040071079,16.3352,24.25828455716441,20.963879999999968,7.576849049626988,3.510554396058491,2.2241876582528826,1.5199999999999996,32.247813331837605,16.648959869962184
Scottsbluff,2018,06-01,60,5,2.471247269031856,1.25,historical_analogs,True,1,0.1933478174525162,0.17243563870501813,0.6342165438424657,0.4,0.2,0.4,0.21980700149856683,0.15999999999999998,1.1244767750827052,0.9600000000000002,0.0,0.0,28.228846151822605,33.67880000000001,45.5689695702884,41.50116000000004,9.341917293241286,9.591713150775904,2.2795516333782118,3.839999999999999,41.98845675197083,41.99132795107444
Scottsbluff,2018,06-01,90,5,2.471247269031856,1.25,historical_analogs,True,2,0.1933478174525162,0.17243563870501813,0.6342165438424657,0.4,0.2,0.4,0.08559045765610118,0.26000000000000006,0.20091496480780988,0.56,1.0,0.5,41.0880605261559,32.8064,31.93453952996034,69.87203999999997,9.143006228920813,15.785450933283407,4.270787575911462,7.880000000000001,57.299050288420425,51.427867986562205
Scottsbluff,2018,06-01,season,5,2.471247269031856,1.25,historical_analogs,True,2,0.1933478174525162,0.17243563870501813,0.6342165438424657,0.4,0.2,0.4,0.08559045765610118,0.26000000000000006,0.20091496480780988,0.56,1.0,0.5,58.48328105442914,33.462799999999994,93.09602318114374,140.56992000000025,10.49988429263665,16.954535800325846,2.515107264533902,7.079999999999998,70.30728263670088,46.59614032430103
Scottsbluff,2018,06-15,30,5,3.4426278339261165,1.0,historical_analogs,True,1,0.3394732771795437,0.15344706300033809,0.5070796598201182,0.4,0.2,0.4,0.18618594366115307,0.15999999999999998,1.0890237624650596,0.9600000000000002,0.0,0.0,7.119666615946091,6.807599999999999,22.411889282785097,21.745079999999994,5.27929484404077,3.8313674204621053,2.26092038150104,2.1999999999999997,14.387423186806235,13.733778150692498
Scottsbluff,2018,06-15,60,5,3.4426278339261165,1.0,historical_analogs,True,2,0.2574827987854937,0.23543754139438808,0.5070796598201182,0.4,0.2,0.4,0.15463392671673068,0.26000000000000006,0.3646986893312957,0.56,1.0,0.5,21.437285785112003,33.22440000000001,33.6261627844257,47.61180000000013,8.68408558941832,11.436408482966531,4.411290588601953,6.68,34.578948350199184,50.27867517225539
Scottsbluff,2018,06-15,90,5,3.4426278339261165,1.0,historical_analogs,True,2,0.2574827987854937,0.23543754139438808,0.5070796598201182,0.4,0.2,0.4,0.15463392671673068,0.26000000000000006,0.3646986893312957,0.56,1.0,0.5,32.79224203544812,33.242799999999995,58.10811267434141,82.23444000000005,13.879095022105403,16.690498154961894,9.686689388658758,10.160000000000002,42.11167645470417,45.596449514842725
Scottsbluff,2018,06-15,season,5,3.4426278339261165,1.0,historical_analogs,True,2,0.2574827987854937,0.23543754139438808,0.5070796598201182,0.4,0.2,0.4,0.15463392671673068,0.26000000000000006,0.3646986893312957,0.56,1.0,0.5,31.93663007517437,30.384,164.02918051617513,182.99592000000013,9.686036616774745,14.283106299937913,6.9417326971831255,7.76,40.37856384865809,41.3819412242306
Scottsbluff,2018,07-01,30,5,3.701236757070938,1.0,historical_analogs,True,2,0.45951574401903916,0.39056201037275845,0.14992224560820233,0.4,0.2,0.4,0.4668934537565863,0.26000000000000006,1.0863255914595833,0.56,0.0,0.5,29.206171303955998,19.843600000000006,29.174758646895217,17.592479999999938,11.047643744533524,5.919684447714852,3.911967595573696,2.5600000000000005,42.732501852446354,26.861401704848433
Scottsbluff,2018,07-01,60,5,3.701236757070938,1.0,historical_analogs,True,2,0.6165344190432192,0.2335433353485785,0.14992224560820233,0.4,0.2,0.4,0.5513734391883807,0.26000000000000006,1.1572893678624998,0.56,0.0,0.5,29.677678387801073,18.488800000000005,114.61230095224744,81.83448000000008,25.56425069909153,14.408193190303802,12.303066112556374,7.6400000000000015,50.782781612293675,28.845849365202014
Scottsbluff,2018,07-01,90,5,3.701236757070938,1.0,historical_analogs,True,2,0.6165344190432192,0.2335433353485785,0.14992224560820233,0.4,0.2,0.4,0.5513734391883807,0.26000000000000006,1.1572893678624998,0.56,0.0,0.5,22.339449103940105,21.2176,96.08073411294961,80.47476000000017,25.67009286828805,13.788948098697404,11.25431604680972,6.6,33.374795046120724,27.757114093985052
Scottsbluff,2018,07-01,season,5,3.701236757070938,1.0,historical_analogs,True,2,0.6165344190432192,0.2335433353485785,0.14992224560820233,0.4,0.2,0.4,0.5513734391883807,0.26000000000000006,1.1572893678624998,0.56,0.0,0.5,23.573625986740897,21.095599999999997,205.191596013932,166.71780000000024,25.863348915800152,13.952735944622823,11.25431604680972,6.6,38.88017820006027,28.855803130228914
Scottsbluff,2018,07-15,30,5,4.143825597732983,1.0,historical_analogs,True,2,0.489223900403522,0.2204194206479525,0.29035667894852546,0.4,0.2,0.4,0.3714668339195007,0.26000000000000006,0.7915183888377804,0.56,0.0,0.5,31.255703980024833,31.61680000000001,52.312309117676236,56.69711999999997,15.307216120580751,14.356479110224186,7.978461505320324,7.440000000000001,46.899105721173605,46.038117318690595
Scottsbluff,2018,07-15,60,5,4.143825597732983,1.0,historical_analogs,True,2,0.489223900403522,0.2204194206479525,0.29035667894852546,0.4,0.2,0.4,0.3714668339195007,0.26000000000000006,0.7915183888377804,0.56,0.0,0.5,31.29594987415167,25.684800000000003,99.16935952361149,100.09007999999993,28.17562071268722,23.052822974579513,13.624782292650568,11.0,39.846952846632355,32.143915259008025
Scottsbluff,2018,07-15,90,5,4.143825597732983,1.0,historical_analogs,True,2,0.489223900403522,0.2204194206479525,0.29035667894852546,0.4,0.2,0.4,0.3714668339195007,0.26000000000000006,0.7915183888377804,0.56,0.0,0.5,27.559850736436253,23.5568,207.2161566363409,192.8512799999999,24.791534603552115,19.797185252683725,10.947012578443491,8.200000000000001,35.73480655378921,30.24583971762059
Scottsbluff,2018,07-15,season,5,4.143825597732983,1.0,historical_analogs,True,2,0.489223900403522,0.2204194206479525,0.29035667894852546,0.4,0.2,0.4,0.3714668339195007,0.26000000000000006,0.7915183888377804,0.56,0.0,0.5,27.627748009002914,23.576399999999996,216.17751734974087,205.01171999999988,24.791534603552115,19.797185252683725,10.947012578443491,8.200000000000001,36.18900427192375,30.40248877961314
Scottsbluff,2018,08-01,30,5,3.2286359321188476,1.0,historical_analogs,True,2,0.1931200606926878,0.1272133909300888,0.6796665483772234,0.4,0.2,0.4,0.06995443903525458,0.26000000000000006,0.1560921249024408,0.56,1.0,0.5,10.735769355245173,6.061999999999996,63.228296897248896,70.41059999999995,5.2342207028552075,6.4071128611182875,3.710143585363434,3.9999999999999996,11.431038742413564,9.149466732184948
Scottsbluff,2018,08-01,60,5,3.2286359321188476,1.0,historical_analogs,True,2,0.1931200606926878,0.1272133909300888,0.6796665483772234,0.4,0.2,0.4,0.06995443903525458,0.26000000000000006,0.1560921249024408,0.56,1.0,0.5,36.22652771504444,17.3504,79.78434880752273,83.77056000000016,4.213255574621844,7.409857367190305,2.413197992961751,3.5199999999999996,38.895693959834674,17.319286605509596
Scottsbluff,2018,08-01,90,5,3.2286359321188476,1.0,historical_analogs,True,2,0.1931200606926878,0.1272133909300888,0.6796665483772234,0.4,0.2,0.4,0.06995443903525458,0.26000000000000006,0.1560921249024408,0.56,1.0,0.5,41.12265416212671,20.702400000000004,94.28039275056959,94.5655200000001,4.416587046828532,7.560119863566619,2.413197992961751,3.5199999999999996,44.096145509716756,21.327911585409325
Scottsbluff,2018,08-01,season,5,3.2286359321188476,1.0,historical_analogs,True,2,0.1931200606926878,0.1272133909300888,0.6796665483772234,0.4,0.2,0.4,0.06995443903525458,0.26000000000000006,0.1560921249024408,0.56,1.0,0.5,36.212844113491464,16.82079999999999,147.19342973670774,159.03252000000006,4.416587046828532,7.560119863566619,2.413197992961751,3.5199999999999996,36.18306927600594,15.648871750920264
Scottsbluff,2018,08-15,30,5,2.4688368657822717,1.25,historical_analogs,True,2,0.6898138175600486,0.008764834901112368,0.30142134753883904,0.4,0.2,0.4,0.4819276182856097,0.26000000000000006,0.9639320589020632,0.56,0.0,0.5,39.16679396069962,11.9664,40.93449439668331,35.35776000000006,7.875985094292865,6.823163547155003,3.3973652493989768,2.7599999999999993,39.55179584581704,12.80105620883775
Scottsbluff,2018,08-15,60,5,2.4688368657822717,1.25,historical_analogs,True,2,0.6898138175600486,0.07093883348007286,0.23924734895987854,0.4,0.2,0.4,0.5272938494806704,0.26000000000000006,1.0596200170568544,0.56,0.0,0.5,39.74198888674193,15.1704,132.09582544648046,138.99708000000007,5.362791828101928,5.236844569657205,1.883161826919379,1.16,38.81892371695878,13.120557730543101
Scottsbluff,2018,08-15,90,5,2.4688368657822717,1.25,historical_analogs,True,2,0.6898138175600486,0.07093883348007286,0.23924734895987854,0.4,0.2,0.4,0.5272938494806704,0.26000000000000006,1.0596200170568544,0.56,0.0,0.5,43.915939156728896,23.0624,124.95390336268812,119.93760000000017,5.362791828101928,5.236844569657205,1.883161826919379,1.16,41.44847165435937,19.043119163261288
Scottsbluff,2018,08-15,season,5,2.4688368657822717,1.25,historical_analogs,True,2,0.6898138175600486,0.07093883348007286,0.23924734895987854,0.4,0.2,0.4,0.5272938494806704,0.26000000000000006,1.0596200170568544,0.56,0.0,0.5,39.74198888674193,15.1704,137.83600848899806,143.20620000000005,5.362791828101928,5.236844569657205,1.883161826919379,1.16,38.50153163539096,13.07566967822746
Scottsbluff,2019,05-01,30,5,2.3206634047180774,1.0,historical_analogs,True,2,0.040973868595875235,0.08573478064909594,0.8732913507550288,0.4,0.2,0.4,0.00886696985059859,0.26000000000000006,0.025084392314145776,0.56,1.0,0.5,36.22886829983877,27.492000000000004,105.03171019377774,90.21131999999994,0.062496932194962745,0.37337461639881386,0.0,0.0,45.696391856032456,36.39774778265953
Scottsbluff,2019,05-01,60,5,2.3206634047180774,1.0,historical_analogs,True,2,0.30405246350934934,0.08573478064909594,0.6102127558415548,0.4,0.2,0.4,0.12219099813736983,0.26000000000000006,0.2517324488876882,0.56,1.0,0.5,65.67689400683177,38.2308,201.2046735959071,200.4206399999999,5.6242403308351205,10.716413459563576,2.078811768527076,3.08,28.984465824034686,42.476165529489236
Scottsbluff,2019,05-01,90,5,2.3206634047180774,1.0,historical_analogs,True,2,0.30405246350934934,0.08573478064909594,0.6102127558415548,0.4,0.2,0.4,0.12219099813736983,0.26000000000000006,0.2517324488876882,0.56,1.0,0.5,67.08363536069089,48.8824,176.15082405710393,218.3144399999999,7.823390640838882,17.204367439398183,3.226242750512351,6.319999999999999,31.203748567453033,69.45139048526167
Scottsbluff,2019,05-01,season,5,2.3206634047180774,1.0,historical_analogs,True,2,0.30405246350934934,0.08573478064909594,0.6102127558415548,0.4,0.2,0.4,0.12219099813736983,0.26000000000000006,0.2517324488876882,0.56,1.0,0.5,77.5170463109287,68.98199999999999,192.6574188960315,205.33067999999955,10.122772856147753,25.705213753495656,7.9794364462231,12.080000000000002,45.99690326936063,115.33767702664946
Scottsbluff,2019,05-15,30,5,2.5733267911297113,1.25,historical_analogs,True,2,0.4031244625933875,0.5495069065987871,0.04736863080782536,0.4,0.2,0.4,0.5350079289550824,0.26000000000000006,1.3719736983099329,0.56,0.0,0.5,45.427264444912396,29.067999999999998,164.58942783484602,126.56916000000001,11.178666349773664,6.29335156862688,3.0441510912050394,1.6400000000000003,57.229454705971456,34.304407163321606
Scottsbluff,2019,05-15,60,5,2.5733267911297113,1.25,historical_analogs,True,2,0.7932304827425122,0.04255845185861478,0.16421106539887304,0.4,0.2,0.4,0.6638788709768029,0.26000000000000006,1.3295689637782075,0.56,0.0,0.5,64.47069792332317,40.07759999999999,256.73971973336904,197.26740000000004,27.790760829142172,18.003392210301865,9.74503934829036,6.24,127.38565178493326,73.56500290575843
Scottsbluff,2019,05-15,90,5,2.5733267911297113,1.25,historical_analogs,True,2,0.20195933830827725,0.5495069065987871,0.24853375509293563,0.4,0.2,0.4,0.30274454578232063,0.26000000000000006,0.9074469319644094,0.56,0.0,0.5,79.04354255533184,53.1868,222.85259671680683,170.61264000000023,26.267967225421653,18.33975237955171,8.542751538565557,6.360000000000001,141.41637705831437,83.61005343392432
Scottsbluff,2019,05-15,season,5,2.5733267911297113,1.25,historical_analogs,True,2,0.20195933830827725,0.5495069065987871,0.24853375509293563,0.4,0.2,0.4,0.30274454578232063,0.26000000000000006,0.9074469319644094,0.56,0.0,0.5,124.66706534004874,74.19120000000002,220.74702810998505,184.81535999999974,39.00418086469223,25.77269495942578,15.773738845438883,12.080000000000002,196.94649383453043,115.33767702664946
Scottsbluff,2019,06-01,30,5,3.5910121952545953,1.0,historical_analogs,True,2,0.6948892710796872,0.16143947850837675,0.14367125041193596,0.4,0.2,0.4,0.6080850132163582,0.26000000000000006,1.2422327316537731,0.56,0.0,0.5,12.89862384910587,10.1096,99.36531856692594,73.90116000000009,14.387157180847215,9.584877660833325,4.8340441755913215,2.960000000000001,25.634664485859894,15.387917980506558
Scottsbluff,2019,06-01,60,5,3.5910121952545953,1.0,historical_analogs,True,2,0.6948892710796872,0.16143947850837675,0.14367125041193596,0.4,0.2,0.4,0.6080850132163582,0.26000000000000006,1.2422327316537731,0.56,0.0,0.5,28.465261232908674,20.382799999999996,135.65812634056587,81.86292000000003,28.083740349761417,15.790870010497757,11.56770744006479,6.239999999999999,68.81973975053697,37.75232389014792
Scottsbluff,2019,06-01,90,5,3.5910121952545953,1.0,historical_analogs,True,2,0.6948892710796872,0.16143947850837675,0.14367125041193596,0.4,0.2,0.4,0.6080850132163582,0.26000000000000006,1.2422327316537731,0.56,0.0,0.5,82.80754835236752,50.355199999999996,149.3860004118754,74.52036000000007,39.280222275919684,22.46632343362199,16.99115802397902,9.8,135.22901670307664,80.85952874927253
Scottsbluff,2019,06-01,season,5,3.5910121952545953,1.0,historical_analogs,True,2,0.6948892710796872,0.16143947850837675,0.14367125041193596,0.4,0.2,0.4,0.6080850132163582,0.26000000000000006,1.2422327316537731,0.56,0.0,0.5,95.12791276623012,62.97319999999999,178.01985080910057,87.47711999999993,43.69282492328486,24.7758388523828,19.4189657369797,11.879999999999999,133.41986306314084,85.92791895623022
Scottsbluff,2019,06-15,30,5,2.973117478194735,2.44140625,historical_analogs,True,2,0.623515920318545,0.1556267887443798,0.22085729093707515,0.4,0.2,0.4,0.4979177319882978,0.26000000000000006,1.0200551613514834,0.56,0.0,0.5,16.900716596539,11.7996,67.32621891216347,47.95019999999996,12.505668019255966,8.474665851481596,5.734615577613728,3.6400000000000006,30.36657229977706,20.346362995073576
Scottsbluff,2019,06-15,60,5,2.973117478194735,2.44140625,historical_analogs,True,1,0.6791882918678582,0.09995441719506654,0.22085729093707515,0.4,0.2,0.4,0.25503733938522144,0.15999999999999998,1.320156729897115,0.9600000000000002,0.0,0.0,28.158071131091127,20.54279999999999,76.23775862585748,38.531160000000064,21.627088696158783,10.270788249116066,9.795135459729012,4.76,56.20702746490497,36.1065219357823
Scottsbluff,2019,06-15,90,5,2.973117478194735,2.44140625,historical_analogs,True,2,0.623515920318545,0.1556267887443798,0.22085729093707515,0.4,0.2,0.4,0.4979177319882978,0.26000000000000006,1.0200551613514834,0.56,0.0,0.5,77.08322887393496,54.938800000000015,81.3241545148135,36.727560000000025,31.126436271050167,15.82378517335992,14.346142503129986,8.239999999999998,107.70472799598417,72.80940454388215
Scottsbluff,2019,06-15,season,5,2.973117478194735,2.44140625,historical_analogs,True,2,0.623515920318545,0.1556267887443798,0.22085729093707515,0.4,0.2,0.4,0.4979177319882978,0.26000000000000006,1.0200551613514834,0.56,0.0,0.5,71.74989933919133,53.67839999999999,120.78318701002793,65.56967999999972,30.82298423368358,16.318896380430257,14.686274239481019,8.719999999999999,95.25081419530031,68.37125182421543
Scottsbluff,2019,07-01,30,5,2.4527776374760255,3.814697265625,historical_analogs,True,2,0.6773056748857,0.03516104636557109,0.28753327874872875,0.4,0.2,0.4,0.48317590306145497,0.26000000000000006,0.9675881053044321,0.56,0.0,0.5,11.458414581568348,8.506000000000002,31.241487113333875,19.510559999999927,10.752902048903607,6.169351637608901,6.305243689719377,3.5199999999999996,20.53955999541178,14.949401040937534
Scottsbluff,2019,07-01,60,5,2.4527776374760255,3.814697265625,historical_analogs,True,2,0.6318380943945906,0.08062862685668053,0.28753327874872875,0.4,0.2,0.4,0.453414103209362,0.26000000000000006,0.913329181887518,0.56,0.0,0.5,63.18057238423256,54.94959999999998,57.17601260376159,32.741999999999926,21.55653859546875,13.383936848814631,10.078249488721832,6.680000000000001,76.72845316284204,61.91459977910145
Scottsbluff,2019,07-01,90,5,2.4527776374760255,3.814697265625,historical_analogs,True,2,0.6318380943945906,0.08062862685668053,0.28753327874872875,0.4,0.2,0.4,0.453414103209362,0.26000000000000006,0.913329181887518,0.56,0.0,0.5,64.81912632186378,57.92799999999998,54.29543669361163,23.468039999999995,25.78150486081989,15.317475667522151,12.555289759051082,8.520000000000001,79.64159307315985,68.6749386819934
Scottsbluff,2019,07-01,season,5,2.4527776374760255,3.814697265625,historical_analogs,True,2,0.6318380943945906,0.08062862685668053,0.28753327874872875,0.4,0.2,0.4,0.453414103209362,0.26000000000000006,0.913329181887518,0.56,0.0,0.5,65.35637036774011,57.8156,79.46383977598049,46.146599999999964,25.92979048114716,15.506232519375537,12.555289759051082,8.520000000000001,80.60658282496381,69.5272233878569
Scottsbluff,2019,07-15,30,5,2.0380963504022076,1.25,historical_analogs,True,1,0.18380221543386982,0.02219583844275408,0.7940019461233762,0.4,0.2,0.4,0.3321111724230536,0.15999999999999998,1.6203233232047762,0.9600000000000002,0.0,0.0,21.606411560799728,12.109600000000002,32.504628006462866,12.291840000000043,3.344444777947551,4.792387325617904,0.31555773370290874,1.6800000000000002,26.979706835121824,18.236048480328783
Scottsbluff,2019,07-15,60,5,2.0380963504022076,1.25,historical_analogs,True,2,0.11233563114893232,0.0936624227276916,0.7940019461233762,0.4,0.2,0.4,0.027527246113292707,0.26000000000000006,0.06382714165780619,0.56,1.0,0.5,13.538535536933939,42.38879999999999,22.75269075123022,21.846240000000016,11.014711138836976,12.899513130938555,5.715597173434445,6.2,10.555023967132161,49.105485592486446
Scottsbluff,2019,07-15,90,5,2.0380963504022076,1.25,historical_analogs,True,2,0.18380221543386982,0.02219583844275408,0.7940019461233762,0.4,0.2,0.4,0.03810922629967757,0.26000000000000006,0.07671110784353195,0.56,1.0,0.5,12.608575575888416,41.97919999999999,18.28079566825415,40.294799999999896,8.857735279980083,12.546378471137087,5.705119837244212,6.279999999999999,8.924605528555649,51.27827019014437
Scottsbluff,2019,07-15,season,5,2.0380963504022076,1.25,historical_analogs,True,2,0.18380221543386982,0.02219583844275408,0.7940019461233762,0.4,0.2,0.4,0.03810922629967757,0.26000000000000006,0.07671110784353195,0.56,1.0,0.5,12.592906569336606,41.87879999999999,10.702230002451032,35.17523999999987,8.857735279980083,12.546378471137087,5.705119837244212,6.279999999999999,9.142216756298133,50.276224673623055
Scottsbluff,2019,08-01,30,5,2.2964929401436502,1.0,historical_analogs,True,1,0.15098610791481923,0.02687387738337622,0.8221400147018045,0.4,0.2,0.4,0.34935550427857437,0.15999999999999998,1.645685459076013,0.9600000000000002,0.0,0.0,48.02839459776665,58.37240000000001,6.814744181582487,10.755720000000021,5.223271433299647,6.606629045130452,2.5543268811683606,3.04,51.299837171061405,64.24367174849748
Scottsbluff,2019,08-01,60,5,2.2964929401436502,1.0,historical_analogs,True,1,0.15098610791481923,0.02687387738337622,0.8221400147018045,0.4,0.2,0.4,0.34935550427857437,0.15999999999999998,1.645685459076013,0.9600000000000002,0.0,0.0,29.844068511646626,58.9088,18.305221906507146,14.47775999999999,4.841140253623207,8.787480395768203,3.0049238381175516,4.4799999999999995,33.9658337601586,69.47976777805377
Scottsbluff,2019,08-01,90,5,2.2964929401436502,1.0,historical_analogs,True,1,0.15098610791481923,0.02687387738337622,0.8221400147018045,0.4,0.2,0.4,0.34935550427857437,0.15999999999999998,1.645685459076013,0.9600000000000002,0.0,0.0,34.14600084707199,60.206400000000016,45.32336556007661,44.755920000000124,5.066579835823706,8.96271189807249,3.0049238381175516,4.4799999999999995,43.861746382612836,75.96897649346764
Scottsbluff,2019,08-01,season,5,2.2964929401436502,1.0,historical_analogs,True,1,0.15098610791481923,0.02687387738337622,0.8221400147018045,0.4,0.2,0.4,0.34935550427857437,0.15999999999999998,1.645685459076013,0.9600000000000002,0.0,0.0,30.261970410899938,59.608,18.69014134249332,32.897159999999985,5.066579835823706,8.96271189807249,3.0049238381175516,4.4799999999999995,36.450725883516945,71.64770445238187
Scottsbluff,2019,08-15,30,5,2.7609174551962488,1.0,historical_analogs,True,2,0.5655354995293904,0.06761591486297665,0.3668485856076329,0.4,0.2,0.4,0.360355557387506,0.26000000000000006,0.7252830267177695,0.56,0.0,0.5,21.752693900098247,42.5664,10.901306469297793,12.137760000000002,8.096537742355087,8.479295546976434,3.5515529908450043,3.72,30.521176465122675,51.61313454715574
Scottsbluff,2019,08-15,60,5,2.7609174551962488,1.0,historical_analogs,True,2,0.5655354995293904,0.07298929394697587,0.36147520652363363,0.4,0.2,0.4,0.36377215655599665,0.26000000000000006,0.7328717501428715,0.56,0.0,0.5,24.012942297232556,42.837599999999995,37.36672471577406,45.01980000000002,8.837905941236732,9.676320104533232,5.143532401579116,5.0,32.54616677305807,53.328234143234205
Scottsbluff,2019,08-15,90,5,2.7609174551962488,1.0,historical_analogs,True,2,0.5655354995293904,0.07298929394697587,0.36147520652363363,0.4,0.2,0.4,0.36377215655599665,0.26000000000000006,0.7328717501428715,0.56,0.0,0.5,30.761847017141935,42.68,76.01496800131086,81.17856000000003,8.837905941236732,9.676320104533232,5.143532401579116,5.0,44.809983116527604,57.89703663588057
Scottsbluff,2019,08-15,season,5,2.7609174551962488,1.0,historical_analogs,True,2,0.5655354995293904,0.07298929394697587,0.36147520652363363,0.4,0.2,0.4,0.36377215655599665,0.26000000000000006,0.7328717501428715,0.56,0.0,0.5,24.012942297232556,42.837599999999995,38.81754193164004,44.908920000000016,8.837905941236732,9.676320104533232,5.143532401579116,5.0,32.546446239591546,53.17962820135601
Scottsbluff,2020,05-01,30,5,4.461865860334617,1.0,historical_analogs,True,1,0.3298339782798131,0.2192764437438742,0.45088957797631257,0.4,0.2,0.4,0.15604593237777278,0.15999999999999998,0.9216211360487574,0.9600000000000002,0.0,0.0,24.84646194978157,31.879200000000004,21.368640158040186,23.130360000000003,0.3916210326137317,0.373374616398814,0.0,0.0,22.897563168679294,32.11987001630737
Scottsbluff,2020,05-01,60,5,4.461865860334617,1.0,historical_analogs,True,1,0.5103268157557175,0.14235700040631458,0.3473161838379678,0.4,0.2,0.4,0.19053099521756958,0.15999999999999998,1.1166135051871935,0.9600000000000002,0.0,0.0,31.774240923523102,39.20519999999998,19.13509091229183,24.510240000000024,3.493323836808683,3.627424939311261,1.9173019981241106,2.12,40.338118074876775,56.34961165765668
Scottsbluff,2020,05-01,90,5,4.461865860334617,1.0,historical_analogs,True,1,0.5103268157557175,0.14235700040631458,0.3473161838379678,0.4,0.2,0.4,0.19053099521756958,0.15999999999999998,1.1166135051871935,0.9600000000000002,0.0,0.0,40.685384928771924,54.25359999999999,18.893482933815392,26.99027999999997,8.158283342079674,9.668029397157357,3.5673698913242164,3.92,69.72111198408064,92.80516463558536
Scottsbluff,2020,05-01,season,5,4.461865860334617,1.0,historical_analogs,True,1,0.5103268157557175,0.2192764437438742,0.2703967405004082,0.4,0.2,0.4,0.1667739280763076,0.15999999999999998,0.9430771274458272,0.9600000000000002,0.0,0.0,71.46631782396969,92.54519999999997,41.483212655092245,65.38427999999982,14.572929556451765,19.52565559962406,4.968516288552111,7.279999999999999,113.69288314838788,135.69662226028362
Scottsbluff,2020,05-15,30,5,3.6950428006811578,1.0,historical_analogs,True,1,0.46196820814286216,0.17791901919131392,0.3601127726658239,0.4,0.2,0.4,0.17154791718589713,0.15999999999999998,1.0189129733791655,0.9600000000000002,0.0,0.0,44.118577825627,32.9608,41.55695106780982,38.17763999999994,2.9205186370190557,3.3887060974004743,0.9678267645180929,1.16,38.9377894938495,31.709822375911152
Scottsbluff,2020,05-15,60,5,3.6950428006811578,1.0,historical_analogs,True,0,0.5163632592843901,0.12352396804978605,0.3601127726658239,0.4,0.2,0.4,0.1817928530035427,0.25999999999999995,0.37884387668985,0.56,1.0,0.5,76.22583485655042,64.5912,55.605119047800144,54.6944399999998,6.601130681380948,6.914840088452475,3.6603657581669524,3.3600000000000003,89.37597791998434,81.67019513865294
Scottsbluff,2020,05-15,90,5,3.6950428006811578,1.0,historical_analogs,True,1,0.30144298724109997,0.3384442400930761,0.3601127726658239,0.4,0.2,0.4,0.11027454179695269,0.15999999999999998,0.658205107059933,0.9600000000000002,0.0,0.0,92.18110591521184,78.19959999999999,69.28933250476062,58.42223999999977,14.610945352019225,12.586938677844113,7.056349111011756,5.880000000000001,122.60155807112811,103.6357048470667
Scottsbluff,2020,05-15,season,5,3.6950428006811578,1.0,historical_analogs,True,1,0.30144298724109997,0.031169846488294746,0.6673871662706052,0.4,0.2,0.4,0.2681367521297732,0.15999999999999998,1.4749053706130606,0.9600000000000002,0.0,0.0,130.80963431727494,112.0008,129.85613119807175,83.93903999999992,24.011584605625533,19.52105541084925,9.966851574166139,7.279999999999999,150.6192981394745,135.69662226028368
Scottsbluff,2020,06-01,30,5,4.681997951812677,1.0,historical_analogs,True,1,0.5240117690809956,0.16690138853191813,0.3090868423870864,0.4,0.2,0.4,0.18506150513610709,0.15999999999999998,1.0641763067022603,0.9600000000000002,0.0,0.0,7.914457733781866,10.1096,16.24792196044131,23.141160000000045,2.8810949981950866,3.51055439605849,1.2337524683749495,1.5199999999999996,11.719875945558293,16.394755388700816
Scottsbluff,2020,06-01,60,5,4.681997951812677,1.0,historical_analogs,True,1,0.5240117690809956,0.16690138853191813,0.3090868423870864,0.4,0.2,0.4,0.18506150513610709,0.15999999999999998,1.0641763067022603,0.9600000000000002,0.0,0.0,18.771646374167588,25.888399999999997,30.583301459108824,41.501160000000034,7.808295792454697,9.591713150775906,3.659672817231347,3.8400000000000016,24.53134485639373,37.94866434927396
Scottsbluff,2020,06-01,90,5,4.681997951812677,1.0,historical_analogs,True,1,0.5240117690809956,0.13784126743985933,0.3381469634791452,0.4,0.2,0.4,0.19446585152278045,0.15999999999999998,1.1322493831752691,0.9600000000000002,0.0,0.0,29.871155733316904,42.339200000000005,46.069669148475924,69.87203999999997,13.185462287434365,19.13609925431874,4.366744167734266,6.919999999999998,48.92209019714281,68.20075464590113
Scottsbluff,2020,06-01,season,5,4.681997951812677,1.0,historical_analogs,True,1,0.5240117690809956,0.13784126743985933,0.3381469634791452,0.4,0.2,0.4,0.19446585152278045,0.15999999999999998,1.1322493831752691,0.9600000000000002,0.0,0.0,49.60831037361857,62.1428,61.527179763599946,82.39248000000003,12.343678294692017,18.30328819521204,4.852026545752556,7.08,70.27356824735506,87.48732364873715
Scottsbluff,2020,06-15,30,5,4.169157327931197,1.0,historical_analogs,True,0,0.42422659698562176,0.33320208091210185,0.24257132210227633,0.4,0.2,0.4,0.19517792896260194,0.25999999999999995,0.5013794846493587,0.56,1.0,0.5,25.05435753515497,27.058799999999998,11.850567460895341,22.043160000000086,5.7216414039918435,7.021949983497308,2.884234671505868,3.6399999999999997,32.727748774429124,36.91502337879152
Scottsbluff,2020,06-15,60,5,4.169157327931197,1.0,historical_analogs,True,1,0.5358047000920885,0.05328726069758845,0.4109080392103231,0.4,0.2,0.4,0.22796604666422263,0.15999999999999998,1.352197104085921,0.9600000000000002,0.0,0.0,39.07956229209009,44.46119999999999,27.686377777193286,38.53116000000007,8.759332970981841,11.977641344690747,3.2085840962207905,4.76,45.149732976312514,55.569742135964674
Scottsbluff,2020,06-15,90,5,4.169157327931197,1.0,historical_analogs,True,1,0.5358047000920885,0.05328726069758845,0.4109080392103231,0.4,0.2,0.4,0.22796604666422263,0.15999999999999998,1.352197104085921,0.9600000000000002,0.0,0.0,35.38208754554004,48.991600000000005,39.34638368298758,36.72756000000004,16.246406330516905,20.36990947129607,6.230817382562263,8.239999999999998,45.87883455955712,63.86369652385376
Scottsbluff,2020,06-15,season,5,4.169157327931197,1.0,historical_analogs,True,1,0.5358047000920885,0.05328726069758845,0.4109080392103231,0.4,0.2,0.4,0.22796604666422263,0.15999999999999998,1.352197104085921,0.9600000000000002,0.0,0.0,63.041292915828414,75.2784,44.978632508474305,62.64936,15.805342453697389,20.410801758737676,5.639481044100734,7.759999999999998,83.09354451514356,99.32363103010842
Scottsbluff,2020,07-01,30,5,3.234154522047708,1.0,historical_analogs,True,1,0.6542464112471491,0.04432984047302705,0.3014237482798239,0.4,0.2,0.4,0.2594473213284162,0.15999999999999998,1.4322000964671424,0.9600000000000002,0.0,0.0,15.953703094188068,20.347600000000003,13.221367530601825,17.592479999999938,2.899177037996127,5.40022779301615,1.6244553401563953,1.6000000000000005,13.640003025146317,22.183435375407132
Scottsbluff,2020,07-01,60,5,3.234154522047708,1.0,historical_analogs,True,1,0.6542464112471491,0.009782424802212409,0.33597116395063853,0.4,0.2,0.4,0.2704574948180603,0.15999999999999998,1.521445835866707,0.9600000000000002,0.0,0.0,20.883772650138376,34.357600000000005,31.69017140961283,46.26359999999986,12.246210461687449,17.85277769063679,4.55094305717955,6.679999999999998,33.324338735510665,53.333405470523026
Scottsbluff,2020,07-01,90,5,3.234154522047708,1.0,historical_analogs,True,1,0.6542464112471491,0.009782424802212409,0.33597116395063853,0.4,0.2,0.4,0.2704574948180603,0.15999999999999998,1.521445835866707,0.9600000000000002,0.0,0.0,21.67395251462093,39.044799999999995,37.76052737995572,23.468039999999995,11.058975940858353,17.39992155895777,3.738293107098187,6.120000000000001,32.4759224057566,54.19495101860802
Scottsbluff,2020,07-01,season,5,3.234154522047708,1.0,historical_analogs,True,1,0.6542464112471491,0.009782424802212409,0.33597116395063853,0.4,0.2,0.4,0.2704574948180603,0.15999999999999998,1.521445835866707,0.9600000000000002,0.0,0.0,39.26407151541873,56.111599999999996,34.749079614720316,46.146599999999964,11.003752600257567,17.344875054074773,3.738293107098187,6.120000000000001,54.37308885822197,76.2321144623732
Scottsbluff,2020,07-15,30,5,2.9242640654649783,1.0,historical_analogs,True,1,0.771991457886597,0.004011530860136955,0.22399701125326618,0.4,0.2,0.4,0.3230727360501346,0.15999999999999998,1.6381385027598372,0.9600000000000002,0.0,0.0,6.106038005696606,15.776799999999996,16.909223678833115,12.291840000000047,5.4916501095322445,4.792387325617903,3.2751174720004617,1.6800000000000002,5.332455748843845,18.20302070176625
Scottsbluff,2020,07-15,60,5,2.9242640654649783,1.0,historical_analogs,True,1,0.771991457886597,0.03100476530013619,0.19700377681326695,0.4,0.2,0.4,0.3173906495642824,0.15999999999999998,1.573733063999609,0.9600000000000002,0.0,0.0,5.228663557900454,25.684800000000003,52.9344900972962,27.13392000000006,6.331091162010264,10.572762583268641,1.8217277852920857,3.8,6.64373057695418,31.93692862567699
Scottsbluff,2020,07-15,90,5,2.9242640654649783,1.0,historical_analogs,True,1,0.771991457886597,0.03100476530013619,0.19700377681326695,0.4,0.2,0.4,0.3173906495642824,0.15999999999999998,1.573733063999609,0.9600000000000002,0.0,0.0,28.558266344631164,48.92959999999999,30.43492829833275,32.37192000000006,5.283846463558795,10.783304044084604,1.447985637191466,3.4000000000000012,38.262583227854364,63.9292855720472
Scottsbluff,2020,07-15,season,5,2.9242640654649783,1.0,historical_analogs,True,1,0.771991457886597,0.03100476530013619,0.19700377681326695,0.4,0.2,0.4,0.3173906495642824,0.15999999999999998,1.573733063999609,0.9600000000000002,0.0,0.0,27.810956783201128,48.2196,29.02104929793986,32.05188000000006,5.283846463558795,10.783304044084604,1.447985637191466,3.4000000000000012,37.39559536003565,63.331047456465306
Scottsbluff,2020,08-01,30,5,2.8116319820126368,1.0,historical_analogs,True,0,0.8001063544794522,0.0005023793793573173,0.19939126614119038,0.4,0.2,0.4,0.03985717326644074,0.25999999999999995,0.07971459891792222,0.56,1.0,0.5,3.9425805435241834,10.089200000000002,23.069419420265753,29.99268000000002,13.021568741986464,15.618063823145757,7.564891688569976,8.32,16.94404177826096,25.227264274646924
Scottsbluff,2020,08-01,60,5,2.8116319820126368,1.0,historical_analogs,True,0,0.8001063544794522,0.0005023793793573173,0.19939126614119038,0.4,0.2,0.4,0.03985717326644074,0.25999999999999995,0.07971459891792222,0.56,1.0,0.5,5.474425601678598,15.142400000000002,30.698407197868082,19.480319999999892,7.3238605859192045,12.567872846443745,5.094914169439221,6.880000000000001,15.971985105743054,27.2207245465247
Scottsbluff,2020,08-01,90,5,2.8116319820126368,1.0,historical_analogs,True,0,0.8001063544794522,0.0005023793793573173,0.19939126614119038,0.4,0.2,0.4,0.03985717326644074,0.25999999999999995,0.07971459891792222,0.56,1.0,0.5,14.327023076570852,23.131200000000003,45.54152796103949,25.277039999999936,7.365916349848174,12.580453089306312,5.094914169439221,6.880000000000001,23.52748790079459,34.68006460831956
Scottsbluff,2020,08-01,season,5,2.8116319820126368,1.0,historical_analogs,True,0,0.8001063544794522,0.0005023793793573173,0.19939126614119038,0.4,0.2,0.4,0.03985717326644074,0.25999999999999995,0.07971459891792222,0.56,1.0,0.5,20.64931038857823,30.212799999999998,11.731413238236833,26.006759999999858,7.365916349848174,12.580453089306312,5.094914169439221,6.880000000000001,37.70054988639275,49.453419959746405
Scottsbluff,2020,08-15,30,5,3.3622371041524577,1.0,historical_analogs,True,0,0.36730715224486754,0.39480249757524266,0.23789035017988963,0.4,0.2,0.4,0.2284460291546049,0.25999999999999995,0.6127610704008593,0.56,0.0,0.5,5.245971938715449,10.3824,39.23531667703628,30.08735999999994,7.641381585860371,7.636989995161313,5.375438999880844,5.159999999999999,4.219945853279036,10.800082570148
Scottsbluff,2020,08-15,60,5,3.3622371041524577,1.0,historical_analogs,True,0,0.36730715224486754,0.39480249757524266,0.23789035017988963,0.4,0.2,0.4,0.2284460291546049,0.25999999999999995,0.6127610704008593,0.56,0.0,0.5,19.140037644281527,25.154400000000003,7.443852528220507,17.65691999999997,7.978286317867303,8.49786550017429,4.62880993716522,4.5200000000000005,29.699862061164954,37.3870241517373
Scottsbluff,2020,08-15,90,5,3.3622371041524577,1.0,historical_analogs,True,0,0.36730715224486754,0.39480249757524266,0.23789035017988963,0.4,0.2,0.4,0.2284460291546049,0.25999999999999995,0.6127610704008593,0.56,0.0,0.5,13.034981466204288,17.686399999999995,21.91709576598149,29.52864000000001,7.978286317867303,8.49786550017429,4.62880993716522,4.5200000000000005,17.601733357536258,23.12297943851268
Scottsbluff,2020,08-15,season,5,3.3622371041524577,1.0,historical_analogs,True,0,0.36730715224486754,0.39480249757524266,0.23789035017988963,0.4,0.2,0.4,0.2284460291546049,0.25999999999999995,0.6127610704008593,0.56,0.0,0.5,19.140037644281527,25.154400000000003,9.13165854468172,16.345080000000003,7.978286317867303,8.49786550017429,4.62880993716522,4.5200000000000005,29.42138666851072,37.145406501693
Scottsbluff,2021,05-01,30,5,4.7254988658128685,1.0,historical_analogs,True,2,0.38574098558738246,0.2567910536895211,0.35746796072309633,0.4,0.2,0.4,0.2808217647296308,0.26000000000000006,0.627585174714236,0.56,0.0,0.5,46.63952775855033,50.8872,30.98952067936979,29.489400000000032,0.46819800093436736,0.454691074678266,0.0,0.0,19.99202662786507,26.024140252136952
Scottsbluff,2021,05-01,60,5,4.7254988658128685,1.0,historical_analogs,True,0,0.4778276667921779,0.1647043724847256,0.35746796072309633,0.4,0.2,0.4,0.200223644255615,0.25999999999999995,0.42757481882681714,0.56,1.0,0.5,60.645928203929515,65.02919999999999,11.855023567837819,17.44272,10.921120466156623,11.479792551340907,6.5892289056999065,6.920000000000002,43.83872825809354,53.69175371669458
Scottsbluff,2021,05-01,90,5,4.7254988658128685,1.0,historical_analogs,True,0,0.4778276667921779,0.1647043724847256,0.35746796072309633,0.4,0.2,0.4,0.200223644255615,0.25999999999999995,0.42757481882681714,0.56,1.0,0.5,56.638157062434935,64.21840000000002,24.173874372237435,31.0683599999998,14.253270707394025,16.301160741014034,7.3415132236175324,8.240000000000002,59.97212613076921,74.71821787691172
Scottsbluff,2021,05-01,season,5,4.7254988658128685,1.0,historical_analogs,True,0,0.4778276667921779,0.2325848746780265,0.28958745852979545,0.4,0.2,0.4,0.17826242085272345,0.25999999999999995,0.4106205656344401,0.56,1.0,0.5,61.73127683322804,74.6988,48.7476607729797,67.84235999999986,13.633339589191024,16.870020295790713,5.963092218477383,7.759999999999998,61.105915636749216,75.04882586553168
Scottsbluff,2021,05-15,30,5,2.6578087719224994,1.0,historical_analogs,True,0,0.1796092563657412,0.5183627137126349,0.3020280299216239,0.4,0.2,0.4,0.38213095154955473,0.25999999999999995,1.0329618060666366,0.56,0.0,0.5,22.752487561659724,38.557600000000015,51.53264017348753,23.385960000000004,8.485983281423518,6.723134751707979,5.284034334729172,4.5200000000000005,33.31696282855503,41.393870409187
Scottsbluff,2021,05-15,60,5,2.6578087719224994,1.0,historical_analogs,True,1,0.1796092563657412,0.5183627137126349,0.3020280299216239,0.4,0.2,0.4,0.061740207915295955,0.15999999999999998,0.35545489137284925,0.9600000000000002,1.0,0.0,14.816864452886541,40.077600000000004,48.723693836053826,35.45315999999991,5.033685820809233,7.702577990124674,4.0321569719440955,5.280000000000001,32.77758146755532,48.40390064044634
Scottsbluff,2021,05-15,90,5,2.6578087719224994,1.0,historical_analogs,True,0,0.6181520934179807,0.07981987666039536,0.3020280299216239,0.4,0.2,0.4,0.11851437730970393,0.25999999999999995,0.2433999673294886,0.56,1.0,0.5,22.23461863028355,55.975600000000014,26.844929833861357,43.10784,9.268687527158946,14.189220578269683,4.2213946293338145,8.280000000000001,45.99057047676463,77.20180256017358
Scottsbluff,2021,05-15,season,5,2.6578087719224994,1.0,historical_analogs,True,0,0.6181520934179807,2.8795251169707803e-07,0.38184761862950756,0.4,0.2,0.4,0.14580771380704818,0.25999999999999995,0.29161542761417925,0.56,1.0,0.5,26.55461248580491,66.01199999999999,45.480123761454536,81.25631999999996,11.723187603282874,16.8654201070159,3.995826717532454,7.759999999999998,39.758469813344966,75.04882586553177
Scottsbluff,2021,06-01,30,5,4.118860091549903,1.0,historical_analogs,True,0,0.6014774496743303,0.09862425632646779,0.299898293999202,0.4,0.2,0.4,0.12437960493085388,0.25999999999999995,0.2584859537976566,0.56,1.0,0.5,5.9962958201797605,13.1528,44.794615346257814,54.21059999999998,11.259398931888413,12.97933862950374,6.605415857559961,7.28,12.76043647321633,22.757267360539327
Scottsbluff,2021,06-01,60,5,4.118860091549903,1.0,historical_analogs,True,0,0.6014774496743303,0.09862425632646779,0.299898293999202,0.4,0.2,0.4,0.12437960493085388,0.25999999999999995,0.2584859537976566,0.56,1.0,0.5,9.891363253730418,20.382799999999996,61.24766485661409,83.82852000000004,11.076524666392963,17.068609413608836,5.460854140801724,8.16,16.437896316690864,38.660455768021734
Scottsbluff,2021,06-01,90,5,4.118860091549903,1.0,historical_analogs,True,0,0.6014774496743303,0.20513951843484443,0.19338303189082534,0.4,0.2,0.4,0.09810861007068196,0.25999999999999995,0.23829944216504384,0.56,1.0,0.5,19.078944420049552,32.8064,35.60833795970616,71.88515999999996,9.537024118753987,15.785450933283403,3.2326410563451597,6.919999999999998,28.319614782836993,52.1541485769975
Scottsbluff,2021,06-01,season,5,4.118860091549903,1.0,historical_analogs,True,0,0.6014774496743303,0.20513951843484443,0.19338303189082534,0.4,0.2,0.4,0.09810861007068196,0.25999999999999995,0.23829944216504384,0.56,1.0,0.5,21.554963298476586,33.462799999999994,57.455285465569276,106.2518400000002,9.62363329637973,16.95453580032585,4.192663057970723,8.04,27.89180429663009,46.8269746777056
Scottsbluff,2021,06-15,30,5,3.994379546128244,1.0,historical_analogs,True,1,0.624029614602011,0.16681957311546874,0.2091508122825202,0.4,0.2,0.4,0.2165785110893862,0.15999999999999998,1.127346645922262,0.9600000000000002,0.0,0.0,8.696927087006333,6.807600000000001,9.35024240716361,21.74507999999998,3.8464934568874805,3.831367420462107,1.9016289869324732,2.1999999999999997,14.84551556487974,13.594439471970993
Scottsbluff,2021,06-15,60,5,3.994379546128244,1.0,historical_analogs,True,0,0.624029614602011,0.07470564089493126,0.3012647445030577,0.4,0.2,0.4,0.11605708848840252,0.25999999999999995,0.23769510975832742,0.56,1.0,0.5,13.82068516506478,20.542799999999993,23.795014656492697,42.561720000000136,6.579021522519298,10.270788249116066,2.544942160680735,4.76,23.882174178748535,36.03819972465095
Scottsbluff,2021,06-15,90,5,3.994379546128244,1.0,historical_analogs,True,0,0.624029614602011,0.07470564089493126,0.3012647445030577,0.4,0.2,0.4,0.11605708848840252,0.25999999999999995,0.23769510975832742,0.56,1.0,0.5,18.81825825900818,33.242799999999995,52.14845921174852,69.47315999999994,11.113124332911221,13.109142728360986,4.204149822344667,5.839999999999999,28.038191383513407,45.95235858648999
Scottsbluff,2021,06-15,season,5,3.994379546128244,1.0,historical_analogs,True,0,0.624029614602011,0.07470564089493126,0.3012647445030577,0.4,0.2,0.4,0.11605708848840252,0.25999999999999995,0.23769510975832742,0.56,1.0,0.5,20.417289584798162,30.383999999999993,38.280261385069664,70.6802399999999,10.713682671786087,14.007121377483276,3.8476795569705438,5.84,28.364308558338095,41.44761005817398
Scottsbluff,2021,07-01,30,5,2.9405576749271987,1.0,historical_analogs,True,0,0.7678806852723661,0.015619737929151637,0.21649957679848217,0.4,0.2,0.4,0.05037572151177415,0.25999999999999995,0.10099541923652364,0.56,1.0,0.5,7.091350736059539,8.505999999999998,10.859744912838687,27.671040000000026,2.3213377560512205,6.330178688266972,1.667735532503765,2.5599999999999996,8.954931844736404,14.928229304476588
Scottsbluff,2021,07-01,60,5,2.9405576749271987,1.0,historical_analogs,True,0,0.7678806852723661,0.015619737929151637,0.21649957679848217,0.4,0.2,0.4,0.05037572151177415,0.25999999999999995,0.10099541923652364,0.56,1.0,0.5,11.434520352686953,18.488799999999998,28.06774717526811,32.741999999999926,11.866508193943922,9.376785589273535,4.273260548523671,3.8000000000000007,18.336278466791807,28.67964377073662
Scottsbluff,2021,07-01,90,5,2.9405576749271987,1.0,historical_analogs,True,0,0.7678806852723661,0.015619737929151637,0.21649957679848217,0.4,0.2,0.4,0.05037572151177415,0.25999999999999995,0.10099541923652364,0.56,1.0,0.5,8.478853573587315,21.217599999999997,35.330269145772505,49.12451999999992,10.707710741794788,10.867961854143996,3.483319151944773,4.200000000000001,12.105480384231555,27.586197160955734
Scottsbluff,2021,07-01,season,5,2.9405576749271987,1.0,historical_analogs,True,0,0.7678806852723661,0.015619737929151637,0.21649957679848217,0.4,0.2,0.4,0.05037572151177415,0.25999999999999995,0.10099541923652364,0.56,1.0,0.5,15.484024199780626,21.09559999999999,25.749571370867145,54.471239999999696,10.628381076602551,10.870778878860666,3.483319151944773,4.200000000000001,19.57315419703938,28.82608239748403
Scottsbluff,2021,07-15,30,5,4.024639459822442,1.0,historical_analogs,True,0,0.5709703481468338,0.038306566990683626,0.39072308486248253,0.4,0.2,0.4,0.1683654856068519,0.25999999999999995,0.33819836428831546,0.56,1.0,0.5,11.446747309413569,15.037599999999998,16.499281002827033,14.456160000000043,5.339459667509227,6.276116793078426,2.7759406673991522,3.1199999999999997,16.256546213429917,21.980972108965485
Scottsbluff,2021,07-15,60,5,4.024639459822442,1.0,historical_analogs,True,0,0.5709703481468338,0.13422361183191556,0.2948060400212506,0.4,0.2,0.4,0.13548852170113013,0.25999999999999995,0.28899302137546495,0.56,1.0,0.5,12.7627239876376,27.144,38.9779337378631,35.013600000000025,6.790982529324095,6.50257840336876,2.4030580524410565,2.839999999999999,16.01603912207763,33.18467071843317
Scottsbluff,2021,07-15,90,5,4.024639459822442,1.0,historical_analogs,True,0,0.5709703481468338,0.13422361183191556,0.2948060400212506,0.4,0.2,0.4,0.13548852170113013,0.25999999999999995,0.28899302137546495,0.56,1.0,0.5,11.700853083246855,23.556800000000003,36.59188493619966,44.78327999999994,6.556355562434918,7.570206225865412,2.063741417152512,2.92,15.158551607108834,30.367542847239925
Scottsbluff,2021,07-15,season,5,4.024639459822442,1.0,historical_analogs,True,0,0.5709703481468338,0.13422361183191556,0.2948060400212506,0.4,0.2,0.4,0.13548852170113013,0.25999999999999995,0.28899302137546495,0.56,1.0,0.5,11.681649790463212,23.5764,34.76611813299914,40.38084,6.556355562434918,7.570206225865412,2.063741417152512,2.92,15.33952424890812,30.39275909723315
Scottsbluff,2021,08-01,30,5,2.8626257325855176,1.0,historical_analogs,True,1,0.7996045390382784,0.000616300191695414,0.199779160770026,0.4,0.2,0.4,0.33963956596429684,0.15999999999999998,1.678046911371129,0.9600000000000002,0.0,0.0,4.5902248182492835,6.061999999999998,31.1739479731037,10.755720000000021,9.05593192658555,3.446029558520018,2.1534216366430545,1.12,8.764615070269215,8.79549306873297
Scottsbluff,2021,08-01,60,5,2.8626257325855176,1.0,historical_analogs,True,1,0.7996045390382784,0.000616300191695414,0.199779160770026,0.4,0.2,0.4,0.33963956596429684,0.15999999999999998,1.678046911371129,0.9600000000000002,0.0,0.0,2.9766732297736915,11.844799999999996,23.168196297769455,16.128000000000032,10.05490401674041,5.176292098025961,2.2677719579360636,2.08,5.481282791914236,14.263609407401319
Scottsbluff,2021,08-01,90,5,2.8626257325855176,1.0,historical_analogs,True,1,0.7996045390382784,0.000616300191695414,0.199779160770026,0.4,0.2,0.4,0.33963956596429684,0.15999999999999998,1.678046911371129,0.9600000000000002,0.0,0.0,25.473298037958674,17.520000000000003,31.611207173288207,37.23479999999998,9.908353388055568,5.165583773193518,2.2677719579360636,2.08,25.495167658436593,19.16365201189183
Scottsbluff,2021,08-01,season,5,2.8626257325855176,1.0,historical_analogs,True,1,0.7996045390382784,0.000616300191695414,0.199779160770026,0.4,0.2,0.4,0.33963956596429684,0.15999999999999998,1.678046911371129,0.9600000000000002,0.0,0.0,13.564487879649867,14.247999999999998,13.309271919303129,24.732359999999986,9.908353388055568,5.165583773193518,2.2677719579360636,2.08,13.448333498753293,15.317511522649031
Scottsbluff,2021,08-15,30,5,3.22627651303179,1.0,historical_analogs,True,1,0.4340980128150912,0.35066155934420495,0.2152404278407038,0.4,0.2,0.4,0.11738476325353017,0.15999999999999998,0.6564099370203598,0.9600000000000002,0.0,0.0,3.657502279822223,10.3824,17.699673267373868,14.928479999999984,6.141630663458865,4.238760064293785,1.3370109219979156,1.3199999999999998,5.57612059982462,10.798740035618923
Scottsbluff,2021,08-15,60,5,3.22627651303179,1.0,historical_analogs,True,1,0.4340980128150912,0.35066155934420495,0.2152404278407038,0.4,0.2,0.4,0.11738476325353017,0.15999999999999998,0.6564099370203598,0.9600000000000002,0.0,0.0,9.958519790159263,11.383199999999995,6.81145389199801,20.149560000000115,3.4656598854172884,2.5851403785221065,1.3666429552721664,1.1600000000000001,14.155707473524387,12.942788156158436
Scottsbluff,2021,08-15,90,5,3.22627651303179,1.0,historical_analogs,True,1,0.4340980128150912,0.35066155934420495,0.2152404278407038,0.4,0.2,0.4,0.11738476325353017,0.15999999999999998,0.6564099370203598,0.9600000000000002,0.0,0.0,22.526388946973846,14.633599999999998,15.628643409269017,29.52864000000001,3.4656598854172884,2.5851403785221065,1.3666429552721664,1.1600000000000001,27.166402532745927,16.611911583994136
Scottsbluff,2021,08-15,season,5,3.22627651303179,1.0,historical_analogs,True,1,0.4340980128150912,0.35066155934420495,0.2152404278407038,0.4,0.2,0.4,0.11738476325353017,0.15999999999999998,0.6564099370203598,0.9600000000000002,0.0,0.0,9.958519790159263,11.383199999999995,7.058219240467519,19.144440000000102,3.4656598854172884,2.5851403785221065,1.3666429552721664,1.1600000000000001,14.208946690551235,12.877807148531033
Scottsbluff,2022,05-01,30,5,3.142538465654154,1.0,historical_analogs,True,0,0.42642844982706896,0.2735370560931229,0.30003449407980826,0.4,0.2,0.4,0.20950251040275278,0.25999999999999995,0.49382754186159794,0.56,1.0,0.5,52.03157032330014,27.49199999999999,41.2563777141542,23.130359999999982,0.5863132627056766,0.709267937032765,0.0,0.0,14.074889891852234,14.636120589848439
Scottsbluff,2022,05-01,60,5,3.142538465654154,1.0,historical_analogs,True,0,0.3261932751786988,0.3945896824966328,0.27921704232466854,0.4,0.2,0.4,0.26598882956947223,0.25999999999999995,0.687678676671738,0.56,0.0,0.5,71.51023233336596,38.2308,31.08562263473465,26.19504000000002,3.4441332015052133,4.067117766934568,1.8311874513393809,1.6399999999999997,43.1864104456354,37.38768306025048
Scottsbluff,2022,05-01,90,5,3.142538465654154,1.0,historical_analogs,True,0,0.3261932751786988,0.3945896824966328,0.27921704232466854,0.4,0.2,0.4,0.26598882956947223,0.25999999999999995,0.687678676671738,0.56,0.0,0.5,86.30523313435333,48.882400000000004,17.750940103609757,26.99027999999997,12.683528336625855,13.224774497655932,6.074994204869583,6.319999999999999,65.27917873873923,57.5409745144897
Scottsbluff,2022,05-01,season,5,3.142538465654154,1.0,historical_analogs,True,0,0.3261932751786988,0.2735370560931229,0.40026966872817843,0.4,0.2,0.4,0.3071156550590872,0.25999999999999995,0.6890538311742667,0.56,0.0,0.5,90.76140130586944,68.982,107.55301047490353,100.06956000000044,33.5047761963303,29.688236419522973,11.124391417685786,9.68,70.39293200159128,68.52891543736504
Scottsbluff,2022,05-15,30,5,2.909888743256296,1.0,historical_analogs,True,1,0.6779495771569835,0.12658582282477351,0.19546460001824312,0.4,0.2,0.4,0.2489110195138122,0.15999999999999998,1.2606743639183025,0.9600000000000002,0.0,0.0,14.811725019579647,29.067999999999998,47.296260598818094,43.50419999999998,5.416616692044181,3.3887060974004766,2.577666413961828,1.1600000000000004,16.745683377350016,23.075272780113878
Scottsbluff,2022,05-15,60,5,2.909888743256296,1.0,historical_analogs,True,1,0.29290729439248775,0.5116281055892692,0.19546460001824312,0.4,0.2,0.4,0.06200054648430961,0.15999999999999998,0.36250820021894525,0.9600000000000002,1.0,0.0,14.03192830889045,40.216800000000006,37.54266753181367,35.45315999999992,2.393408788992031,6.130708161512162,1.72184517068382,2.88,19.7198030592886,38.298194822959545
Scottsbluff,2022,05-15,90,5,2.909888743256296,1.0,historical_analogs,True,0,0.6382139284140427,0.16632147156771424,0.19546460001824312,0.4,0.2,0.4,0.0845477857269456,0.25999999999999995,0.19675840335834122,0.56,1.0,0.5,19.534382606231453,53.1868,17.047234541967867,44.045280000000105,18.417499613204875,27.498330437318753,6.932301046836681,12.120000000000001,31.348178654932937,64.60416016558668
Scottsbluff,2022,05-15,season,5,2.909888743256296,1.0,historical_analogs,True,0,0.6382139284140427,1.9958077928246072e-06,0.3617840757781645,0.4,0.2,0.4,0.13088843954013007,0.25999999999999995,0.2617768790842434,0.56,1.0,0.5,23.97804020846199,66.6408,40.45559250072317,84.90671999999975,19.94268711861682,29.412679540772807,4.916429325752371,9.68,27.529785273214642,68.52891543736504
Scottsbluff,2022,06-01,30,5,4.065145941410863,1.0,historical_analogs,True,0,0.5814533990982382,0.10595778090079819,0.31258882000096366,0.4,0.2,0.4,0.1364465137580067,0.25999999999999995,0.284120078849435,0.56,1.0,0.5,6.325728680732267,13.652000000000001,16.540726550835302,20.963879999999968,3.330459676902751,4.292457723269081,1.3476874227297904,1.5199999999999996,8.778152752285742,18.117906622646686
Scottsbluff,2022,06-01,60,5,4.065145941410863,1.0,historical_analogs,True,0,0.5814533990982382,0.07852910658170487,0.34001749432005696,0.4,0.2,0.4,0.14539657678505427,0.25999999999999995,0.29695997415062936,0.56,1.0,0.5,11.758066799484858,23.920399999999987,31.766148203202782,50.40036000000012,8.604482461225695,14.225406239100465,4.567469642462553,7.2,18.07973969518318,39.110731215334916
Scottsbluff,2022,06-01,90,5,4.065145941410863,1.0,historical_analogs,True,0,0.5814533990982382,0.23405971341925877,0.18448688748250305,0.4,0.2,0.4,0.10460833438970017,0.25999999999999995,0.2640006182253059,0.56,1.0,0.5,23.23780989461134,39.632000000000005,69.74568303643105,105.33060000000035,14.824758447652759,22.473413257613583,4.494054320054728,7.879999999999999,33.44917504161305,59.403086846981964
Scottsbluff,2022,06-01,season,5,4.065145941410863,1.0,historical_analogs,True,0,0.5814533990982382,0.23405971341925877,0.18448688748250305,0.4,0.2,0.4,0.10460833438970017,0.25999999999999995,0.2640006182253059,0.56,1.0,0.5,25.847857921389547,41.63719999999999,81.69272967251989,129.59711999999996,21.60314792492113,29.70146147039403,6.299511950666442,9.96,32.1050570480669,54.0252663279378
Scottsbluff,2022,06-15,30,5,2.964310776037906,1.0,historical_analogs,True,0,0.43057708727058286,0.010040525766475232,0.559382386962942,0.4,0.2,0.4,0.318575554192806,0.25999999999999995,0.6372519205432792,0.56,0.0,0.5,17.549214593472705,13.637999999999996,58.01230992254219,50.70203999999994,15.554759263081522,12.886991577005064,6.513773105194728,5.5600000000000005,31.847823893495104,25.14973328274004
Scottsbluff,2022,06-15,60,5,2.964310776037906,1.0,historical_analogs,True,0,0.43057708727058286,0.43504956111547227,0.1343733516139449,0.4,0.2,0.4,0.17114932558260915,0.25999999999999995,0.5315667717919833,0.56,0.0,0.5,20.139836054561002,24.4452,104.95056172628831,113.28011999999991,33.86248240526188,34.46290325008117,14.602880196359386,15.32,45.19366611348657,47.48538077822672
Scottsbluff,2022,06-15,90,5,2.964310776037906,1.0,historical_analogs,True,0,0.43057708727058286,0.43504956111547227,0.1343733516139449,0.4,0.2,0.4,0.17114932558260915,0.25999999999999995,0.5315667717919833,0.56,0.0,0.5,49.44030505595296,41.657199999999996,117.13750549743452,139.84596000000022,41.0071214008551,38.43659179298974,13.843065335257783,13.04,75.49098620453088,63.95660345155139
Scottsbluff,2022,06-15,season,5,2.964310776037906,1.0,historical_analogs,True,0,0.43057708727058286,0.43504956111547227,0.1343733516139449,0.4,0.2,0.4,0.17114932558260915,0.25999999999999995,0.5315667717919833,0.56,0.0,0.5,44.87698513170853,37.703999999999986,131.40487270006412,144.89784000000031,37.84780646722081,35.71094607378997,13.301134940712735,12.559999999999999,61.590716238486664,53.092148302799764
Scottsbluff,2022,07-01,30,5,2.104033057094344,1.0,historical_analogs,True,0,0.62629863785249,0.09391873873788364,0.27978262340962645,0.4,0.2,0.4,0.10896551221643863,0.25999999999999995,0.22675175391899216,0.56,1.0,0.5,10.55271141754,11.793999999999997,10.097213416341962,29.6668800000002,8.256160978270223,12.173856419993305,5.720072872344316,7.36,16.620956792791286,19.81122570399497
Scottsbluff,2022,07-01,60,5,2.104033057094344,1.0,historical_analogs,True,0,0.62629863785249,6.277260980454733e-10,0.373701361519784,0.4,0.2,0.4,0.13965270783632236,0.25999999999999995,0.2793054156726448,0.56,1.0,0.5,18.142320416845156,25.064799999999995,86.82222710743598,88.08984000000004,22.105609475200875,19.626285039510442,8.207067579419338,7.64,30.829426296038136,40.361953416129296
Scottsbluff,2022,07-01,90,5,2.104033057094344,1.0,historical_analogs,True,0,0.62629863785249,6.277260980454733e-10,0.373701361519784,0.4,0.2,0.4,0.13965270783632236,0.25999999999999995,0.2793054156726448,0.56,1.0,0.5,11.683019930652963,25.115200000000005,85.93511930393664,113.16419999999997,27.216336986421187,27.396592374307918,9.342864421561035,9.96,17.247207997868216,33.94074060840658
Scottsbluff,2022,07-01,season,5,2.104033057094344,1.0,historical_analogs,True,0,0.62629863785249,6.277260980454733e-10,0.373701361519784,0.4,0.2,0.4,0.13965270783632236,0.25999999999999995,0.2793054156726448,0.56,1.0,0.5,19.236550937536304,29.020399999999995,88.34576130955568,113.24052000000043,26.943738662127767,27.179241674835595,9.342864421561035,9.96,23.751699345343585,37.87300786549825
Scottsbluff,2022,07-15,30,5,3.4397197076180936,1.0,historical_analogs,True,0,0.6984881455044045,0.03525906198407711,0.2662527925115183,0.4,0.2,0.4,0.08089997396077739,0.25999999999999995,0.16304314937355174,0.56,1.0,0.5,6.991250015517121,12.109599999999999,50.847718084410275,55.91951999999997,16.791577046875855,19.928878170040072,7.646687995008743,8.88,7.023858718569471,18.87393466360546
Scottsbluff,2022,07-15,60,5,3.4397197076180936,1.0,historical_analogs,True,0,0.6984881455044045,0.0634077027337084,0.238104151761887,0.4,0.2,0.4,0.07380149274381044,0.25999999999999995,0.15162352225358722,0.56,1.0,0.5,9.69660232401613,30.311999999999998,71.30148382456134,76.13136000000017,18.168897053469315,22.77440331145454,4.757989419002632,6.679999999999999,17.689826949301366,43.06859263925266
Scottsbluff,2022,07-15,90,5,3.4397197076180936,1.0,historical_analogs,True,0,0.6984881455044045,0.0634077027337084,0.238104151761887,0.4,0.2,0.4,0.07380149274381044,0.25999999999999995,0.15162352225358722,0.56,1.0,0.5,7.7497927025529165,24.046400000000002,52.8538768553292,73.90008000000009,14.727815879298914,20.218406765629155,4.284122695083132,6.279999999999999,10.05190077278516,30.380439398405173
Scottsbluff,2022,07-15,season,5,3.4397197076180936,1.0,historical_analogs,True,0,0.6984881455044045,0.0634077027337084,0.238104151761887,0.4,0.2,0.4,0.07380149274381044,0.25999999999999995,0.15162352225358722,0.56,1.0,0.5,7.684455063118573,24.066,66.39889333189127,85.3434,14.727815879298914,20.218406765629155,4.284122695083132,6.279999999999999,10.268555782828415,30.919398130362232
Scottsbluff,2022,08-01,30,5,3.3786516977702163,1.0,historical_analogs,True,0,0.7346724150618111,0.07883480608024926,0.18649277885793958,0.4,0.2,0.4,0.052589141947644094,0.25999999999999995,0.11139321054499868,0.56,1.0,0.5,3.754441133852131,9.350000000000001,47.96340982687552,58.305960000000184,5.894547902806527,8.058374968121164,1.4250724565403576,1.6000000000000005,7.084393742852068,14.211401345642663
Scottsbluff,2022,08-01,60,5,3.3786516977702163,1.0,historical_analogs,True,0,0.7346724150618111,0.07883480608024926,0.18649277885793958,0.4,0.2,0.4,0.052589141947644094,0.25999999999999995,0.11139321054499868,0.56,1.0,0.5,4.324617788316017,11.8448,78.38432034052536,82.00799999999984,7.140581846317599,12.466338296125732,1.6684380252199293,3.04,6.271238070193242,14.079981422624684
Scottsbluff,2022,08-01,90,5,3.3786516977702163,1.0,historical_analogs,True,0,0.7346724150618111,0.07883480608024926,0.18649277885793958,0.4,0.2,0.4,0.052589141947644094,0.25999999999999995,0.11139321054499868,0.56,1.0,0.5,9.940119308872468,17.520000000000003,95.03691809187968,109.84536000000017,7.04360570498776,12.316614344398946,1.6684380252199293,3.04,10.76082834732454,19.422129908003377
Scottsbluff,2022,08-01,season,5,3.3786516977702163,1.0,historical_analogs,True,0,0.7346724150618111,0.07883480608024926,0.18649277885793958,0.4,0.2,0.4,0.052589141947644094,0.25999999999999995,0.11139321054499868,0.56,1.0,0.5,6.855208769795874,14.248000000000005,59.91733681886241,77.34563999999992,7.04360570498776,12.316614344398946,1.6684380252199293,3.04,7.8971607872117815,15.474587583547503
Scottsbluff,2022,08-15,30,5,3.2264574776673176,1.0,historical_analogs,True,1,0.41019822464775035,0.395846573546615,0.1939552018056345,0.4,0.2,0.4,0.10294060190581536,0.15999999999999998,0.5708825665069963,0.9600000000000002,0.0,0.0,11.571563151801078,17.822399999999995,16.04891821975903,17.468640000000057,3.7212158239122832,4.238760064293783,1.5065072017308085,1.3200000000000007,18.78801119617161,24.713994886610823
Scottsbluff,2022,08-15,60,5,3.2264574776673176,1.0,historical_analogs,True,1,0.41019822464775035,0.395846573546615,0.1939552018056345,0.4,0.2,0.4,0.10294060190581536,0.15999999999999998,0.5708825665069963,0.9600000000000002,0.0,0.0,6.507745101786924,11.383199999999995,4.454471722984003,18.84491999999998,2.3038143575667314,2.585140378522106,1.9194210771025886,1.1599999999999997,8.80933473461804,13.144993789375889
Scottsbluff,2022,08-15,90,5,3.2264574776673176,1.0,historical_analogs,True,1,0.41019822464775035,0.395846573546615,0.1939552018056345,0.4,0.2,0.4,0.10294060190581536,0.15999999999999998,0.5708825665069963,0.9600000000000002,0.0,0.0,10.805136789265424,14.63359999999999,16.20384861680086,31.766399999999926,2.3038143575667314,2.585140378522106,1.9194210771025886,1.1599999999999997,13.042942621775406,16.664121921583604
Scottsbluff,2022,08-15,season,5,3.2264574776673176,1.0,historical_analogs,True,1,0.41019822464775035,0.395846573546615,0.1939552018056345,0.4,0.2,0.4,0.10294060190581536,0.15999999999999998,0.5708825665069963,0.9600000000000002,0.0,0.0,6.507745101786924,11.383199999999995,8.818196844090178,22.64363999999987,2.3038143575667314,2.585140378522106,1.9194210771025886,1.1599999999999997,8.879875769889555,13.317934098501116
Scottsbluff,2023,05-01,30,5,3.1138724301089784,1.0,historical_analogs,True,1,0.2867676361177906,0.11791790071210065,0.5953144631701086,0.4,0.2,0.4,0.21831749359205016,0.15999999999999998,1.2147038170682478,0.9600000000000002,0.0,0.0,107.39443918542665,64.18800000000002,86.55451408419457,54.60588,0.18843860171107163,0.40238159671748,0.0,0.0,17.099910009662345,14.636120589848439
Scottsbluff,2023,05-01,60,5,3.1138724301089784,1.0,historical_analogs,True,2,0.7373510996481181,0.11791790071210065,0.14473099963978125,0.4,0.2,0.4,0.6375858535647283,0.26000000000000006,1.289076338437806,0.56,0.0,0.5,198.6593681156965,143.79240000000004,9.958388935936764,17.44272000000001,20.453394228241027,16.517539050530466,7.126062923695699,5.0,108.00237694521081,70.99390029369445
Scottsbluff,2023,05-01,90,5,3.1138724301089784,1.0,historical_analogs,True,2,0.7373510996481181,0.11791790071210065,0.14473099963978125,0.4,0.2,0.4,0.6375858535647283,0.26000000000000006,1.289076338437806,0.56,0.0,0.5,207.539829354567,140.5384,73.10243396248669,66.81204000000008,33.07878043013268,22.09994954890846,10.540711098075072,5.359999999999999,131.50273716805347,74.50347168975475
Scottsbluff,2023,05-01,season,5,3.1138724301089784,1.0,historical_analogs,True,1,0.7373510996481181,0.11791790071210065,0.14473099963978125,0.4,0.2,0.4,0.28231685320450967,0.15999999999999998,1.3427025362931668,0.9600000000000002,0.0,0.0,273.8161930607922,207.82199999999997,108.6802089305354,65.38427999999982,39.332137215161346,23.822764714321437,14.68104519318177,7.279999999999999,194.1586224996519,133.4866952434066
Scottsbluff,2023,05-15,30,5,2.8206122056619596,3.0517578125,historical_analogs,True,2,0.2131749900221931,0.19063059203604327,0.5961944179417636,0.4,0.2,0.4,0.10425126223617659,0.26000000000000006,0.24484254709236553,0.56,1.0,0.5,15.80210137426915,33.93999999999998,47.10970671292216,23.385959999999997,2.941550689314285,6.939219740817198,0.6011524879471031,1.6400000000000001,10.908114938872032,33.5711144616719
Scottsbluff,2023,05-15,60,5,2.8206122056619596,3.0517578125,historical_analogs,True,2,0.3291363111324146,0.0575668437666904,0.613296845100895,0.4,0.2,0.4,0.1289350206573874,0.26000000000000006,0.26118398281603333,0.56,1.0,0.5,38.38880233162439,61.644000000000005,62.96143120208717,70.52723999999988,13.741657315724567,25.59164372052247,3.9885582657647864,8.159999999999998,34.18669987947669,82.78887642431381
Scottsbluff,2023,05-15,90,5,2.8206122056619596,3.0517578125,historical_analogs,True,2,0.13223611469251215,0.19063059203604327,0.6771332932714446,0.4,0.2,0.4,0.06086465017135713,0.26000000000000006,0.1580693229627266,0.56,1.0,0.5,63.16096557649416,87.54039999999998,52.593413382892365,90.91727999999992,17.906375654663933,30.45769620715099,3.668710065540126,8.28,64.27754535693497,120.1907115208178
Scottsbluff,2023,05-15,season,5,2.8206122056619596,3.0517578125,historical_analogs,True,1,0.13223611469251215,0.19063059203604327,0.6771332932714446,0.4,0.2,0.4,0.2379979434428017,0.15999999999999998,1.1310747254335292,0.9600000000000002,0.0,0.0,69.05420760636187,118.78320000000002,69.01877527514,81.25631999999996,7.862948314320359,23.83080320621449,3.455327887301226,7.279999999999999,56.66065123004984,133.4866952434067
Scottsbluff,2023,06-01,30,5,2.4579612615424455,1.25,historical_analogs,True,2,0.18837060871453104,0.17931577493972445,0.6323136163457446,0.4,0.2,0.4,0.08533838147611365,0.26000000000000006,0.2028309100944612,0.56,1.0,0.5,64.74269762591321,74.58800000000002,50.59776093243673,44.91396,18.129434743466028,15.36182536729883,5.09959191985013,4.880000000000001,82.33906612523997,91.01711960064935
Scottsbluff,2023,06-01,60,5,2.4579612615424455,1.25,historical_analogs,True,2,0.18837060871453104,0.17931577493972445,0.6323136163457446,0.4,0.2,0.4,0.08533838147611365,0.26000000000000006,0.2028309100944612,0.56,1.0,0.5,61.70562958980646,83.39719999999997,93.75014943644652,87.54803999999983,19.168287605835367,20.279237217671813,3.8549504932402607,5.2799999999999985,93.50741686776205,118.46012059702365
Scottsbluff,2023,06-01,90,5,2.4579612615424455,1.25,historical_analogs,True,2,0.18837060871453104,0.17931577493972445,0.6323136163457446,0.4,0.2,0.4,0.08533838147611365,0.26000000000000006,0.2028309100944612,0.56,1.0,0.5,90.93913796722065,95.68639999999999,42.62653555042657,82.52963999999992,14.069095956000467,20.228968621005315,3.24666897647365,6.92,122.06882575290749,130.23317129482916
Scottsbluff,2023,06-01,season,5,2.4579612615424455,1.25,historical_analogs,True,2,0.18837060871453104,0.17931577493972445,0.6323136163457446,0.4,0.2,0.4,0.08533838147611365,0.26000000000000006,0.2028309100944612,0.56,1.0,0.5,137.2286892726109,131.70920000000004,52.04389741607899,82.39248000000003,16.994507361316437,22.835375852571268,2.53284999330437,7.079999999999999,159.76486561443957,155.24956185468196
Scottsbluff,2023,06-15,30,5,3.626550565644473,1.0,historical_analogs,True,2,0.29504746661241354,0.5522005438163404,0.15275198957124606,0.4,0.4,0.2,0.40244109936494266,0.4000000000000001,1.1098076393209473,0.9600000000000002,0.0,0.0,12.909894454959476,14.47799999999999,45.44730454962671,48.35628000000007,15.590861334070722,15.839250416623335,4.9369143707465355,5.5600000000000005,28.86234218159106,32.744481503660964
Scottsbluff,2023,06-15,60,5,3.626550565644473,1.0,historical_analogs,True,2,0.23272341134129693,0.17230103252856796,0.5949755561301351,0.4,0.2,0.4,0.10910249315921192,0.26000000000000006,0.24789263212883447,0.56,1.0,0.5,25.207492854764542,42.219600000000014,52.6086832334352,77.8604399999997,14.583065134022434,20.577243670674562,2.788017141560961,5.720000000000001,46.334761129847664,72.00426401520161
Scottsbluff,2023,06-15,90,5,3.626550565644473,1.0,historical_analogs,True,2,0.29504746661241354,0.10997697725745136,0.5949755561301351,0.4,0.2,0.4,0.12554890384324832,0.26000000000000006,0.26319274321318264,0.56,1.0,0.5,63.562566141671766,73.44759999999998,28.239667873623077,51.51924000000017,7.8778405275614745,13.10914272836099,4.476194202228488,5.839999999999998,73.9287074401844,89.80522890373878
Scottsbluff,2023,06-15,season,5,3.626550565644473,1.0,historical_analogs,True,2,0.29504746661241354,0.10997697725745136,0.5949755561301351,0.4,0.2,0.4,0.12554890384324832,0.26000000000000006,0.26319274321318264,0.56,1.0,0.5,62.9886527245432,70.4784,51.391548667842244,62.649360000000044,6.693535863584421,14.007121377483276,3.8313998870916617,5.84,70.59161929513897,83.07403007166855
Scottsbluff,2023,07-01,30,5,2.4090566757397056,1.5625,historical_analogs,True,1,0.09267178367455871,0.09312095926349165,0.8142072570619495,0.4,0.2,0.4,0.335760758470884,0.15999999999999998,1.4939511114689372,0.9600000000000002,0.0,0.0,4.909426040567103,11.3092,39.89160530608159,54.182880000000004,1.2238765622175989,5.4002277930161515,1.4854213128676426,1.5999999999999996,5.381827778069518,22.022630014723795
Scottsbluff,2023,07-01,60,5,2.4090566757397056,1.5625,historical_analogs,True,2,0.07021742192019703,0.11557532101785332,0.8142072570619495,0.2,0.4,0.4,0.019724714834781713,0.20000000000000007,0.052807084497943316,0.56,1.0,0.5,16.836514110682263,29.576799999999995,20.38718195202069,51.24023999999994,6.879369993111977,9.376785589273535,4.667508588151175,3.8,19.756256030097582,42.00205207763542
Scottsbluff,2023,07-01,90,5,2.4090566757397056,1.5625,historical_analogs,True,2,0.09267178367455871,0.09312095926349165,0.8142072570619495,0.4,0.2,0.4,0.021553501408934334,0.26000000000000006,0.05177851587202158,0.56,1.0,0.5,45.14045083329012,55.960000000000015,21.04981929580049,56.20500000000001,5.22003544869021,10.867961854143996,3.7801154642393833,4.199999999999999,51.975404478990875,67.98952495362596
Scottsbluff,2023,07-01,season,5,2.4090566757397056,1.5625,historical_analogs,True,2,0.09267178367455871,0.09312095926349165,0.8142072570619495,0.4,0.2,0.4,0.021553501408934334,0.26000000000000006,0.05177851587202158,0.56,1.0,0.5,45.30201920500052,55.8476,47.663020275293675,55.55556000000013,5.437093950721901,10.870778878860659,3.7801154642393833,4.199999999999999,48.259496766108825,65.33130081126636
Scottsbluff,2023,07-15,30,5,2.727861109668804,1.0,historical_analogs,True,2,0.20223969136733772,0.02963896745597496,0.7681213411766873,0.4,0.2,0.4,0.047334302591027125,0.26000000000000006,0.09554707357391062,0.56,1.0,0.5,9.375408326311998,27.949600000000004,17.754500942946393,34.12944000000004,3.7125166550578754,6.846132870751509,1.9391375874189105,1.6800000000000002,12.963691062337354,37.23883181081237
Scottsbluff,2023,07-15,60,5,2.727861109668804,1.0,historical_analogs,True,1,0.20223969136733772,0.02963896745597496,0.7681213411766873,0.4,0.2,0.4,0.31545564376771446,0.15999999999999998,1.5725118210153353,0.9600000000000002,0.0,0.0,39.733922680067174,58.21919999999998,32.02005446844598,21.846240000000016,11.236258271277848,6.502578403368762,5.722416925332215,2.84,31.535549688245478,56.54886030788018
Scottsbluff,2023,07-15,90,5,2.727861109668804,1.0,historical_analogs,True,1,0.20223969136733772,0.02963896745597496,0.7681213411766873,0.4,0.2,0.4,0.31545564376771446,0.15999999999999998,1.5725118210153353,0.9600000000000002,0.0,0.0,39.460195150764136,56.10079999999999,58.501850275372504,32.37192000000006,8.927508180713076,7.570206225865412,4.922105193578252,2.919999999999999,31.995924021893693,54.76530223032936
Scottsbluff,2023,07-15,season,5,2.727861109668804,1.0,historical_analogs,True,1,0.20223969136733772,0.02963896745597496,0.7681213411766873,0.4,0.2,0.4,0.31545564376771446,0.15999999999999998,1.5725118210153353,0.9600000000000002,0.0,0.0,39.32713921204537,56.00039999999999,57.56653798832197,32.05188000000007,8.927508180713076,7.570206225865412,4.922105193578252,2.919999999999999,31.716145489378967,54.67764737384645
Scottsbluff,2023,08-01,30,5,3.021117915196662,1.25,historical_analogs,True,2,0.2080477427177809,0.10797120025610236,0.6839810570261169,0.4,0.2,0.4,0.07157591778414722,0.26000000000000006,0.1548096156530377,0.56,1.0,0.5,14.831253872412084,15.201199999999998,19.35847133652866,12.358440000000044,4.403448850789109,3.446029558520017,2.2319164297366423,1.12,14.773646078600377,17.912164112595267
Scottsbluff,2023,08-01,60,5,3.021117915196662,1.25,historical_analogs,True,2,0.2080477427177809,0.10797120025610236,0.6839810570261169,0.4,0.2,0.4,0.07157591778414722,0.26000000000000006,0.1548096156530377,0.56,1.0,0.5,44.36899305851378,39.14240000000001,26.112803291125886,14.47775999999999,3.412172084854281,5.176292098025963,1.844022765837538,2.08,51.05674287108944,46.58067848076754
Scottsbluff,2023,08-01,90,5,3.021117915196662,1.25,historical_analogs,True,2,0.2080477427177809,0.10797120025610236,0.6839810570261169,0.4,0.2,0.4,0.07157591778414722,0.26000000000000006,0.1548096156530377,0.56,1.0,0.5,44.238459167176046,36.7728,51.352029726732695,25.277039999999943,3.551217147893749,5.165583773193516,1.844022765837538,2.08,51.55096005854564,44.45314646707983
Scottsbluff,2023,08-01,season,5,3.021117915196662,1.25,historical_analogs,True,2,0.2080477427177809,0.10797120025610236,0.6839810570261169,0.4,0.2,0.4,0.07157591778414722,0.26000000000000006,0.1548096156530377,0.56,1.0,0.5,44.907544142860225,39.8416,48.28207472219629,24.732359999999986,3.551217147893749,5.165583773193516,1.844022765837538,2.08,49.66850168014915,46.55776810009783
Scottsbluff,2023,08-15,30,5,2.5731805341960348,1.25,historical_analogs,True,0,0.09011691730554419,0.06216085303859858,0.8477222296558572,0.4,0.2,0.4,0.773260101413132,0.25999999999999995,1.5503841744767501,0.56,0.0,0.5,25.6973765225484,34.03200000000001,26.533118036428853,12.137760000000004,11.84471474997402,4.683479564204965,4.729961295653805,2.2800000000000007,26.31301098031132,34.44635688721584
Scottsbluff,2023,08-15,60,5,2.5731805341960348,1.25,historical_analogs,True,0,0.13802198626046375,0.014255784083679017,0.8477222296558572,0.4,0.2,0.4,0.7308195374115272,0.25999999999999995,1.4618423022028946,0.56,0.0,0.5,25.788494303832497,31.3752,67.98689373928934,17.656919999999964,7.504958977734984,2.666970541166446,2.7802145270089547,1.6400000000000003,25.82050970025414,33.59427186203668
Scottsbluff,2023,08-15,90,5,2.5731805341960348,1.25,historical_analogs,True,0,0.13802198626046375,0.014255784083679017,0.8477222296558572,0.4,0.2,0.4,0.7308195374115272,0.25999999999999995,1.4618423022028946,0.56,0.0,0.5,23.93882699938315,22.6736,139.50961393120423,56.20895999999971,7.504958977734984,2.666970541166446,2.7802145270089547,1.6400000000000003,25.380938248434298,24.395398554597104
Scottsbluff,2023,08-15,season,5,2.5731805341960348,1.25,historical_analogs,True,0,0.13802198626046375,0.014255784083679017,0.8477222296558572,0.4,0.2,0.4,0.7308195374115272,0.25999999999999995,1.4618423022028946,0.56,0.0,0.5,25.788494303832497,31.3752,70.86648120734057,16.345080000000003,7.504958977734984,2.666970541166446,2.7802145270089547,1.6400000000000003,25.63316961852503,33.36398275295244
