{"type": "FeatureCollection", "features": [{"type": "Feature", "geometry": {"type": "Point", "coordinates": [-93.7319885, 42.0149289]}, "properties": {"plot_id": "Ames-4231-10-2", "site_id": "Ames", "year": 2022, "actual": 152.81, "pred_records": 25.6, "resid_records": 127.2, "pred_tp1": 57.6, "resid_tp1": 95.3, "pred_tp2": 126.3, "resid_tp2": 26.5, "pred_tp3": 112.7, "resid_tp3": 40.1, "pred_tp4": 121.5, "resid_tp4": 31.3, "pred_tp5": 79.0, "resid_tp5": 73.8, "pred_tp6": 64.9, "resid_tp6": 87.9}}, {"type": "Feature", "geometry": {"type": "Point", "coordinates": [-93.7320265, 42.0149286]}, "properties": {"plot_id": "Ames-4231-10-3", "site_id": "Ames", "year": 2022, "actual": 153.29, "pred_records": 25.6, "resid_records": 127.7, "pred_tp1": 75.6, "resid_tp1": 77.7, "pred_tp2": 118.5, "resid_tp2": 34.8, "pred_tp3": 87.2, "resid_tp3": 66.0, "pred_tp4": 115.4, "resid_tp4": 37.9, "pred_tp5": 71.0, "resid_tp5": 82.2, "pred_tp6": 49.7, "resid_tp6": 103.6}}, {"type": "Feature", "geometry": {"type": "Point", "coordinates": [-93.7320628, 42.0149284]}, "properties": {"plot_id": "Ames-4231-10-4", "site_id": "Ames", "year": 2022, "actual": 146.77, "pred_records": 25.6, "resid_records": 121.2, "pred_tp1": 57.9, "resid_tp1": 88.9, "pred_tp2": 114.4, "resid_tp2": 32.4, "pred_tp3": 101.6, "resid_tp3": 45.2, "pred_tp4": 106.6, "resid_tp4": 40.2, "pred_tp5": 73.5, "resid_tp5": 73.2, "pred_tp6": 41.1, "resid_tp6": 105.7}}, {"type": "Feature", "geometry": {"type": "Point", "coordinates": [-93.7321008, 42.0149268]}, "properties": {"plot_id": "Ames-4231-10-5", "site_id": "Ames", "year": 2022, "actual": 109.4, "pred_records": 25.6, "resid_records": 83.8, "pred_tp1": 46.1, "resid_tp1": 63.3, "pred_tp2": 117.4, "resid_tp2": -8.0, "pred_tp3": 103.5, "resid_tp3": 5.9, "pred_tp4": 106.6, "resid_tp4": 2.8, "pred_tp5": 70.0, "resid_tp5": 39.4, "pred_tp6": 37.6, "resid_tp6": 71.8}}, {"type": "Feature", "geometry": {"type": "Point", "coordinates": [-93.732137, 42.0149266]}, "properties": {"plot_id": "Ames-4231-10-6", "site_id": "Ames", "year": 2022, "actual": 119.39, "pred_records": 35.0, "resid_records": 84.3, "pred_tp1": 57.4, "resid_tp1": 62.0, "pred_tp2": 111.6, "resid_tp2": 7.8, "pred_tp3": 64.1, "resid_tp3": 55.3, "pred_tp4": 107.8, "resid_tp4": 11.6, "pred_tp5": 70.2, "resid_tp5": 49.2, "pred_tp6": 65.8, "resid_tp6": 53.6}}, {"type": "Feature", "geometry": {"type": "Point", "coordinates": [-93.7321733, 42.0149264]}, "properties": {"plot_id": "Ames-4231-10-7", "site_id": "Ames", "year": 2022, "actual": 62.87, "pred_records": 25.0, "resid_records": 37.9, "pred_tp1": 30.3, "resid_tp1": 32.6, "pred_tp2": 110.9, "resid_tp2": -48.1, "pred_tp3": 64.9, "resid_tp3": -2.1, "pred_tp4": 82.7, "resid_tp4": -19.8, "pred_tp5": 67.0, "resid_tp5": -4.1, "pred_tp6": 61.5, "resid_tp6": 1.4}}, {"type": "Feature", "geometry": {"type": "Point", "coordinates": [-93.7319897, 42.0148748]}, "properties": {"plot_id": "Ames-4231-11-2", "site_id": "Ames", "year": 2022, "actual": 123.24, "pred_records": 25.6, "resid_records": 97.6, "pred_tp1": 58.2, "resid_tp1": 65.0, "pred_tp2": 110.7, "resid_tp2": 12.6, "pred_tp3": 105.2, "resid_tp3": 18.1, "pred_tp4": 118.8, "resid_tp4": 4.5, "pred_tp5": 101.3, "resid_tp5": 21.9, "pred_tp6": 73.2, "resid_tp6": 50.0}}, {"type": "Feature", "geometry": {"type": "Point", "coordinates": [-93.7320259, 42.0148733]}, "properties": {"plot_id": "Ames-4231-11-3", "site_id": "Ames", "year": 2022, "actual": 113.07, "pred_records": 25.6, "resid_records": 87.5, "pred_tp1": 36.9, "resid_tp1": 76.1, "pred_tp2": 115.7, "resid_tp2": -2.7, "pred_tp3": 109.6, "resid_tp3": 3.4, "pred_tp4": 104.6, "resid_tp4": 8.5, "pred_tp5": 68.1, "resid_tp5": 44.9, "pred_tp6": 38.8, "resid_tp6": 74.2}}, {"type": "Feature", "geometry": {"type": "Point", "coordinates": [-93.732064, 42.014873]}, "properties": {"plot_id": "Ames-4231-11-4", "site_id": "Ames", "year": 2022, "actual": 120.13, "pred_records": 25.6, "resid_records": 94.5, "pred_tp1": 62.9, "resid_tp1": 57.2, "pred_tp2": 118.9, "resid_tp2": 1.2, "pred_tp3": 98.8, "resid_tp3": 21.3, "pred_tp4": 110.6, "resid_tp4": 9.5, "pred_tp5": 72.8, "resid_tp5": 47.3, "pred_tp6": 72.2, "resid_tp6": 48.0}}, {"type": "Feature", "geometry": {"type": "Point", "coordinates": [-93.7321002, 42.0148728]}, "properties": {"plot_id": "Ames-4231-11-5", "site_id": "Ames", "year": 2022, "actual": 141.98, "pred_records": 25.6, "resid_records": 116.4, "pred_tp1": 57.0, "resid_tp1": 85.0, "pred_tp2": 119.4, "resid_tp2": 22.6, "pred_tp3": 110.8, "resid_tp3": 31.2, "pred_tp4": 118.9, "resid_tp4": 23.1, "pred_tp5": 70.5, "resid_tp5": 71.5, "pred_tp6": 66.3, "resid_tp6": 75.7}}, {"type": "Feature", "geometry": {"type": "Point", "coordinates": [-93.7321364, 42.0148726]}, "properties": {"plot_id": "Ames-4231-11-6", "site_id": "Ames", "year": 2022, "actual": 143.59, "pred_records": 25.6, "resid_records": 118.0, "pred_tp1": 57.9, "resid_tp1": 85.7, "pred_tp2": 121.9, "resid_tp2": 21.7, "pred_tp3": 107.9, "resid_tp3": 35.6, "pred_tp4": 99.5, "resid_tp4": 44.1, "pred_tp5": 76.0, "resid_tp5": 67.5, "pred_tp6": 56.8, "resid_tp6": 86.8}}, {"type": "Feature", "geometry": {"type": "Point", "coordinates": [-93.7321726, 42.014871]}, "properties": {"plot_id": "Ames-4231-11-7", "site_id": "Ames", "year": 2022, "actual": 103.65, "pred_records": 25.6, "resid_records": 78.0, "pred_tp1": 40.6, "resid_tp1": 63.0, "pred_tp2": 94.5, "resid_tp2": 9.1, "pred_tp3": 89.6, "resid_tp3": 14.1, "pred_tp4": 88.2, "resid_tp4": 15.5, "pred_tp5": 60.7, "resid_tp5": 43.0, "pred_tp6": 57.3, "resid_tp6": 46.4}}, {"type": "Feature", "geometry": {"type": "Point", "coordinates": [-93.7319909, 42.0148194]}, "properties": {"plot_id": "Ames-4231-12-2", "site_id": "Ames", "year": 2022, "actual": 183.96, "pred_records": 67.5, "resid_records": 116.5, "pred_tp1": 66.4, "resid_tp1": 117.6, "pred_tp2": 119.1, "resid_tp2": 64.9, "pred_tp3": 115.1, "resid_tp3": 68.8, "pred_tp4": 119.8, "resid_tp4": 64.2, "pred_tp5": 85.7, "resid_tp5": 98.2, "pred_tp6": 69.5, "resid_tp6": 114.5}}, {"type": "Feature", "geometry": {"type": "Point", "coordinates": [-93.7320271, 42.0148192]}, "properties": {"plot_id": "Ames-4231-12-3", "site_id": "Ames", "year": 2022, "actual": 128.42, "pred_records": 25.6, "resid_records": 102.8, "pred_tp1": 47.7, "resid_tp1": 80.8, "pred_tp2": 115.6, "resid_tp2": 12.8, "pred_tp3": 105.3, "resid_tp3": 23.1, "pred_tp4": 117.4, "resid_tp4": 11.1, "pred_tp5": 74.3, "resid_tp5": 54.2, "pred_tp6": 52.7, "resid_tp6": 75.7}}, {"type": "Feature", "geometry": {"type": "Point", "coordinates": [-93.7320633, 42.014819]}, "properties": {"plot_id": "Ames-4231-12-4", "site_id": "Ames", "year": 2022, "actual": 130.97, "pred_records": 38.9, "resid_records": 92.1, "pred_tp1": 68.8, "resid_tp1": 62.2, "pred_tp2": 117.6, "resid_tp2": 13.3, "pred_tp3": 105.9, "resid_tp3": 25.1, "pred_tp4": 130.3, "resid_tp4": 0.6, "pred_tp5": 77.7, "resid_tp5": 53.2, "pred_tp6": 64.4, "resid_tp6": 66.5}}, {"type": "Feature", "geometry": {"type": "Point", "coordinates": [-93.7320996, 42.0148187]}, "properties": {"plot_id": "Ames-4231-12-5", "site_id": "Ames", "year": 2022, "actual": 111.78, "pred_records": 25.6, "resid_records": 86.2, "pred_tp1": 53.9, "resid_tp1": 57.9, "pred_tp2": 116.7, "resid_tp2": -4.9, "pred_tp3": 118.5, "resid_tp3": -6.7, "pred_tp4": 120.4, "resid_tp4": -8.6, "pred_tp5": 76.5, "resid_tp5": 35.3, "pred_tp6": 55.6, "resid_tp6": 56.2}}, {"type": "Feature", "geometry": {"type": "Point", "coordinates": [-93.7321738, 42.0148169]}, "properties": {"plot_id": "Ames-4231-12-7", "site_id": "Ames", "year": 2022, "actual": 107.98, "pred_records": 25.6, "resid_records": 82.4, "pred_tp1": 49.3, "resid_tp1": 58.6, "pred_tp2": 107.1, "resid_tp2": 0.9, "pred_tp3": 97.3, "resid_tp3": 10.7, "pred_tp4": 91.3, "resid_tp4": 16.7, "pred_tp5": 65.6, "resid_tp5": 42.4, "pred_tp6": 48.2, "resid_tp6": 59.8}}, {"type": "Feature", "geometry": {"type": "Point", "coordinates": [-93.7319903, 42.0147654]}, "properties": {"plot_id": "Ames-4231-13-2", "site_id": "Ames", "year": 2022, "actual": 128.91, "pred_records": 25.6, "resid_records": 103.3, "pred_tp1": 61.5, "resid_tp1": 67.4, "pred_tp2": 126.0, "resid_tp2": 2.9, "pred_tp3": 107.6, "resid_tp3": 21.3, "pred_tp4": 121.7, "resid_tp4": 7.2, "pred_tp5": 75.9, "resid_tp5": 53.0, "pred_tp6": 61.6, "resid_tp6": 67.3}}, {"type": "Feature", "geometry": {"type": "Point", "coordinates": [-93.7320265, 42.0147652]}, "properties": {"plot_id": "Ames-4231-13-3", "site_id": "Ames", "year": 2022, "actual": 140.89, "pred_records": 25.6, "resid_records": 115.3, "pred_tp1": 55.4, "resid_tp1": 85.5, "pred_tp2": 114.1, "resid_tp2": 26.8, "pred_tp3": 112.1, "resid_tp3": 28.8, "pred_tp4": 118.6, "resid_tp4": 22.3, "pred_tp5": 74.0, "resid_tp5": 66.9, "pred_tp6": 64.1, "resid_tp6": 76.8}}, {"type": "Feature", "geometry": {"type": "Point", "coordinates": [-93.7320627, 42.0147636]}, "properties": {"plot_id": "Ames-4231-13-4", "site_id": "Ames", "year": 2022, "actual": 121.67, "pred_records": 38.9, "resid_records": 82.8, "pred_tp1": 46.5, "resid_tp1": 75.2, "pred_tp2": 112.0, "resid_tp2": 9.7, "pred_tp3": 108.9, "resid_tp3": 12.8, "pred_tp4": 129.3, "resid_tp4": -7.6, "pred_tp5": 75.7, "resid_tp5": 45.9, "pred_tp6": 67.7, "resid_tp6": 54.0}}, {"type": "Feature", "geometry": {"type": "Point", "coordinates": [-93.7320989, 42.0147634]}, "properties": {"plot_id": "Ames-4231-13-5", "site_id": "Ames", "year": 2022, "actual": 141.72, "pred_records": 25.6, "resid_records": 116.1, "pred_tp1": 44.9, "resid_tp1": 96.8, "pred_tp2": 118.5, "resid_tp2": 23.2, "pred_tp3": 103.5, "resid_tp3": 38.3, "pred_tp4": 112.7, "resid_tp4": 29.0, "pred_tp5": 76.5, "resid_tp5": 65.2, "pred_tp6": 47.9, "resid_tp6": 93.8}}, {"type": "Feature", "geometry": {"type": "Point", "coordinates": [-93.732137, 42.0147631]}, "properties": {"plot_id": "Ames-4231-13-6", "site_id": "Ames", "year": 2022, "actual": 193.95, "pred_records": 38.9, "resid_records": 155.0, "pred_tp1": 54.5, "resid_tp1": 139.5, "pred_tp2": 115.5, "resid_tp2": 78.5, "pred_tp3": 120.3, "resid_tp3": 73.6, "pred_tp4": 105.8, "resid_tp4": 88.1, "pred_tp5": 71.3, "resid_tp5": 122.6, "pred_tp6": 76.4, "resid_tp6": 117.6}}, {"type": "Feature", "geometry": {"type": "Point", "coordinates": [-93.7321732, 42.0147615]}, "properties": {"plot_id": "Ames-4231-13-7", "site_id": "Ames", "year": 2022, "actual": 129.52, "pred_records": 37.4, "resid_records": 92.1, "pred_tp1": 48.3, "resid_tp1": 81.3, "pred_tp2": 111.9, "resid_tp2": 17.6, "pred_tp3": 106.1, "resid_tp3": 23.4, "pred_tp4": 105.8, "resid_tp4": 23.8, "pred_tp5": 72.4, "resid_tp5": 57.1, "pred_tp6": 49.7, "resid_tp6": 79.9}}, {"type": "Feature", "geometry": {"type": "Point", "coordinates": [-93.7319896, 42.0147114]}, "properties": {"plot_id": "Ames-4231-14-2", "site_id": "Ames", "year": 2022, "actual": 138.38, "pred_records": 25.6, "resid_records": 112.8, "pred_tp1": 34.9, "resid_tp1": 103.5, "pred_tp2": 108.7, "resid_tp2": 29.7, "pred_tp3": 100.4, "resid_tp3": 37.9, "pred_tp4": 96.8, "resid_tp4": 41.6, "pred_tp5": 63.3, "resid_tp5": 75.0, "pred_tp6": 51.9, "resid_tp6": 86.5}}, {"type": "Feature", "geometry": {"type": "Point", "coordinates": [-93.7320258, 42.0147098]}, "properties": {"plot_id": "Ames-4231-14-3", "site_id": "Ames", "year": 2022, "actual": 126.88, "pred_records": 25.6, "resid_records": 101.3, "pred_tp1": 52.1, "resid_tp1": 74.8, "pred_tp2": 115.4, "resid_tp2": 11.5, "pred_tp3": 107.2, "resid_tp3": 19.6, "pred_tp4": 97.2, "resid_tp4": 29.7, "pred_tp5": 69.7, "resid_tp5": 57.2, "pred_tp6": 47.6, "resid_tp6": 79.3}}, {"type": "Feature", "geometry": {"type": "Point", "coordinates": [-93.7320621, 42.0147096]}, "properties": {"plot_id": "Ames-4231-14-4", "site_id": "Ames", "year": 2022, "actual": 202.1, "pred_records": 44.1, "resid_records": 158.0, "pred_tp1": 50.7, "resid_tp1": 151.4, "pred_tp2": 118.0, "resid_tp2": 84.1, "pred_tp3": 106.0, "resid_tp3": 96.1, "pred_tp4": 114.3, "resid_tp4": 87.8, "pred_tp5": 72.3, "resid_tp5": 129.8, "pred_tp6": 41.8, "resid_tp6": 160.3}}, {"type": "Feature", "geometry": {"type": "Point", "coordinates": [-93.7321001, 42.014708]}, "properties": {"plot_id": "Ames-4231-14-5", "site_id": "Ames", "year": 2022, "actual": 129.0, "pred_records": 25.6, "resid_records": 103.4, "pred_tp1": 27.7, "resid_tp1": 101.3, "pred_tp2": 115.3, "resid_tp2": 13.7, "pred_tp3": 108.2, "resid_tp3": 20.8, "pred_tp4": 111.8, "resid_tp4": 17.2, "pred_tp5": 73.7, "resid_tp5": 55.3, "pred_tp6": 45.8, "resid_tp6": 83.2}}, {"type": "Feature", "geometry": {"type": "Point", "coordinates": [-93.7321363, 42.0147077]}, "properties": {"plot_id": "Ames-4231-14-6", "site_id": "Ames", "year": 2022, "actual": 124.37, "pred_records": 25.6, "resid_records": 98.8, "pred_tp1": 48.6, "resid_tp1": 75.7, "pred_tp2": 114.3, "resid_tp2": 10.0, "pred_tp3": 115.0, "resid_tp3": 9.3, "pred_tp4": 116.3, "resid_tp4": 8.1, "pred_tp5": 80.8, "resid_tp5": 43.6, "pred_tp6": 73.1, "resid_tp6": 51.3}}, {"type": "Feature", "geometry": {"type": "Point", "coordinates": [-93.7321744, 42.0147075]}, "properties": {"plot_id": "Ames-4231-14-7", "site_id": "Ames", "year": 2022, "actual": 87.35, "pred_records": 25.6, "resid_records": 61.7, "pred_tp1": 26.8, "resid_tp1": 60.5, "pred_tp2": 111.0, "resid_tp2": -23.6, "pred_tp3": 91.4, "resid_tp3": -4.1, "pred_tp4": 81.9, "resid_tp4": 5.5, "pred_tp5": 47.0, "resid_tp5": 40.3, "pred_tp6": 52.0, "resid_tp6": 35.4}}, {"type": "Feature", "geometry": {"type": "Point", "coordinates": [-93.731989, 42.014656]}, "properties": {"plot_id": "Ames-4231-15-2", "site_id": "Ames", "year": 2022, "actual": 118.06, "pred_records": 25.6, "resid_records": 92.5, "pred_tp1": 33.1, "resid_tp1": 84.9, "pred_tp2": 94.1, "resid_tp2": 24.0, "pred_tp3": 96.7, "resid_tp3": 21.3, "pred_tp4": 73.9, "resid_tp4": 44.1, "pred_tp5": 68.3, "resid_tp5": 49.8, "pred_tp6": 54.2, "resid_tp6": 63.8}}, {"type": "Feature", "geometry": {"type": "Point", "coordinates": [-93.732027, 42.0146557]}, "properties": {"plot_id": "Ames-4231-15-3", "site_id": "Ames", "year": 2022, "actual": 207.13, "pred_records": 55.4, "resid_records": 151.7, "pred_tp1": 71.7, "resid_tp1": 135.4, "pred_tp2": 123.3, "resid_tp2": 83.9, "pred_tp3": 111.9, "resid_tp3": 95.2, "pred_tp4": 110.9, "resid_tp4": 96.3, "pred_tp5": 81.9, "resid_tp5": 125.2, "pred_tp6": 77.6, "resid_tp6": 129.5}}, {"type": "Feature", "geometry": {"type": "Point", "coordinates": [-93.7320633, 42.0146542]}, "properties": {"plot_id": "Ames-4231-15-4", "site_id": "Ames", "year": 2022, "actual": 138.53, "pred_records": 25.6, "resid_records": 112.9, "pred_tp1": 57.6, "resid_tp1": 80.9, "pred_tp2": 127.8, "resid_tp2": 10.8, "pred_tp3": 107.2, "resid_tp3": 31.3, "pred_tp4": 120.0, "resid_tp4": 18.5, "pred_tp5": 78.3, "resid_tp5": 60.2, "pred_tp6": 53.3, "resid_tp6": 85.2}}, {"type": "Feature", "geometry": {"type": "Point", "coordinates": [-93.7320995, 42.0146539]}, "properties": {"plot_id": "Ames-4231-15-5", "site_id": "Ames", "year": 2022, "actual": 140.97, "pred_records": 25.6, "resid_records": 115.4, "pred_tp1": 38.1, "resid_tp1": 102.8, "pred_tp2": 109.5, "resid_tp2": 31.5, "pred_tp3": 101.3, "resid_tp3": 39.7, "pred_tp4": 102.0, "resid_tp4": 39.0, "pred_tp5": 70.2, "resid_tp5": 70.8, "pred_tp6": 44.6, "resid_tp6": 96.3}}, {"type": "Feature", "geometry": {"type": "Point", "coordinates": [-93.7321375, 42.0146537]}, "properties": {"plot_id": "Ames-4231-15-6", "site_id": "Ames", "year": 2022, "actual": 155.39, "pred_records": 25.6, "resid_records": 129.8, "pred_tp1": 40.5, "resid_tp1": 114.9, "pred_tp2": 112.7, "resid_tp2": 42.7, "pred_tp3": 112.7, "resid_tp3": 42.7, "pred_tp4": 118.7, "resid_tp4": 36.7, "pred_tp5": 90.2, "resid_tp5": 65.2, "pred_tp6": 76.6, "resid_tp6": 78.8}}, {"type": "Feature", "geometry": {"type": "Point", "coordinates": [-93.7321738, 42.0146535]}, "properties": {"plot_id": "Ames-4231-15-7", "site_id": "Ames", "year": 2022, "actual": 94.73, "pred_records": 25.6, "resid_records": 69.1, "pred_tp1": 39.5, "resid_tp1": 55.2, "pred_tp2": 110.8, "resid_tp2": -16.1, "pred_tp3": 93.2, "resid_tp3": 1.6, "pred_tp4": 89.3, "resid_tp4": 5.4, "pred_tp5": 61.3, "resid_tp5": 33.4, "pred_tp6": 66.2, "resid_tp6": 28.5}}, {"type": "Feature", "geometry": {"type": "Point", "coordinates": [-93.7319902, 42.0146006]}, "properties": {"plot_id": "Ames-4231-16-2", "site_id": "Ames", "year": 2022, "actual": 144.65, "pred_records": 25.6, "resid_records": 119.0, "pred_tp1": 41.4, "resid_tp1": 103.3, "pred_tp2": 100.0, "resid_tp2": 44.7, "pred_tp3": 100.5, "resid_tp3": 44.1, "pred_tp4": 107.0, "resid_tp4": 37.7, "pred_tp5": 74.1, "resid_tp5": 70.5, "pred_tp6": 48.5, "resid_tp6": 96.1}}, {"type": "Feature", "geometry": {"type": "Point", "coordinates": [-93.7320264, 42.0146004]}, "properties": {"plot_id": "Ames-4231-16-3", "site_id": "Ames", "year": 2022, "actual": 129.24, "pred_records": 25.6, "resid_records": 103.6, "pred_tp1": 38.3, "resid_tp1": 90.9, "pred_tp2": 110.4, "resid_tp2": 18.8, "pred_tp3": 100.5, "resid_tp3": 28.7, "pred_tp4": 110.3, "resid_tp4": 18.9, "pred_tp5": 70.8, "resid_tp5": 58.4, "pred_tp6": 50.7, "resid_tp6": 78.6}}, {"type": "Feature", "geometry": {"type": "Point", "coordinates": [-93.7320644, 42.0146001]}, "properties": {"plot_id": "Ames-4231-16-4", "site_id": "Ames", "year": 2022, "actual": 170.55, "pred_records": 25.6, "resid_records": 144.9, "pred_tp1": 45.7, "resid_tp1": 124.8, "pred_tp2": 113.9, "resid_tp2": 56.6, "pred_tp3": 103.6, "resid_tp3": 67.0, "pred_tp4": 121.3, "resid_tp4": 49.3, "pred_tp5": 79.3, "resid_tp5": 91.3, "pred_tp6": 63.8, "resid_tp6": 106.7}}, {"type": "Feature", "geometry": {"type": "Point", "coordinates": [-93.7321007, 42.0145999]}, "properties": {"plot_id": "Ames-4231-16-5", "site_id": "Ames", "year": 2022, "actual": 143.62, "pred_records": 25.6, "resid_records": 118.0, "pred_tp1": 42.5, "resid_tp1": 101.1, "pred_tp2": 114.3, "resid_tp2": 29.3, "pred_tp3": 105.8, "resid_tp3": 37.8, "pred_tp4": 107.8, "resid_tp4": 35.9, "pred_tp5": 77.2, "resid_tp5": 66.5, "pred_tp6": 50.4, "resid_tp6": 93.3}}, {"type": "Feature", "geometry": {"type": "Point", "coordinates": [-93.7319896, 42.0145466]}, "properties": {"plot_id": "Ames-4231-17-2", "site_id": "Ames", "year": 2022, "actual": 121.24, "pred_records": 25.6, "resid_records": 95.6, "pred_tp1": 30.9, "resid_tp1": 90.4, "pred_tp2": 108.6, "resid_tp2": 12.6, "pred_tp3": 98.8, "resid_tp3": 22.4, "pred_tp4": 101.2, "resid_tp4": 20.1, "pred_tp5": 63.7, "resid_tp5": 57.5, "pred_tp6": 42.6, "resid_tp6": 78.6}}, {"type": "Feature", "geometry": {"type": "Point", "coordinates": [-93.7320276, 42.0145463]}, "properties": {"plot_id": "Ames-4231-17-3", "site_id": "Ames", "year": 2022, "actual": 143.8, "pred_records": 25.6, "resid_records": 118.2, "pred_tp1": 52.8, "resid_tp1": 91.0, "pred_tp2": 115.9, "resid_tp2": 27.9, "pred_tp3": 104.6, "resid_tp3": 39.2, "pred_tp4": 106.4, "resid_tp4": 37.4, "pred_tp5": 79.1, "resid_tp5": 64.7, "pred_tp6": 58.2, "resid_tp6": 85.6}}, {"type": "Feature", "geometry": {"type": "Point", "coordinates": [-93.7320638, 42.0145461]}, "properties": {"plot_id": "Ames-4231-17-4", "site_id": "Ames", "year": 2022, "actual": 105.03, "pred_records": 25.6, "resid_records": 79.4, "pred_tp1": 46.0, "resid_tp1": 59.0, "pred_tp2": 111.7, "resid_tp2": -6.7, "pred_tp3": 108.8, "resid_tp3": -3.7, "pred_tp4": 106.2, "resid_tp4": -1.1, "pred_tp5": 67.1, "resid_tp5": 38.0, "pred_tp6": 36.5, "resid_tp6": 68.5}}, {"type": "Feature", "geometry": {"type": "Point", "coordinates": [-93.7321, 42.0145445]}, "properties": {"plot_id": "Ames-4231-17-5", "site_id": "Ames", "year": 2022, "actual": 124.13, "pred_records": 25.6, "resid_records": 98.5, "pred_tp1": 41.5, "resid_tp1": 82.7, "pred_tp2": 113.8, "resid_tp2": 10.3, "pred_tp3": 108.5, "resid_tp3": 15.7, "pred_tp4": 102.9, "resid_tp4": 21.2, "pred_tp5": 70.2, "resid_tp5": 54.0, "pred_tp6": 49.1, "resid_tp6": 75.1}}, {"type": "Feature", "geometry": {"type": "Point", "coordinates": [-93.7321363, 42.0145443]}, "properties": {"plot_id": "Ames-4231-17-6", "site_id": "Ames", "year": 2022, "actual": 130.76, "pred_records": 25.6, "resid_records": 105.2, "pred_tp1": 40.6, "resid_tp1": 90.2, "pred_tp2": 115.4, "resid_tp2": 15.3, "pred_tp3": 76.8, "resid_tp3": 54.0, "pred_tp4": 117.0, "resid_tp4": 13.7, "pred_tp5": 90.4, "resid_tp5": 40.4, "pred_tp6": 76.2, "resid_tp6": 54.6}}, {"type": "Feature", "geometry": {"type": "Point", "coordinates": [-93.7321725, 42.014544]}, "properties": {"plot_id": "Ames-4231-17-7", "site_id": "Ames", "year": 2022, "actual": 115.33, "pred_records": 25.6, "resid_records": 89.7, "pred_tp1": 44.4, "resid_tp1": 70.9, "pred_tp2": 115.8, "resid_tp2": -0.5, "pred_tp3": 95.2, "resid_tp3": 20.2, "pred_tp4": 93.6, "resid_tp4": 21.7, "pred_tp5": 71.0, "resid_tp5": 44.4, "pred_tp6": 68.1, "resid_tp6": 47.2}}, {"type": "Feature", "geometry": {"type": "Point", "coordinates": [-93.7319907, 42.0144925]}, "properties": {"plot_id": "Ames-4231-18-2", "site_id": "Ames", "year": 2022, "actual": 133.72, "pred_records": 25.6, "resid_records": 108.1, "pred_tp1": 46.3, "resid_tp1": 87.4, "pred_tp2": 106.2, "resid_tp2": 27.5, "pred_tp3": 102.1, "resid_tp3": 31.6, "pred_tp4": 96.9, "resid_tp4": 36.8, "pred_tp5": 70.2, "resid_tp5": 63.5, "pred_tp6": 51.9, "resid_tp6": 81.8}}, {"type": "Feature", "geometry": {"type": "Point", "coordinates": [-93.732027, 42.0144923]}, "properties": {"plot_id": "Ames-4231-18-3", "site_id": "Ames", "year": 2022, "actual": 119.22, "pred_records": 25.6, "resid_records": 93.6, "pred_tp1": 50.1, "resid_tp1": 69.2, "pred_tp2": 91.6, "resid_tp2": 27.6, "pred_tp3": 75.5, "resid_tp3": 43.8, "pred_tp4": 63.3, "resid_tp4": 55.9, "pred_tp5": 68.3, "resid_tp5": 50.9, "pred_tp6": 57.8, "resid_tp6": 61.4}}, {"type": "Feature", "geometry": {"type": "Point", "coordinates": [-93.7320632, 42.0144907]}, "properties": {"plot_id": "Ames-4231-18-4", "site_id": "Ames", "year": 2022, "actual": 159.78, "pred_records": 25.6, "resid_records": 134.2, "pred_tp1": 37.2, "resid_tp1": 122.5, "pred_tp2": 97.3, "resid_tp2": 62.5, "pred_tp3": 80.4, "resid_tp3": 79.4, "pred_tp4": 69.3, "resid_tp4": 90.5, "pred_tp5": 63.6, "resid_tp5": 96.2, "pred_tp6": 51.3, "resid_tp6": 108.5}}, {"type": "Feature", "geometry": {"type": "Point", "coordinates": [-93.7320994, 42.0144905]}, "properties": {"plot_id": "Ames-4231-18-5", "site_id": "Ames", "year": 2022, "actual": 125.79, "pred_records": 25.6, "resid_records": 100.2, "pred_tp1": 41.0, "resid_tp1": 84.8, "pred_tp2": 111.1, "resid_tp2": 14.7, "pred_tp3": 99.8, "resid_tp3": 25.9, "pred_tp4": 106.5, "resid_tp4": 19.3, "pred_tp5": 87.0, "resid_tp5": 38.8, "pred_tp6": 67.7, "resid_tp6": 58.1}}, {"type": "Feature", "geometry": {"type": "Point", "coordinates": [-93.7321356, 42.0144889]}, "properties": {"plot_id": "Ames-4231-18-6", "site_id": "Ames", "year": 2022, "actual": 139.12, "pred_records": 25.6, "resid_records": 113.5, "pred_tp1": 45.7, "resid_tp1": 93.5, "pred_tp2": 116.2, "resid_tp2": 22.9, "pred_tp3": 97.2, "resid_tp3": 41.9, "pred_tp4": 101.8, "resid_tp4": 37.3, "pred_tp5": 73.2, "resid_tp5": 65.9, "pred_tp6": 57.8, "resid_tp6": 81.3}}, {"type": "Feature", "geometry": {"type": "Point", "coordinates": [-93.7321737, 42.0144886]}, "properties": {"plot_id": "Ames-4231-18-7", "site_id": "Ames", "year": 2022, "actual": 99.93, "pred_records": 25.0, "resid_records": 75.0, "pred_tp1": 32.7, "resid_tp1": 67.2, "pred_tp2": 110.0, "resid_tp2": -10.0, "pred_tp3": 96.4, "resid_tp3": 3.6, "pred_tp4": 85.5, "resid_tp4": 14.4, "pred_tp5": 78.2, "resid_tp5": 21.8, "pred_tp6": 69.1, "resid_tp6": 30.9}}, {"type": "Feature", "geometry": {"type": "Point", "coordinates": [-93.7319901, 42.0144371]}, "properties": {"plot_id": "Ames-4231-19-2", "site_id": "Ames", "year": 2022, "actual": 89.87, "pred_records": 25.6, "resid_records": 64.3, "pred_tp1": 57.6, "resid_tp1": 32.3, "pred_tp2": 118.7, "resid_tp2": -28.8, "pred_tp3": 97.8, "resid_tp3": -7.9, "pred_tp4": 89.7, "resid_tp4": 0.2, "pred_tp5": 69.1, "resid_tp5": 20.8, "pred_tp6": 64.0, "resid_tp6": 25.9}}, {"type": "Feature", "geometry": {"type": "Point", "coordinates": [-93.7320263, 42.0144369]}, "properties": {"plot_id": "Ames-4231-19-3", "site_id": "Ames", "year": 2022, "actual": 123.8, "pred_records": 25.6, "resid_records": 98.2, "pred_tp1": 45.8, "resid_tp1": 78.0, "pred_tp2": 111.2, "resid_tp2": 12.6, "pred_tp3": 66.4, "resid_tp3": 57.4, "pred_tp4": 81.4, "resid_tp4": 42.4, "pred_tp5": 55.8, "resid_tp5": 68.0, "pred_tp6": 52.2, "resid_tp6": 71.6}}, {"type": "Feature", "geometry": {"type": "Point", "coordinates": [-93.7320626, 42.0144367]}, "properties": {"plot_id": "Ames-4231-19-4", "site_id": "Ames", "year": 2022, "actual": 111.85, "pred_records": 25.6, "resid_records": 86.2, "pred_tp1": 40.7, "resid_tp1": 71.1, "pred_tp2": 110.2, "resid_tp2": 1.6, "pred_tp3": 75.7, "resid_tp3": 36.1, "pred_tp4": 108.1, "resid_tp4": 3.8, "pred_tp5": 69.7, "resid_tp5": 42.1, "pred_tp6": 47.5, "resid_tp6": 64.3}}, {"type": "Feature", "geometry": {"type": "Point", "coordinates": [-93.7321006, 42.0144351]}, "properties": {"plot_id": "Ames-4231-19-5", "site_id": "Ames", "year": 2022, "actual": 91.66, "pred_records": 25.6, "resid_records": 66.1, "pred_tp1": 61.3, "resid_tp1": 30.3, "pred_tp2": 119.7, "resid_tp2": -28.1, "pred_tp3": 98.5, "resid_tp3": -6.8, "pred_tp4": 138.6, "resid_tp4": -46.9, "pred_tp5": 100.9, "resid_tp5": -9.3, "pred_tp6": 86.6, "resid_tp6": 5.1}}, {"type": "Feature", "geometry": {"type": "Point", "coordinates": [-93.7321368, 42.0144348]}, "properties": {"plot_id": "Ames-4231-19-6", "site_id": "Ames", "year": 2022, "actual": 165.92, "pred_records": 25.6, "resid_records": 140.3, "pred_tp1": 51.9, "resid_tp1": 114.0, "pred_tp2": 120.2, "resid_tp2": 45.7, "pred_tp3": 109.8, "resid_tp3": 56.1, "pred_tp4": 118.9, "resid_tp4": 47.0, "pred_tp5": 81.7, "resid_tp5": 84.2, "pred_tp6": 69.1, "resid_tp6": 96.8}}, {"type": "Feature", "geometry": {"type": "Point", "coordinates": [-93.7321731, 42.0144346]}, "properties": {"plot_id": "Ames-4231-19-7", "site_id": "Ames", "year": 2022, "actual": 139.37, "pred_records": 25.6, "resid_records": 113.8, "pred_tp1": 53.4, "resid_tp1": 85.9, "pred_tp2": 115.9, "resid_tp2": 23.5, "pred_tp3": 120.9, "resid_tp3": 18.4, "pred_tp4": 124.7, "resid_tp4": 14.7, "pred_tp5": 94.3, "resid_tp5": 45.1, "pred_tp6": 73.6, "resid_tp6": 65.8}}, {"type": "Feature", "geometry": {"type": "Point", "coordinates": [-93.7319899, 42.0153666]}, "properties": {"plot_id": "Ames-4231-2-2", "site_id": "Ames", "year": 2022, "actual": 147.92, "pred_records": 25.6, "resid_records": 122.3, "pred_tp1": 45.1, "resid_tp1": 102.8, "pred_tp2": 119.9, "resid_tp2": 28.0, "pred_tp3": 100.1, "resid_tp3": 47.8, "pred_tp4": 97.0, "resid_tp4": 50.9, "pred_tp5": 75.6, "resid_tp5": 72.3, "pred_tp6": 69.6, "resid_tp6": 78.3}}, {"type": "Feature", "geometry": {"type": "Point", "coordinates": [-93.7320261, 42.015365]}, "properties": {"plot_id": "Ames-4231-2-3", "site_id": "Ames", "year": 2022, "actual": 122.52, "pred_records": 25.6, "resid_records": 96.9, "pred_tp1": 39.1, "resid_tp1": 83.4, "pred_tp2": 109.4, "resid_tp2": 13.1, "pred_tp3": 102.1, "resid_tp3": 20.5, "pred_tp4": 91.0, "resid_tp4": 31.5, "pred_tp5": 64.2, "resid_tp5": 58.3, "pred_tp6": 54.8, "resid_tp6": 67.7}}, {"type": "Feature", "geometry": {"type": "Point", "coordinates": [-93.7320623, 42.0153648]}, "properties": {"plot_id": "Ames-4231-2-4", "site_id": "Ames", "year": 2022, "actual": 105.31, "pred_records": 25.6, "resid_records": 79.7, "pred_tp1": 48.4, "resid_tp1": 56.9, "pred_tp2": 113.8, "resid_tp2": -8.5, "pred_tp3": 99.4, "resid_tp3": 5.9, "pred_tp4": 104.1, "resid_tp4": 1.2, "pred_tp5": 72.7, "resid_tp5": 32.6, "pred_tp6": 44.7, "resid_tp6": 60.6}}, {"type": "Feature", "geometry": {"type": "Point", "coordinates": [-93.7321004, 42.0153645]}, "properties": {"plot_id": "Ames-4231-2-5", "site_id": "Ames", "year": 2022, "actual": 111.89, "pred_records": 25.6, "resid_records": 86.3, "pred_tp1": 39.3, "resid_tp1": 72.6, "pred_tp2": 109.4, "resid_tp2": 2.4, "pred_tp3": 91.1, "resid_tp3": 20.8, "pred_tp4": 97.9, "resid_tp4": 14.0, "pred_tp5": 67.8, "resid_tp5": 44.1, "pred_tp6": 49.6, "resid_tp6": 62.2}}, {"type": "Feature", "geometry": {"type": "Point", "coordinates": [-93.7321366, 42.0153643]}, "properties": {"plot_id": "Ames-4231-2-6", "site_id": "Ames", "year": 2022, "actual": 117.66, "pred_records": 25.6, "resid_records": 92.1, "pred_tp1": 47.7, "resid_tp1": 69.9, "pred_tp2": 123.4, "resid_tp2": -5.7, "pred_tp3": 85.2, "resid_tp3": 32.5, "pred_tp4": 91.6, "resid_tp4": 26.0, "pred_tp5": 70.9, "resid_tp5": 46.7, "pred_tp6": 58.1, "resid_tp6": 59.6}}, {"type": "Feature", "geometry": {"type": "Point", "coordinates": [-93.7321746, 42.0153627]}, "properties": {"plot_id": "Ames-4231-2-7", "site_id": "Ames", "year": 2022, "actual": 67.75, "pred_records": 25.6, "resid_records": 42.1, "pred_tp1": 32.9, "resid_tp1": 34.9, "pred_tp2": 98.5, "resid_tp2": -30.8, "pred_tp3": 62.9, "resid_tp3": 4.8, "pred_tp4": 64.1, "resid_tp4": 3.6, "pred_tp5": 51.9, "resid_tp5": 15.9, "pred_tp6": 58.5, "resid_tp6": 9.3}}, {"type": "Feature", "geometry": {"type": "Point", "coordinates": [-93.7319895, 42.0143831]}, "properties": {"plot_id": "Ames-4231-20-2", "site_id": "Ames", "year": 2022, "actual": 183.75, "pred_records": 44.1, "resid_records": 139.7, "pred_tp1": 42.0, "resid_tp1": 141.8, "pred_tp2": 116.4, "resid_tp2": 67.3, "pred_tp3": 107.6, "resid_tp3": 76.1, "pred_tp4": 108.1, "resid_tp4": 75.7, "pred_tp5": 70.4, "resid_tp5": 113.4, "pred_tp6": 41.8, "resid_tp6": 141.9}}, {"type": "Feature", "geometry": {"type": "Point", "coordinates": [-93.7320257, 42.0143815]}, "properties": {"plot_id": "Ames-4231-20-3", "site_id": "Ames", "year": 2022, "actual": 112.56, "pred_records": 25.6, "resid_records": 87.0, "pred_tp1": 33.6, "resid_tp1": 79.0, "pred_tp2": 111.9, "resid_tp2": 0.7, "pred_tp3": 106.3, "resid_tp3": 6.3, "pred_tp4": 112.4, "resid_tp4": 0.1, "pred_tp5": 82.6, "resid_tp5": 30.0, "pred_tp6": 54.8, "resid_tp6": 57.8}}, {"type": "Feature", "geometry": {"type": "Point", "coordinates": [-93.7320637, 42.0143813]}, "properties": {"plot_id": "Ames-4231-20-4", "site_id": "Ames", "year": 2022, "actual": 112.79, "pred_records": 25.6, "resid_records": 87.2, "pred_tp1": 44.0, "resid_tp1": 68.8, "pred_tp2": 124.0, "resid_tp2": -11.2, "pred_tp3": 106.6, "resid_tp3": 6.2, "pred_tp4": 106.7, "resid_tp4": 6.1, "pred_tp5": 66.4, "resid_tp5": 46.4, "pred_tp6": 36.8, "resid_tp6": 76.0}}, {"type": "Feature", "geometry": {"type": "Point", "coordinates": [-93.7321, 42.014381]}, "properties": {"plot_id": "Ames-4231-20-5", "site_id": "Ames", "year": 2022, "actual": 124.98, "pred_records": 25.6, "resid_records": 99.4, "pred_tp1": 46.5, "resid_tp1": 78.5, "pred_tp2": 123.9, "resid_tp2": 1.1, "pred_tp3": 79.3, "resid_tp3": 45.6, "pred_tp4": 111.6, "resid_tp4": 13.4, "pred_tp5": 76.8, "resid_tp5": 48.2, "pred_tp6": 72.4, "resid_tp6": 52.6}}, {"type": "Feature", "geometry": {"type": "Point", "coordinates": [-93.732138, 42.0143808]}, "properties": {"plot_id": "Ames-4231-20-6", "site_id": "Ames", "year": 2022, "actual": 139.76, "pred_records": 25.6, "resid_records": 114.2, "pred_tp1": 50.3, "resid_tp1": 89.5, "pred_tp2": 125.6, "resid_tp2": 14.2, "pred_tp3": 110.8, "resid_tp3": 29.0, "pred_tp4": 109.4, "resid_tp4": 30.4, "pred_tp5": 81.7, "resid_tp5": 58.1, "pred_tp6": 56.6, "resid_tp6": 83.2}}, {"type": "Feature", "geometry": {"type": "Point", "coordinates": [-93.7321742, 42.0143806]}, "properties": {"plot_id": "Ames-4231-20-7", "site_id": "Ames", "year": 2022, "actual": 115.26, "pred_records": 25.6, "resid_records": 89.7, "pred_tp1": 40.6, "resid_tp1": 74.7, "pred_tp2": 117.5, "resid_tp2": -2.3, "pred_tp3": 111.4, "resid_tp3": 3.9, "pred_tp4": 111.4, "resid_tp4": 3.9, "pred_tp5": 74.9, "resid_tp5": 40.4, "pred_tp6": 56.5, "resid_tp6": 58.7}}, {"type": "Feature", "geometry": {"type": "Point", "coordinates": [-93.7319889, 42.0143277]}, "properties": {"plot_id": "Ames-4231-21-2", "site_id": "Ames", "year": 2022, "actual": 63.36, "pred_records": 25.6, "resid_records": 37.8, "pred_tp1": 24.4, "resid_tp1": 38.9, "pred_tp2": 113.0, "resid_tp2": -49.6, "pred_tp3": 83.6, "resid_tp3": -20.3, "pred_tp4": 77.4, "resid_tp4": -14.0, "pred_tp5": 51.7, "resid_tp5": 11.6, "pred_tp6": 33.9, "resid_tp6": 29.4}}, {"type": "Feature", "geometry": {"type": "Point", "coordinates": [-93.7320269, 42.0143275]}, "properties": {"plot_id": "Ames-4231-21-3", "site_id": "Ames", "year": 2022, "actual": 137.73, "pred_records": 37.4, "resid_records": 100.4, "pred_tp1": 47.6, "resid_tp1": 90.1, "pred_tp2": 117.5, "resid_tp2": 20.2, "pred_tp3": 107.4, "resid_tp3": 30.4, "pred_tp4": 104.0, "resid_tp4": 33.7, "pred_tp5": 64.4, "resid_tp5": 73.3, "pred_tp6": 47.8, "resid_tp6": 90.0}}, {"type": "Feature", "geometry": {"type": "Point", "coordinates": [-93.7320631, 42.0143272]}, "properties": {"plot_id": "Ames-4231-21-4", "site_id": "Ames", "year": 2022, "actual": 95.28, "pred_records": 25.6, "resid_records": 69.7, "pred_tp1": 42.0, "resid_tp1": 53.3, "pred_tp2": 123.9, "resid_tp2": -28.6, "pred_tp3": 106.3, "resid_tp3": -11.0, "pred_tp4": 112.8, "resid_tp4": -17.5, "pred_tp5": 69.4, "resid_tp5": 25.9, "pred_tp6": 45.9, "resid_tp6": 49.3}}, {"type": "Feature", "geometry": {"type": "Point", "coordinates": [-93.7321012, 42.014327]}, "properties": {"plot_id": "Ames-4231-21-5", "site_id": "Ames", "year": 2022, "actual": 105.18, "pred_records": 25.6, "resid_records": 79.6, "pred_tp1": 38.3, "resid_tp1": 66.9, "pred_tp2": 115.7, "resid_tp2": -10.6, "pred_tp3": 113.0, "resid_tp3": -7.8, "pred_tp4": 106.9, "resid_tp4": -1.7, "pred_tp5": 64.9, "resid_tp5": 40.3, "pred_tp6": 38.5, "resid_tp6": 66.6}}, {"type": "Feature", "geometry": {"type": "Point", "coordinates": [-93.7321374, 42.0143254]}, "properties": {"plot_id": "Ames-4231-21-6", "site_id": "Ames", "year": 2022, "actual": 125.39, "pred_records": 25.6, "resid_records": 99.8, "pred_tp1": 43.0, "resid_tp1": 82.4, "pred_tp2": 121.4, "resid_tp2": 4.0, "pred_tp3": 111.9, "resid_tp3": 13.4, "pred_tp4": 106.1, "resid_tp4": 19.3, "pred_tp5": 68.1, "resid_tp5": 57.3, "pred_tp6": 37.7, "resid_tp6": 87.7}}, {"type": "Feature", "geometry": {"type": "Point", "coordinates": [-93.7321736, 42.0143252]}, "properties": {"plot_id": "Ames-4231-21-7", "site_id": "Ames", "year": 2022, "actual": 173.47, "pred_records": 25.6, "resid_records": 147.9, "pred_tp1": 42.6, "resid_tp1": 130.9, "pred_tp2": 120.7, "resid_tp2": 52.7, "pred_tp3": 123.1, "resid_tp3": 50.4, "pred_tp4": 113.3, "resid_tp4": 60.2, "pred_tp5": 71.2, "resid_tp5": 102.3, "pred_tp6": 53.0, "resid_tp6": 120.4}}, {"type": "Feature", "geometry": {"type": "Point", "coordinates": [-93.73199, 42.0142736]}, "properties": {"plot_id": "Ames-4231-22-2", "site_id": "Ames", "year": 2022, "actual": 99.32, "pred_records": 25.6, "resid_records": 73.7, "pred_tp1": 48.8, "resid_tp1": 50.5, "pred_tp2": 112.5, "resid_tp2": -13.2, "pred_tp3": 104.2, "resid_tp3": -4.9, "pred_tp4": 102.1, "resid_tp4": -2.8, "pred_tp5": 66.6, "resid_tp5": 32.7, "pred_tp6": 48.3, "resid_tp6": 51.0}}, {"type": "Feature", "geometry": {"type": "Point", "coordinates": [-93.7320263, 42.0142734]}, "properties": {"plot_id": "Ames-4231-22-3", "site_id": "Ames", "year": 2022, "actual": 141.99, "pred_records": 25.6, "resid_records": 116.4, "pred_tp1": 48.3, "resid_tp1": 93.7, "pred_tp2": 114.4, "resid_tp2": 27.6, "pred_tp3": 105.3, "resid_tp3": 36.7, "pred_tp4": 102.5, "resid_tp4": 39.5, "pred_tp5": 70.3, "resid_tp5": 71.7, "pred_tp6": 49.8, "resid_tp6": 92.1}}, {"type": "Feature", "geometry": {"type": "Point", "coordinates": [-93.7320643, 42.0142732]}, "properties": {"plot_id": "Ames-4231-22-4", "site_id": "Ames", "year": 2022, "actual": 75.38, "pred_records": 25.6, "resid_records": 49.8, "pred_tp1": 36.5, "resid_tp1": 38.8, "pred_tp2": 111.8, "resid_tp2": -36.4, "pred_tp3": 95.7, "resid_tp3": -20.3, "pred_tp4": 107.5, "resid_tp4": -32.2, "pred_tp5": 61.3, "resid_tp5": 14.1, "pred_tp6": 38.3, "resid_tp6": 37.1}}, {"type": "Feature", "geometry": {"type": "Point", "coordinates": [-93.7321005, 42.0142716]}, "properties": {"plot_id": "Ames-4231-22-5", "site_id": "Ames", "year": 2022, "actual": 123.54, "pred_records": 25.6, "resid_records": 97.9, "pred_tp1": 50.0, "resid_tp1": 73.5, "pred_tp2": 114.3, "resid_tp2": 9.2, "pred_tp3": 113.1, "resid_tp3": 10.5, "pred_tp4": 121.3, "resid_tp4": 2.3, "pred_tp5": 87.2, "resid_tp5": 36.3, "pred_tp6": 63.6, "resid_tp6": 60.0}}, {"type": "Feature", "geometry": {"type": "Point", "coordinates": [-93.7320275, 42.014218]}, "properties": {"plot_id": "Ames-4231-23-3", "site_id": "Ames", "year": 2022, "actual": 142.83, "pred_records": 25.6, "resid_records": 117.2, "pred_tp1": 47.7, "resid_tp1": 95.2, "pred_tp2": 113.0, "resid_tp2": 29.8, "pred_tp3": 116.7, "resid_tp3": 26.2, "pred_tp4": 122.4, "resid_tp4": 20.5, "pred_tp5": 90.0, "resid_tp5": 52.9, "pred_tp6": 68.0, "resid_tp6": 74.8}}, {"type": "Feature", "geometry": {"type": "Point", "coordinates": [-93.7320637, 42.0142178]}, "properties": {"plot_id": "Ames-4231-23-4", "site_id": "Ames", "year": 2022, "actual": 177.1, "pred_records": 67.5, "resid_records": 109.6, "pred_tp1": 75.6, "resid_tp1": 101.5, "pred_tp2": 134.3, "resid_tp2": 42.8, "pred_tp3": 120.1, "resid_tp3": 57.0, "pred_tp4": 118.0, "resid_tp4": 59.1, "pred_tp5": 79.1, "resid_tp5": 98.0, "pred_tp6": 56.4, "resid_tp6": 120.7}}, {"type": "Feature", "geometry": {"type": "Point", "coordinates": [-93.7320999, 42.0142176]}, "properties": {"plot_id": "Ames-4231-23-5", "site_id": "Ames", "year": 2022, "actual": 134.57, "pred_records": 25.6, "resid_records": 109.0, "pred_tp1": 52.6, "resid_tp1": 82.0, "pred_tp2": 115.0, "resid_tp2": 19.5, "pred_tp3": 113.0, "resid_tp3": 21.5, "pred_tp4": 129.0, "resid_tp4": 5.5, "pred_tp5": 78.9, "resid_tp5": 55.7, "pred_tp6": 53.0, "resid_tp6": 81.6}}, {"type": "Feature", "geometry": {"type": "Point", "coordinates": [-93.7321361, 42.014216]}, "properties": {"plot_id": "Ames-4231-23-6", "site_id": "Ames", "year": 2022, "actual": 185.41, "pred_records": 25.6, "resid_records": 159.8, "pred_tp1": 47.1, "resid_tp1": 138.3, "pred_tp2": 111.7, "resid_tp2": 73.7, "pred_tp3": 110.6, "resid_tp3": 74.9, "pred_tp4": 120.8, "resid_tp4": 64.6, "pred_tp5": 73.4, "resid_tp5": 112.0, "pred_tp6": 45.2, "resid_tp6": 140.2}}, {"type": "Feature", "geometry": {"type": "Point", "coordinates": [-93.7321724, 42.0142157]}, "properties": {"plot_id": "Ames-4231-23-7", "site_id": "Ames", "year": 2022, "actual": 154.05, "pred_records": 25.6, "resid_records": 128.4, "pred_tp1": 45.6, "resid_tp1": 108.5, "pred_tp2": 116.5, "resid_tp2": 37.6, "pred_tp3": 98.8, "resid_tp3": 55.3, "pred_tp4": 120.1, "resid_tp4": 33.9, "pred_tp5": 77.8, "resid_tp5": 76.3, "pred_tp6": 68.3, "resid_tp6": 85.7}}, {"type": "Feature", "geometry": {"type": "Point", "coordinates": [-93.7319906, 42.0141642]}, "properties": {"plot_id": "Ames-4231-24-2", "site_id": "Ames", "year": 2022, "actual": 130.08, "pred_records": 25.6, "resid_records": 104.5, "pred_tp1": 51.1, "resid_tp1": 79.0, "pred_tp2": 113.0, "resid_tp2": 17.1, "pred_tp3": 106.8, "resid_tp3": 23.3, "pred_tp4": 96.3, "resid_tp4": 33.8, "pred_tp5": 66.8, "resid_tp5": 63.3, "pred_tp6": 49.9, "resid_tp6": 80.2}}, {"type": "Feature", "geometry": {"type": "Point", "coordinates": [-93.7320268, 42.014164]}, "properties": {"plot_id": "Ames-4231-24-3", "site_id": "Ames", "year": 2022, "actual": 130.65, "pred_records": 25.6, "resid_records": 105.0, "pred_tp1": 50.1, "resid_tp1": 80.5, "pred_tp2": 121.9, "resid_tp2": 8.8, "pred_tp3": 110.0, "resid_tp3": 20.7, "pred_tp4": 111.7, "resid_tp4": 18.9, "pred_tp5": 69.6, "resid_tp5": 61.1, "pred_tp6": 52.0, "resid_tp6": 78.7}}, {"type": "Feature", "geometry": {"type": "Point", "coordinates": [-93.732063, 42.0141624]}, "properties": {"plot_id": "Ames-4231-24-4", "site_id": "Ames", "year": 2022, "actual": 133.73, "pred_records": 25.6, "resid_records": 108.1, "pred_tp1": 47.0, "resid_tp1": 86.7, "pred_tp2": 112.1, "resid_tp2": 21.6, "pred_tp3": 104.7, "resid_tp3": 29.0, "pred_tp4": 106.6, "resid_tp4": 27.1, "pred_tp5": 72.9, "resid_tp5": 60.8, "pred_tp6": 54.4, "resid_tp6": 79.3}}, {"type": "Feature", "geometry": {"type": "Point", "coordinates": [-93.7320993, 42.0141622]}, "properties": {"plot_id": "Ames-4231-24-5", "site_id": "Ames", "year": 2022, "actual": 164.28, "pred_records": 25.6, "resid_records": 138.7, "pred_tp1": 61.7, "resid_tp1": 102.6, "pred_tp2": 121.8, "resid_tp2": 42.5, "pred_tp3": 110.6, "resid_tp3": 53.7, "pred_tp4": 111.3, "resid_tp4": 53.0, "pred_tp5": 77.1, "resid_tp5": 87.2, "pred_tp6": 49.0, "resid_tp6": 115.3}}, {"type": "Feature", "geometry": {"type": "Point", "coordinates": [-93.7321355, 42.0141619]}, "properties": {"plot_id": "Ames-4231-24-6", "site_id": "Ames", "year": 2022, "actual": 145.85, "pred_records": 25.6, "resid_records": 120.2, "pred_tp1": 43.9, "resid_tp1": 101.9, "pred_tp2": 111.0, "resid_tp2": 34.9, "pred_tp3": 102.7, "resid_tp3": 43.2, "pred_tp4": 118.2, "resid_tp4": 27.6, "pred_tp5": 84.1, "resid_tp5": 61.7, "pred_tp6": 70.6, "resid_tp6": 75.3}}, {"type": "Feature", "geometry": {"type": "Point", "coordinates": [-93.7321735, 42.0141617]}, "properties": {"plot_id": "Ames-4231-24-7", "site_id": "Ames", "year": 2022, "actual": 72.93, "pred_records": 25.6, "resid_records": 47.3, "pred_tp1": 28.7, "resid_tp1": 44.2, "pred_tp2": 115.3, "resid_tp2": -42.4, "pred_tp3": 95.2, "resid_tp3": -22.2, "pred_tp4": 113.0, "resid_tp4": -40.1, "pred_tp5": 64.2, "resid_tp5": 8.7, "pred_tp6": 45.2, "resid_tp6": 27.7}}, {"type": "Feature", "geometry": {"type": "Point", "coordinates": [-93.73199, 42.0141102]}, "properties": {"plot_id": "Ames-4231-25-2", "site_id": "Ames", "year": 2022, "actual": 150.24, "pred_records": 35.0, "resid_records": 115.2, "pred_tp1": 47.1, "resid_tp1": 103.1, "pred_tp2": 115.7, "resid_tp2": 34.5, "pred_tp3": 98.5, "resid_tp3": 51.7, "pred_tp4": 96.0, "resid_tp4": 54.3, "pred_tp5": 69.8, "resid_tp5": 80.4, "pred_tp6": 55.8, "resid_tp6": 94.4}}, {"type": "Feature", "geometry": {"type": "Point", "coordinates": [-93.7320262, 42.0141086]}, "properties": {"plot_id": "Ames-4231-25-3", "site_id": "Ames", "year": 2022, "actual": 160.54, "pred_records": 25.6, "resid_records": 134.9, "pred_tp1": 46.1, "resid_tp1": 114.4, "pred_tp2": 113.0, "resid_tp2": 47.6, "pred_tp3": 101.4, "resid_tp3": 59.2, "pred_tp4": 105.4, "resid_tp4": 55.1, "pred_tp5": 68.7, "resid_tp5": 91.9, "pred_tp6": 44.6, "resid_tp6": 115.9}}, {"type": "Feature", "geometry": {"type": "Point", "coordinates": [-93.7320624, 42.0141084]}, "properties": {"plot_id": "Ames-4231-25-4", "site_id": "Ames", "year": 2022, "actual": 115.21, "pred_records": 25.6, "resid_records": 89.6, "pred_tp1": 56.3, "resid_tp1": 58.9, "pred_tp2": 115.3, "resid_tp2": -0.1, "pred_tp3": 98.7, "resid_tp3": 16.5, "pred_tp4": 105.0, "resid_tp4": 10.2, "pred_tp5": 70.9, "resid_tp5": 44.4, "pred_tp6": 63.3, "resid_tp6": 51.9}}, {"type": "Feature", "geometry": {"type": "Point", "coordinates": [-93.7321005, 42.0141081]}, "properties": {"plot_id": "Ames-4231-25-5", "site_id": "Ames", "year": 2022, "actual": 125.3, "pred_records": 25.6, "resid_records": 99.7, "pred_tp1": 29.7, "resid_tp1": 95.6, "pred_tp2": 112.3, "resid_tp2": 13.0, "pred_tp3": 99.8, "resid_tp3": 25.5, "pred_tp4": 99.9, "resid_tp4": 25.4, "pred_tp5": 55.5, "resid_tp5": 69.8, "pred_tp6": 32.8, "resid_tp6": 92.5}}, {"type": "Feature", "geometry": {"type": "Point", "coordinates": [-93.7321367, 42.0141079]}, "properties": {"plot_id": "Ames-4231-25-6", "site_id": "Ames", "year": 2022, "actual": 154.07, "pred_records": 25.6, "resid_records": 128.5, "pred_tp1": 45.3, "resid_tp1": 108.7, "pred_tp2": 109.5, "resid_tp2": 44.6, "pred_tp3": 106.9, "resid_tp3": 47.2, "pred_tp4": 111.1, "resid_tp4": 43.0, "pred_tp5": 75.8, "resid_tp5": 78.3, "pred_tp6": 57.7, "resid_tp6": 96.4}}, {"type": "Feature", "geometry": {"type": "Point", "coordinates": [-93.7321729, 42.0141063]}, "properties": {"plot_id": "Ames-4231-25-7", "site_id": "Ames", "year": 2022, "actual": 140.06, "pred_records": 25.6, "resid_records": 114.5, "pred_tp1": 54.4, "resid_tp1": 85.7, "pred_tp2": 118.4, "resid_tp2": 21.7, "pred_tp3": 117.9, "resid_tp3": 22.1, "pred_tp4": 110.5, "resid_tp4": 29.5, "pred_tp5": 81.2, "resid_tp5": 58.8, "pred_tp6": 64.9, "resid_tp6": 75.2}}, {"type": "Feature", "geometry": {"type": "Point", "coordinates": [-93.7319894, 42.0140548]}, "properties": {"plot_id": "Ames-4231-26-2", "site_id": "Ames", "year": 2022, "actual": 119.34, "pred_records": 25.6, "resid_records": 93.7, "pred_tp1": 43.3, "resid_tp1": 76.0, "pred_tp2": 104.9, "resid_tp2": 14.4, "pred_tp3": 105.4, "resid_tp3": 13.9, "pred_tp4": 105.8, "resid_tp4": 13.5, "pred_tp5": 69.4, "resid_tp5": 49.9, "pred_tp6": 49.5, "resid_tp6": 69.8}}, {"type": "Feature", "geometry": {"type": "Point", "coordinates": [-93.7320256, 42.0140546]}, "properties": {"plot_id": "Ames-4231-26-3", "site_id": "Ames", "year": 2022, "actual": 171.24, "pred_records": 25.6, "resid_records": 145.6, "pred_tp1": 65.2, "resid_tp1": 106.0, "pred_tp2": 127.1, "resid_tp2": 44.1, "pred_tp3": 105.0, "resid_tp3": 66.3, "pred_tp4": 120.3, "resid_tp4": 51.0, "pred_tp5": 80.2, "resid_tp5": 91.0, "pred_tp6": 52.2, "resid_tp6": 119.0}}, {"type": "Feature", "geometry": {"type": "Point", "coordinates": [-93.7320636, 42.0140543]}, "properties": {"plot_id": "Ames-4231-26-4", "site_id": "Ames", "year": 2022, "actual": 91.96, "pred_records": 25.0, "resid_records": 67.0, "pred_tp1": 45.6, "resid_tp1": 46.3, "pred_tp2": 108.9, "resid_tp2": -17.0, "pred_tp3": 97.4, "resid_tp3": -5.4, "pred_tp4": 118.6, "resid_tp4": -26.6, "pred_tp5": 83.3, "resid_tp5": 8.7, "pred_tp6": 70.0, "resid_tp6": 22.0}}, {"type": "Feature", "geometry": {"type": "Point", "coordinates": [-93.7320999, 42.0140541]}, "properties": {"plot_id": "Ames-4231-26-5", "site_id": "Ames", "year": 2022, "actual": 135.5, "pred_records": 25.6, "resid_records": 109.9, "pred_tp1": 62.2, "resid_tp1": 73.3, "pred_tp2": 121.7, "resid_tp2": 13.8, "pred_tp3": 124.2, "resid_tp3": 11.3, "pred_tp4": 115.5, "resid_tp4": 20.0, "pred_tp5": 81.1, "resid_tp5": 54.4, "pred_tp6": 52.5, "resid_tp6": 83.0}}, {"type": "Feature", "geometry": {"type": "Point", "coordinates": [-93.7321379, 42.0140525]}, "properties": {"plot_id": "Ames-4231-26-6", "site_id": "Ames", "year": 2022, "actual": 150.01, "pred_records": 25.6, "resid_records": 124.4, "pred_tp1": 53.2, "resid_tp1": 96.8, "pred_tp2": 119.2, "resid_tp2": 30.8, "pred_tp3": 119.7, "resid_tp3": 30.3, "pred_tp4": 113.0, "resid_tp4": 37.0, "pred_tp5": 76.3, "resid_tp5": 73.7, "pred_tp6": 63.2, "resid_tp6": 86.8}}, {"type": "Feature", "geometry": {"type": "Point", "coordinates": [-93.7321741, 42.0140523]}, "properties": {"plot_id": "Ames-4231-26-7", "site_id": "Ames", "year": 2022, "actual": 140.49, "pred_records": 25.6, "resid_records": 114.9, "pred_tp1": 48.7, "resid_tp1": 91.7, "pred_tp2": 119.1, "resid_tp2": 21.4, "pred_tp3": 113.9, "resid_tp3": 26.6, "pred_tp4": 112.8, "resid_tp4": 27.7, "pred_tp5": 88.0, "resid_tp5": 52.5, "pred_tp6": 74.9, "resid_tp6": 65.5}}, {"type": "Feature", "geometry": {"type": "Point", "coordinates": [-93.7319905, 42.0140007]}, "properties": {"plot_id": "Ames-4231-27-2", "site_id": "Ames", "year": 2022, "actual": 116.89, "pred_records": 25.6, "resid_records": 91.3, "pred_tp1": 39.5, "resid_tp1": 77.4, "pred_tp2": 114.4, "resid_tp2": 2.5, "pred_tp3": 104.0, "resid_tp3": 12.9, "pred_tp4": 96.6, "resid_tp4": 20.3, "pred_tp5": 63.0, "resid_tp5": 53.9, "pred_tp6": 40.4, "resid_tp6": 76.5}}, {"type": "Feature", "geometry": {"type": "Point", "coordinates": [-93.7320268, 42.0140005]}, "properties": {"plot_id": "Ames-4231-27-3", "site_id": "Ames", "year": 2022, "actual": 130.32, "pred_records": 25.6, "resid_records": 104.7, "pred_tp1": 32.8, "resid_tp1": 97.5, "pred_tp2": 109.6, "resid_tp2": 20.7, "pred_tp3": 102.3, "resid_tp3": 28.0, "pred_tp4": 104.1, "resid_tp4": 26.2, "pred_tp5": 64.9, "resid_tp5": 65.4, "pred_tp6": 42.0, "resid_tp6": 88.3}}, {"type": "Feature", "geometry": {"type": "Point", "coordinates": [-93.732063, 42.0139989]}, "properties": {"plot_id": "Ames-4231-27-4", "site_id": "Ames", "year": 2022, "actual": 128.39, "pred_records": 25.6, "resid_records": 102.8, "pred_tp1": 42.7, "resid_tp1": 85.7, "pred_tp2": 112.2, "resid_tp2": 16.2, "pred_tp3": 116.3, "resid_tp3": 12.1, "pred_tp4": 108.3, "resid_tp4": 20.1, "pred_tp5": 71.0, "resid_tp5": 57.4, "pred_tp6": 39.1, "resid_tp6": 89.3}}, {"type": "Feature", "geometry": {"type": "Point", "coordinates": [-93.732101, 42.0139987]}, "properties": {"plot_id": "Ames-4231-27-5", "site_id": "Ames", "year": 2022, "actual": 149.05, "pred_records": 25.6, "resid_records": 123.4, "pred_tp1": 48.5, "resid_tp1": 100.5, "pred_tp2": 113.7, "resid_tp2": 35.3, "pred_tp3": 111.6, "resid_tp3": 37.4, "pred_tp4": 127.3, "resid_tp4": 21.7, "pred_tp5": 74.5, "resid_tp5": 74.5, "pred_tp6": 50.4, "resid_tp6": 98.6}}, {"type": "Feature", "geometry": {"type": "Point", "coordinates": [-93.7321373, 42.0139985]}, "properties": {"plot_id": "Ames-4231-27-6", "site_id": "Ames", "year": 2022, "actual": 92.36, "pred_records": 25.6, "resid_records": 66.8, "pred_tp1": 33.6, "resid_tp1": 58.7, "pred_tp2": 96.5, "resid_tp2": -4.1, "pred_tp3": 93.2, "resid_tp3": -0.8, "pred_tp4": 92.3, "resid_tp4": 0.0, "pred_tp5": 61.6, "resid_tp5": 30.7, "pred_tp6": 59.2, "resid_tp6": 33.2}}, {"type": "Feature", "geometry": {"type": "Point", "coordinates": [-93.7321735, 42.0139969]}, "properties": {"plot_id": "Ames-4231-27-7", "site_id": "Ames", "year": 2022, "actual": 145.0, "pred_records": 25.6, "resid_records": 119.4, "pred_tp1": 45.9, "resid_tp1": 99.1, "pred_tp2": 111.2, "resid_tp2": 33.8, "pred_tp3": 94.7, "resid_tp3": 50.3, "pred_tp4": 107.7, "resid_tp4": 37.3, "pred_tp5": 68.3, "resid_tp5": 76.7, "pred_tp6": 46.2, "resid_tp6": 98.8}}, {"type": "Feature", "geometry": {"type": "Point", "coordinates": [-93.7319899, 42.0139467]}, "properties": {"plot_id": "Ames-4231-28-2", "site_id": "Ames", "year": 2022, "actual": 97.82, "pred_records": 26.6, "resid_records": 71.2, "pred_tp1": 37.0, "resid_tp1": 60.8, "pred_tp2": 93.7, "resid_tp2": 4.1, "pred_tp3": 83.6, "resid_tp3": 14.2, "pred_tp4": 40.3, "resid_tp4": 57.6, "pred_tp5": 54.3, "resid_tp5": 43.5, "pred_tp6": 45.3, "resid_tp6": 52.5}}, {"type": "Feature", "geometry": {"type": "Point", "coordinates": [-93.7320279, 42.0139451]}, "properties": {"plot_id": "Ames-4231-28-3", "site_id": "Ames", "year": 2022, "actual": 84.99, "pred_records": 25.6, "resid_records": 59.4, "pred_tp1": 31.3, "resid_tp1": 53.7, "pred_tp2": 110.9, "resid_tp2": -25.9, "pred_tp3": 102.7, "resid_tp3": -17.7, "pred_tp4": 96.6, "resid_tp4": -11.6, "pred_tp5": 55.8, "resid_tp5": 29.2, "pred_tp6": 36.1, "resid_tp6": 48.9}}, {"type": "Feature", "geometry": {"type": "Point", "coordinates": [-93.7320642, 42.0139449]}, "properties": {"plot_id": "Ames-4231-28-4", "site_id": "Ames", "year": 2022, "actual": 149.81, "pred_records": 25.6, "resid_records": 124.2, "pred_tp1": 49.7, "resid_tp1": 100.1, "pred_tp2": 113.5, "resid_tp2": 36.3, "pred_tp3": 117.1, "resid_tp3": 32.7, "pred_tp4": 115.4, "resid_tp4": 34.4, "pred_tp5": 79.7, "resid_tp5": 70.1, "pred_tp6": 61.4, "resid_tp6": 88.4}}, {"type": "Feature", "geometry": {"type": "Point", "coordinates": [-93.7321004, 42.0139433]}, "properties": {"plot_id": "Ames-4231-28-5", "site_id": "Ames", "year": 2022, "actual": 142.45, "pred_records": 35.0, "resid_records": 107.4, "pred_tp1": 60.5, "resid_tp1": 81.9, "pred_tp2": 118.8, "resid_tp2": 23.7, "pred_tp3": 112.0, "resid_tp3": 30.4, "pred_tp4": 114.2, "resid_tp4": 28.2, "pred_tp5": 77.1, "resid_tp5": 65.4, "pred_tp6": 52.4, "resid_tp6": 90.1}}, {"type": "Feature", "geometry": {"type": "Point", "coordinates": [-93.7321366, 42.0139431]}, "properties": {"plot_id": "Ames-4231-28-6", "site_id": "Ames", "year": 2022, "actual": 131.25, "pred_records": 25.6, "resid_records": 105.6, "pred_tp1": 47.9, "resid_tp1": 83.4, "pred_tp2": 115.3, "resid_tp2": 16.0, "pred_tp3": 101.6, "resid_tp3": 29.7, "pred_tp4": 103.8, "resid_tp4": 27.4, "pred_tp5": 80.1, "resid_tp5": 51.2, "pred_tp6": 76.5, "resid_tp6": 54.8}}, {"type": "Feature", "geometry": {"type": "Point", "coordinates": [-93.7321728, 42.0139428]}, "properties": {"plot_id": "Ames-4231-28-7", "site_id": "Ames", "year": 2022, "actual": 143.22, "pred_records": 25.6, "resid_records": 117.6, "pred_tp1": 50.8, "resid_tp1": 92.4, "pred_tp2": 123.2, "resid_tp2": 20.1, "pred_tp3": 116.3, "resid_tp3": 27.0, "pred_tp4": 123.2, "resid_tp4": 20.0, "pred_tp5": 87.0, "resid_tp5": 56.2, "pred_tp6": 66.1, "resid_tp6": 77.1}}, {"type": "Feature", "geometry": {"type": "Point", "coordinates": [-93.7319911, 42.0138913]}, "properties": {"plot_id": "Ames-4231-29-2", "site_id": "Ames", "year": 2022, "actual": 117.93, "pred_records": 25.6, "resid_records": 92.3, "pred_tp1": 49.6, "resid_tp1": 68.4, "pred_tp2": 114.3, "resid_tp2": 3.6, "pred_tp3": 97.6, "resid_tp3": 20.4, "pred_tp4": 100.7, "resid_tp4": 17.2, "pred_tp5": 64.8, "resid_tp5": 53.1, "pred_tp6": 40.2, "resid_tp6": 77.7}}, {"type": "Feature", "geometry": {"type": "Point", "coordinates": [-93.7320635, 42.0138895]}, "properties": {"plot_id": "Ames-4231-29-4", "site_id": "Ames", "year": 2022, "actual": 139.23, "pred_records": 25.6, "resid_records": 113.6, "pred_tp1": 54.7, "resid_tp1": 84.5, "pred_tp2": 116.1, "resid_tp2": 23.1, "pred_tp3": 109.2, "resid_tp3": 30.0, "pred_tp4": 127.7, "resid_tp4": 11.5, "pred_tp5": 83.6, "resid_tp5": 55.7, "pred_tp6": 57.0, "resid_tp6": 82.2}}, {"type": "Feature", "geometry": {"type": "Point", "coordinates": [-93.7320998, 42.0138893]}, "properties": {"plot_id": "Ames-4231-29-5", "site_id": "Ames", "year": 2022, "actual": 147.54, "pred_records": 25.6, "resid_records": 121.9, "pred_tp1": 51.7, "resid_tp1": 95.8, "pred_tp2": 119.1, "resid_tp2": 28.4, "pred_tp3": 117.4, "resid_tp3": 30.1, "pred_tp4": 116.7, "resid_tp4": 30.9, "pred_tp5": 75.1, "resid_tp5": 72.4, "pred_tp6": 49.5, "resid_tp6": 98.0}}, {"type": "Feature", "geometry": {"type": "Point", "coordinates": [-93.732136, 42.013889]}, "properties": {"plot_id": "Ames-4231-29-6", "site_id": "Ames", "year": 2022, "actual": 146.85, "pred_records": 25.6, "resid_records": 121.2, "pred_tp1": 57.4, "resid_tp1": 89.4, "pred_tp2": 119.3, "resid_tp2": 27.5, "pred_tp3": 119.0, "resid_tp3": 27.8, "pred_tp4": 126.8, "resid_tp4": 20.0, "pred_tp5": 93.7, "resid_tp5": 53.1, "pred_tp6": 75.1, "resid_tp6": 71.8}}, {"type": "Feature", "geometry": {"type": "Point", "coordinates": [-93.7321722, 42.0138888]}, "properties": {"plot_id": "Ames-4231-29-7", "site_id": "Ames", "year": 2022, "actual": 185.23, "pred_records": 55.4, "resid_records": 129.8, "pred_tp1": 69.7, "resid_tp1": 115.5, "pred_tp2": 131.5, "resid_tp2": 53.7, "pred_tp3": 123.0, "resid_tp3": 62.2, "pred_tp4": 136.0, "resid_tp4": 49.3, "pred_tp5": 84.4, "resid_tp5": 100.9, "pred_tp6": 65.3, "resid_tp6": 120.0}}, {"type": "Feature", "geometry": {"type": "Point", "coordinates": [-93.7319893, 42.0153112]}, "properties": {"plot_id": "Ames-4231-3-2", "site_id": "Ames", "year": 2022, "actual": 134.19, "pred_records": 25.6, "resid_records": 108.6, "pred_tp1": 49.5, "resid_tp1": 84.7, "pred_tp2": 90.7, "resid_tp2": 43.4, "pred_tp3": 95.1, "resid_tp3": 39.1, "pred_tp4": 102.6, "resid_tp4": 31.6, "pred_tp5": 72.2, "resid_tp5": 61.9, "pred_tp6": 85.3, "resid_tp6": 48.9}}, {"type": "Feature", "geometry": {"type": "Point", "coordinates": [-93.7320255, 42.015311]}, "properties": {"plot_id": "Ames-4231-3-3", "site_id": "Ames", "year": 2022, "actual": 149.3, "pred_records": 35.0, "resid_records": 114.3, "pred_tp1": 55.1, "resid_tp1": 94.2, "pred_tp2": 97.7, "resid_tp2": 51.6, "pred_tp3": 93.9, "resid_tp3": 55.4, "pred_tp4": 94.1, "resid_tp4": 55.2, "pred_tp5": 75.2, "resid_tp5": 74.1, "pred_tp6": 79.4, "resid_tp6": 69.9}}, {"type": "Feature", "geometry": {"type": "Point", "coordinates": [-93.7320635, 42.0153107]}, "properties": {"plot_id": "Ames-4231-3-4", "site_id": "Ames", "year": 2022, "actual": 136.32, "pred_records": 25.6, "resid_records": 110.7, "pred_tp1": 51.6, "resid_tp1": 84.7, "pred_tp2": 115.5, "resid_tp2": 20.9, "pred_tp3": 80.7, "resid_tp3": 55.6, "pred_tp4": 108.7, "resid_tp4": 27.6, "pred_tp5": 79.2, "resid_tp5": 57.1, "pred_tp6": 58.6, "resid_tp6": 77.7}}, {"type": "Feature", "geometry": {"type": "Point", "coordinates": [-93.7320998, 42.0153092]}, "properties": {"plot_id": "Ames-4231-3-5", "site_id": "Ames", "year": 2022, "actual": 65.46, "pred_records": 25.6, "resid_records": 39.9, "pred_tp1": 27.3, "resid_tp1": 38.2, "pred_tp2": 107.6, "resid_tp2": -42.2, "pred_tp3": 101.0, "resid_tp3": -35.5, "pred_tp4": 105.8, "resid_tp4": -40.4, "pred_tp5": 61.3, "resid_tp5": 4.2, "pred_tp6": 37.8, "resid_tp6": 27.6}}, {"type": "Feature", "geometry": {"type": "Point", "coordinates": [-93.7321378, 42.0153089]}, "properties": {"plot_id": "Ames-4231-3-6", "site_id": "Ames", "year": 2022, "actual": 135.73, "pred_records": 25.6, "resid_records": 110.1, "pred_tp1": 37.3, "resid_tp1": 98.4, "pred_tp2": 111.0, "resid_tp2": 24.7, "pred_tp3": 91.7, "resid_tp3": 44.0, "pred_tp4": 109.0, "resid_tp4": 26.7, "pred_tp5": 70.7, "resid_tp5": 65.0, "pred_tp6": 47.7, "resid_tp6": 88.0}}, {"type": "Feature", "geometry": {"type": "Point", "coordinates": [-93.732174, 42.0153087]}, "properties": {"plot_id": "Ames-4231-3-7", "site_id": "Ames", "year": 2022, "actual": 75.66, "pred_records": 25.6, "resid_records": 50.1, "pred_tp1": 34.2, "resid_tp1": 41.4, "pred_tp2": 112.2, "resid_tp2": -36.6, "pred_tp3": 64.7, "resid_tp3": 11.0, "pred_tp4": 81.0, "resid_tp4": -5.4, "pred_tp5": 53.7, "resid_tp5": 22.0, "pred_tp6": 47.4, "resid_tp6": 28.2}}, {"type": "Feature", "geometry": {"type": "Point", "coordinates": [-93.7319905, 42.0138359]}, "properties": {"plot_id": "Ames-4231-30-2", "site_id": "Ames", "year": 2022, "actual": 141.04, "pred_records": 25.6, "resid_records": 115.4, "pred_tp1": 48.6, "resid_tp1": 92.5, "pred_tp2": 113.6, "resid_tp2": 27.4, "pred_tp3": 107.3, "resid_tp3": 33.7, "pred_tp4": 105.0, "resid_tp4": 36.0, "pred_tp5": 64.0, "resid_tp5": 77.0, "pred_tp6": 41.8, "resid_tp6": 99.3}}, {"type": "Feature", "geometry": {"type": "Point", "coordinates": [-93.7320267, 42.0138357]}, "properties": {"plot_id": "Ames-4231-30-3", "site_id": "Ames", "year": 2022, "actual": 125.45, "pred_records": 25.6, "resid_records": 99.8, "pred_tp1": 45.9, "resid_tp1": 79.5, "pred_tp2": 113.6, "resid_tp2": 11.9, "pred_tp3": 112.2, "resid_tp3": 13.3, "pred_tp4": 112.9, "resid_tp4": 12.6, "pred_tp5": 66.8, "resid_tp5": 58.6, "pred_tp6": 38.4, "resid_tp6": 87.1}}, {"type": "Feature", "geometry": {"type": "Point", "coordinates": [-93.7320629, 42.0138355]}, "properties": {"plot_id": "Ames-4231-30-4", "site_id": "Ames", "year": 2022, "actual": 150.2, "pred_records": 25.6, "resid_records": 124.6, "pred_tp1": 39.3, "resid_tp1": 110.9, "pred_tp2": 121.0, "resid_tp2": 29.2, "pred_tp3": 109.3, "resid_tp3": 40.9, "pred_tp4": 106.2, "resid_tp4": 44.0, "pred_tp5": 59.6, "resid_tp5": 90.6, "pred_tp6": 38.2, "resid_tp6": 112.0}}, {"type": "Feature", "geometry": {"type": "Point", "coordinates": [-93.7320992, 42.0138352]}, "properties": {"plot_id": "Ames-4231-30-5", "site_id": "Ames", "year": 2022, "actual": 138.23, "pred_records": 25.6, "resid_records": 112.6, "pred_tp1": 44.6, "resid_tp1": 93.6, "pred_tp2": 118.4, "resid_tp2": 19.8, "pred_tp3": 119.1, "resid_tp3": 19.2, "pred_tp4": 109.6, "resid_tp4": 28.7, "pred_tp5": 65.3, "resid_tp5": 73.0, "pred_tp6": 42.9, "resid_tp6": 95.3}}, {"type": "Feature", "geometry": {"type": "Point", "coordinates": [-93.7321372, 42.013835]}, "properties": {"plot_id": "Ames-4231-30-6", "site_id": "Ames", "year": 2022, "actual": 174.86, "pred_records": 25.6, "resid_records": 149.3, "pred_tp1": 44.4, "resid_tp1": 130.4, "pred_tp2": 116.2, "resid_tp2": 58.7, "pred_tp3": 124.7, "resid_tp3": 50.1, "pred_tp4": 109.6, "resid_tp4": 65.3, "pred_tp5": 68.0, "resid_tp5": 106.9, "pred_tp6": 36.4, "resid_tp6": 138.4}}, {"type": "Feature", "geometry": {"type": "Point", "coordinates": [-93.7319886, 42.0152572]}, "properties": {"plot_id": "Ames-4231-4-2", "site_id": "Ames", "year": 2022, "actual": 107.93, "pred_records": 25.6, "resid_records": 82.3, "pred_tp1": 47.5, "resid_tp1": 60.4, "pred_tp2": 98.6, "resid_tp2": 9.3, "pred_tp3": 95.5, "resid_tp3": 12.4, "pred_tp4": 99.7, "resid_tp4": 8.2, "pred_tp5": 68.3, "resid_tp5": 39.6, "pred_tp6": 71.4, "resid_tp6": 36.5}}, {"type": "Feature", "geometry": {"type": "Point", "coordinates": [-93.7320629, 42.0152554]}, "properties": {"plot_id": "Ames-4231-4-4", "site_id": "Ames", "year": 2022, "actual": 89.81, "pred_records": 25.6, "resid_records": 64.2, "pred_tp1": 41.5, "resid_tp1": 48.3, "pred_tp2": 99.3, "resid_tp2": -9.5, "pred_tp3": 86.8, "resid_tp3": 3.0, "pred_tp4": 97.1, "resid_tp4": -7.3, "pred_tp5": 71.6, "resid_tp5": 18.2, "pred_tp6": 55.1, "resid_tp6": 34.7}}, {"type": "Feature", "geometry": {"type": "Point", "coordinates": [-93.7321009, 42.0152551]}, "properties": {"plot_id": "Ames-4231-4-5", "site_id": "Ames", "year": 2022, "actual": 111.46, "pred_records": 25.6, "resid_records": 85.9, "pred_tp1": 51.5, "resid_tp1": 60.0, "pred_tp2": 117.7, "resid_tp2": -6.2, "pred_tp3": 101.6, "resid_tp3": 9.9, "pred_tp4": 103.8, "resid_tp4": 7.6, "pred_tp5": 65.3, "resid_tp5": 46.1, "pred_tp6": 58.4, "resid_tp6": 53.1}}, {"type": "Feature", "geometry": {"type": "Point", "coordinates": [-93.7321734, 42.0152533]}, "properties": {"plot_id": "Ames-4231-4-7", "site_id": "Ames", "year": 2022, "actual": 89.27, "pred_records": 25.6, "resid_records": 63.7, "pred_tp1": 37.3, "resid_tp1": 52.0, "pred_tp2": 93.0, "resid_tp2": -3.7, "pred_tp3": 89.5, "resid_tp3": -0.2, "pred_tp4": 75.0, "resid_tp4": 14.3, "pred_tp5": 50.4, "resid_tp5": 38.9, "pred_tp6": 53.6, "resid_tp6": 35.7}}, {"type": "Feature", "geometry": {"type": "Point", "coordinates": [-93.7319898, 42.0152031]}, "properties": {"plot_id": "Ames-4231-5-2", "site_id": "Ames", "year": 2022, "actual": 72.53, "pred_records": 25.0, "resid_records": 47.5, "pred_tp1": 38.9, "resid_tp1": 33.6, "pred_tp2": 91.3, "resid_tp2": -18.8, "pred_tp3": 88.3, "resid_tp3": -15.8, "pred_tp4": 81.4, "resid_tp4": -8.9, "pred_tp5": 66.8, "resid_tp5": 5.8, "pred_tp6": 69.9, "resid_tp6": 2.6}}, {"type": "Feature", "geometry": {"type": "Point", "coordinates": [-93.7320261, 42.0152015]}, "properties": {"plot_id": "Ames-4231-5-3", "site_id": "Ames", "year": 2022, "actual": 95.3, "pred_records": 25.6, "resid_records": 69.7, "pred_tp1": 43.3, "resid_tp1": 52.0, "pred_tp2": 94.1, "resid_tp2": 1.2, "pred_tp3": 93.6, "resid_tp3": 1.7, "pred_tp4": 81.8, "resid_tp4": 13.5, "pred_tp5": 64.1, "resid_tp5": 31.2, "pred_tp6": 53.8, "resid_tp6": 41.5}}, {"type": "Feature", "geometry": {"type": "Point", "coordinates": [-93.7320641, 42.0152013]}, "properties": {"plot_id": "Ames-4231-5-4", "site_id": "Ames", "year": 2022, "actual": 125.29, "pred_records": 25.6, "resid_records": 99.7, "pred_tp1": 65.4, "resid_tp1": 59.9, "pred_tp2": 114.2, "resid_tp2": 11.1, "pred_tp3": 91.4, "resid_tp3": 33.9, "pred_tp4": 99.4, "resid_tp4": 25.9, "pred_tp5": 72.5, "resid_tp5": 52.8, "pred_tp6": 58.9, "resid_tp6": 66.4}}, {"type": "Feature", "geometry": {"type": "Point", "coordinates": [-93.7321003, 42.0151997]}, "properties": {"plot_id": "Ames-4231-5-5", "site_id": "Ames", "year": 2022, "actual": 116.49, "pred_records": 25.6, "resid_records": 90.9, "pred_tp1": 48.9, "resid_tp1": 67.6, "pred_tp2": 102.6, "resid_tp2": 13.9, "pred_tp3": 94.1, "resid_tp3": 22.4, "pred_tp4": 97.0, "resid_tp4": 19.5, "pred_tp5": 66.3, "resid_tp5": 50.1, "pred_tp6": 69.1, "resid_tp6": 47.4}}, {"type": "Feature", "geometry": {"type": "Point", "coordinates": [-93.7321365, 42.0151995]}, "properties": {"plot_id": "Ames-4231-5-6", "site_id": "Ames", "year": 2022, "actual": 108.75, "pred_records": 25.6, "resid_records": 83.1, "pred_tp1": 42.5, "resid_tp1": 66.3, "pred_tp2": 100.7, "resid_tp2": 8.1, "pred_tp3": 95.2, "resid_tp3": 13.5, "pred_tp4": 91.7, "resid_tp4": 17.0, "pred_tp5": 64.3, "resid_tp5": 44.4, "pred_tp6": 62.7, "resid_tp6": 46.1}}, {"type": "Feature", "geometry": {"type": "Point", "coordinates": [-93.7321728, 42.0151993]}, "properties": {"plot_id": "Ames-4231-5-7", "site_id": "Ames", "year": 2022, "actual": 90.56, "pred_records": 25.6, "resid_records": 65.0, "pred_tp1": 29.9, "resid_tp1": 60.7, "pred_tp2": 90.7, "resid_tp2": -0.2, "pred_tp3": 78.6, "resid_tp3": 12.0, "pred_tp4": 67.0, "resid_tp4": 23.6, "pred_tp5": 46.7, "resid_tp5": 43.8, "pred_tp6": 49.1, "resid_tp6": 41.4}}, {"type": "Feature", "geometry": {"type": "Point", "coordinates": [-93.7319892, 42.0151477]}, "properties": {"plot_id": "Ames-4231-6-2", "site_id": "Ames", "year": 2022, "actual": 138.9, "pred_records": 25.6, "resid_records": 113.3, "pred_tp1": 43.1, "resid_tp1": 95.8, "pred_tp2": 106.8, "resid_tp2": 32.1, "pred_tp3": 101.7, "resid_tp3": 37.2, "pred_tp4": 95.1, "resid_tp4": 43.8, "pred_tp5": 74.5, "resid_tp5": 64.4, "pred_tp6": 53.1, "resid_tp6": 85.8}}, {"type": "Feature", "geometry": {"type": "Point", "coordinates": [-93.7320272, 42.0151475]}, "properties": {"plot_id": "Ames-4231-6-3", "site_id": "Ames", "year": 2022, "actual": 82.49, "pred_records": 25.6, "resid_records": 56.9, "pred_tp1": 45.7, "resid_tp1": 36.8, "pred_tp2": 114.9, "resid_tp2": -32.4, "pred_tp3": 88.8, "resid_tp3": -6.3, "pred_tp4": 81.6, "resid_tp4": 0.9, "pred_tp5": 63.7, "resid_tp5": 18.8, "pred_tp6": 71.1, "resid_tp6": 11.4}}, {"type": "Feature", "geometry": {"type": "Point", "coordinates": [-93.7320635, 42.0151459]}, "properties": {"plot_id": "Ames-4231-6-4", "site_id": "Ames", "year": 2022, "actual": 59.88, "pred_records": 25.6, "resid_records": 34.3, "pred_tp1": 42.2, "resid_tp1": 17.7, "pred_tp2": 87.5, "resid_tp2": -27.6, "pred_tp3": 74.4, "resid_tp3": -14.5, "pred_tp4": 61.6, "resid_tp4": -1.7, "pred_tp5": 46.5, "resid_tp5": 13.4, "pred_tp6": 62.4, "resid_tp6": -2.5}}, {"type": "Feature", "geometry": {"type": "Point", "coordinates": [-93.7320997, 42.0151457]}, "properties": {"plot_id": "Ames-4231-6-5", "site_id": "Ames", "year": 2022, "actual": 89.45, "pred_records": 26.6, "resid_records": 62.8, "pred_tp1": 53.2, "resid_tp1": 36.3, "pred_tp2": 101.1, "resid_tp2": -11.7, "pred_tp3": 77.4, "resid_tp3": 12.0, "pred_tp4": 62.4, "resid_tp4": 27.0, "pred_tp5": 58.7, "resid_tp5": 30.8, "pred_tp6": 51.6, "resid_tp6": 37.9}}, {"type": "Feature", "geometry": {"type": "Point", "coordinates": [-93.7321359, 42.0151455]}, "properties": {"plot_id": "Ames-4231-6-6", "site_id": "Ames", "year": 2022, "actual": 100.8, "pred_records": 25.6, "resid_records": 75.2, "pred_tp1": 44.1, "resid_tp1": 56.7, "pred_tp2": 112.4, "resid_tp2": -11.6, "pred_tp3": 88.7, "resid_tp3": 12.1, "pred_tp4": 81.4, "resid_tp4": 19.4, "pred_tp5": 66.4, "resid_tp5": 34.4, "pred_tp6": 63.5, "resid_tp6": 37.3}}, {"type": "Feature", "geometry": {"type": "Point", "coordinates": [-93.732174, 42.0151452]}, "properties": {"plot_id": "Ames-4231-6-7", "site_id": "Ames", "year": 2022, "actual": 85.28, "pred_records": 25.6, "resid_records": 59.7, "pred_tp1": 33.7, "resid_tp1": 51.6, "pred_tp2": 89.3, "resid_tp2": -4.0, "pred_tp3": 75.2, "resid_tp3": 10.1, "pred_tp4": 82.6, "resid_tp4": 2.7, "pred_tp5": 55.9, "resid_tp5": 29.4, "pred_tp6": 45.4, "resid_tp6": 39.9}}, {"type": "Feature", "geometry": {"type": "Point", "coordinates": [-93.7319904, 42.0150923]}, "properties": {"plot_id": "Ames-4231-7-2", "site_id": "Ames", "year": 2022, "actual": 109.93, "pred_records": 25.6, "resid_records": 84.3, "pred_tp1": 58.1, "resid_tp1": 51.9, "pred_tp2": 102.5, "resid_tp2": 7.4, "pred_tp3": 89.9, "resid_tp3": 20.0, "pred_tp4": 100.6, "resid_tp4": 9.3, "pred_tp5": 77.2, "resid_tp5": 32.7, "pred_tp6": 61.5, "resid_tp6": 48.4}}, {"type": "Feature", "geometry": {"type": "Point", "coordinates": [-93.7320266, 42.0150921]}, "properties": {"plot_id": "Ames-4231-7-3", "site_id": "Ames", "year": 2022, "actual": 115.8, "pred_records": 25.6, "resid_records": 90.2, "pred_tp1": 66.1, "resid_tp1": 49.7, "pred_tp2": 111.1, "resid_tp2": 4.7, "pred_tp3": 79.5, "resid_tp3": 36.3, "pred_tp4": 76.5, "resid_tp4": 39.3, "pred_tp5": 81.4, "resid_tp5": 34.4, "pred_tp6": 72.0, "resid_tp6": 43.8}}, {"type": "Feature", "geometry": {"type": "Point", "coordinates": [-93.7320628, 42.0150919]}, "properties": {"plot_id": "Ames-4231-7-4", "site_id": "Ames", "year": 2022, "actual": 54.7, "pred_records": 38.9, "resid_records": 15.8, "pred_tp1": 55.3, "resid_tp1": -0.6, "pred_tp2": 94.6, "resid_tp2": -39.9, "pred_tp3": 64.8, "resid_tp3": -10.1, "pred_tp4": 93.9, "resid_tp4": -39.2, "pred_tp5": 57.9, "resid_tp5": -3.2, "pred_tp6": 67.5, "resid_tp6": -12.8}}, {"type": "Feature", "geometry": {"type": "Point", "coordinates": [-93.7320991, 42.0150917]}, "properties": {"plot_id": "Ames-4231-7-5", "site_id": "Ames", "year": 2022, "actual": 140.91, "pred_records": 25.6, "resid_records": 115.3, "pred_tp1": 56.5, "resid_tp1": 84.4, "pred_tp2": 118.9, "resid_tp2": 22.0, "pred_tp3": 76.3, "resid_tp3": 64.6, "pred_tp4": 82.9, "resid_tp4": 58.0, "pred_tp5": 70.0, "resid_tp5": 70.9, "pred_tp6": 59.4, "resid_tp6": 81.5}}, {"type": "Feature", "geometry": {"type": "Point", "coordinates": [-93.7321733, 42.0150898]}, "properties": {"plot_id": "Ames-4231-7-7", "site_id": "Ames", "year": 2022, "actual": 82.19, "pred_records": 25.6, "resid_records": 56.6, "pred_tp1": 31.8, "resid_tp1": 50.4, "pred_tp2": 81.5, "resid_tp2": 0.7, "pred_tp3": 58.1, "resid_tp3": 24.1, "pred_tp4": 62.9, "resid_tp4": 19.3, "pred_tp5": 40.9, "resid_tp5": 41.3, "pred_tp6": 35.4, "resid_tp6": 46.8}}, {"type": "Feature", "geometry": {"type": "Point", "coordinates": [-93.7319898, 42.0150383]}, "properties": {"plot_id": "Ames-4231-8-2", "site_id": "Ames", "year": 2022, "actual": 145.95, "pred_records": 25.6, "resid_records": 120.3, "pred_tp1": 69.2, "resid_tp1": 76.7, "pred_tp2": 115.1, "resid_tp2": 30.8, "pred_tp3": 84.6, "resid_tp3": 61.3, "pred_tp4": 85.0, "resid_tp4": 61.0, "pred_tp5": 68.0, "resid_tp5": 77.9, "pred_tp6": 57.6, "resid_tp6": 88.3}}, {"type": "Feature", "geometry": {"type": "Point", "coordinates": [-93.732026, 42.0150381]}, "properties": {"plot_id": "Ames-4231-8-3", "site_id": "Ames", "year": 2022, "actual": 66.25, "pred_records": 25.6, "resid_records": 40.6, "pred_tp1": 44.8, "resid_tp1": 21.4, "pred_tp2": 93.6, "resid_tp2": -27.4, "pred_tp3": 65.4, "resid_tp3": 0.8, "pred_tp4": 86.2, "resid_tp4": -19.9, "pred_tp5": 49.3, "resid_tp5": 16.9, "pred_tp6": 66.6, "resid_tp6": -0.4}}, {"type": "Feature", "geometry": {"type": "Point", "coordinates": [-93.7320622, 42.0150378]}, "properties": {"plot_id": "Ames-4231-8-4", "site_id": "Ames", "year": 2022, "actual": 96.84, "pred_records": 25.6, "resid_records": 71.2, "pred_tp1": 59.1, "resid_tp1": 37.7, "pred_tp2": 113.1, "resid_tp2": -16.2, "pred_tp3": 72.7, "resid_tp3": 24.1, "pred_tp4": 74.7, "resid_tp4": 22.2, "pred_tp5": 54.9, "resid_tp5": 41.9, "pred_tp6": 70.7, "resid_tp6": 26.1}}, {"type": "Feature", "geometry": {"type": "Point", "coordinates": [-93.7321002, 42.0150363]}, "properties": {"plot_id": "Ames-4231-8-5", "site_id": "Ames", "year": 2022, "actual": 116.17, "pred_records": 25.6, "resid_records": 90.6, "pred_tp1": 45.8, "resid_tp1": 70.4, "pred_tp2": 116.3, "resid_tp2": -0.1, "pred_tp3": 66.6, "resid_tp3": 49.6, "pred_tp4": 103.7, "resid_tp4": 12.5, "pred_tp5": 63.9, "resid_tp5": 52.3, "pred_tp6": 55.5, "resid_tp6": 60.7}}, {"type": "Feature", "geometry": {"type": "Point", "coordinates": [-93.7321365, 42.015036]}, "properties": {"plot_id": "Ames-4231-8-6", "site_id": "Ames", "year": 2022, "actual": 57.69, "pred_records": 38.9, "resid_records": 18.8, "pred_tp1": 44.9, "resid_tp1": 12.8, "pred_tp2": 105.8, "resid_tp2": -48.1, "pred_tp3": 64.2, "resid_tp3": -6.5, "pred_tp4": 84.2, "resid_tp4": -26.5, "pred_tp5": 55.6, "resid_tp5": 2.1, "pred_tp6": 60.2, "resid_tp6": -2.5}}, {"type": "Feature", "geometry": {"type": "Point", "coordinates": [-93.7321745, 42.0150344]}, "properties": {"plot_id": "Ames-4231-8-7", "site_id": "Ames", "year": 2022, "actual": 62.27, "pred_records": 25.6, "resid_records": 36.7, "pred_tp1": 20.3, "resid_tp1": 42.0, "pred_tp2": 85.7, "resid_tp2": -23.5, "pred_tp3": 57.3, "resid_tp3": 5.0, "pred_tp4": 69.2, "resid_tp4": -6.9, "pred_tp5": 47.5, "resid_tp5": 14.8, "pred_tp6": 51.8, "resid_tp6": 10.4}}, {"type": "Feature", "geometry": {"type": "Point", "coordinates": [-93.7319891, 42.0149843]}, "properties": {"plot_id": "Ames-4231-9-2", "site_id": "Ames", "year": 2022, "actual": 124.39, "pred_records": 25.6, "resid_records": 98.8, "pred_tp1": 54.6, "resid_tp1": 69.8, "pred_tp2": 114.5, "resid_tp2": 9.9, "pred_tp3": 92.1, "resid_tp3": 32.3, "pred_tp4": 97.7, "resid_tp4": 26.7, "pred_tp5": 67.7, "resid_tp5": 56.7, "pred_tp6": 57.9, "resid_tp6": 66.5}}, {"type": "Feature", "geometry": {"type": "Point", "coordinates": [-93.7320254, 42.014984]}, "properties": {"plot_id": "Ames-4231-9-3", "site_id": "Ames", "year": 2022, "actual": 60.38, "pred_records": 25.6, "resid_records": 34.8, "pred_tp1": 56.5, "resid_tp1": 3.8, "pred_tp2": 116.8, "resid_tp2": -56.4, "pred_tp3": 77.9, "resid_tp3": -17.5, "pred_tp4": 87.4, "resid_tp4": -27.0, "pred_tp5": 53.7, "resid_tp5": 6.6, "pred_tp6": 67.6, "resid_tp6": -7.2}}, {"type": "Feature", "geometry": {"type": "Point", "coordinates": [-93.7320634, 42.0149824]}, "properties": {"plot_id": "Ames-4231-9-4", "site_id": "Ames", "year": 2022, "actual": 83.49, "pred_records": 25.6, "resid_records": 57.9, "pred_tp1": 62.2, "resid_tp1": 21.2, "pred_tp2": 110.8, "resid_tp2": -27.3, "pred_tp3": 82.4, "resid_tp3": 1.1, "pred_tp4": 91.3, "resid_tp4": -7.8, "pred_tp5": 58.1, "resid_tp5": 25.4, "pred_tp6": 51.6, "resid_tp6": 31.9}}, {"type": "Feature", "geometry": {"type": "Point", "coordinates": [-93.7320996, 42.0149822]}, "properties": {"plot_id": "Ames-4231-9-5", "site_id": "Ames", "year": 2022, "actual": 102.55, "pred_records": 25.6, "resid_records": 76.9, "pred_tp1": 53.9, "resid_tp1": 48.7, "pred_tp2": 112.5, "resid_tp2": -10.0, "pred_tp3": 80.8, "resid_tp3": 21.8, "pred_tp4": 95.7, "resid_tp4": 6.8, "pred_tp5": 68.4, "resid_tp5": 34.2, "pred_tp6": 45.6, "resid_tp6": 56.9}}, {"type": "Feature", "geometry": {"type": "Point", "coordinates": [-93.7321377, 42.0149806]}, "properties": {"plot_id": "Ames-4231-9-6", "site_id": "Ames", "year": 2022, "actual": 82.92, "pred_records": 25.6, "resid_records": 57.3, "pred_tp1": 56.6, "resid_tp1": 26.4, "pred_tp2": 109.2, "resid_tp2": -26.3, "pred_tp3": 77.2, "resid_tp3": 5.7, "pred_tp4": 71.6, "resid_tp4": 11.3, "pred_tp5": 59.9, "resid_tp5": 23.0, "pred_tp6": 53.8, "resid_tp6": 29.1}}, {"type": "Feature", "geometry": {"type": "Point", "coordinates": [-93.7321739, 42.0149804]}, "properties": {"plot_id": "Ames-4231-9-7", "site_id": "Ames", "year": 2022, "actual": 79.96, "pred_records": 25.6, "resid_records": 54.4, "pred_tp1": 28.7, "resid_tp1": 51.3, "pred_tp2": 101.4, "resid_tp2": -21.4, "pred_tp3": 76.2, "resid_tp3": 3.7, "pred_tp4": 78.0, "resid_tp4": 1.9, "pred_tp5": 51.8, "resid_tp5": 28.2, "pred_tp6": 51.2, "resid_tp6": 28.7}}, {"type": "Feature", "geometry": {"type": "Point", "coordinates": [-93.7325429, 42.0149294]}, "properties": {"plot_id": "Ames-4232-10-17", "site_id": "Ames", "year": 2022, "actual": 91.52, "pred_records": 49.3, "resid_records": 42.2, "pred_tp1": 56.2, "resid_tp1": 35.4, "pred_tp2": 131.4, "resid_tp2": -39.9, "pred_tp3": 120.6, "resid_tp3": -29.1, "pred_tp4": 123.9, "resid_tp4": -32.4, "pred_tp5": 86.1, "resid_tp5": 5.5, "pred_tp6": 40.7, "resid_tp6": 50.8}}, {"type": "Feature", "geometry": {"type": "Point", "coordinates": [-93.7325791, 42.0149292]}, "properties": {"plot_id": "Ames-4232-10-18", "site_id": "Ames", "year": 2022, "actual": 159.05, "pred_records": 59.1, "resid_records": 99.9, "pred_tp1": 74.0, "resid_tp1": 85.0, "pred_tp2": 127.7, "resid_tp2": 31.3, "pred_tp3": 109.7, "resid_tp3": 49.4, "pred_tp4": 141.3, "resid_tp4": 17.7, "pred_tp5": 91.1, "resid_tp5": 68.0, "pred_tp6": 71.5, "resid_tp6": 87.6}}, {"type": "Feature", "geometry": {"type": "Point", "coordinates": [-93.7326153, 42.0149289]}, "properties": {"plot_id": "Ames-4232-10-19", "site_id": "Ames", "year": 2022, "actual": 70.54, "pred_records": 54.8, "resid_records": 15.7, "pred_tp1": 41.0, "resid_tp1": 29.5, "pred_tp2": 108.8, "resid_tp2": -38.2, "pred_tp3": 86.5, "resid_tp3": -16.0, "pred_tp4": 85.5, "resid_tp4": -15.0, "pred_tp5": 66.8, "resid_tp5": 3.7, "pred_tp6": 69.5, "resid_tp6": 1.1}}, {"type": "Feature", "geometry": {"type": "Point", "coordinates": [-93.7326516, 42.0149287]}, "properties": {"plot_id": "Ames-4232-10-20", "site_id": "Ames", "year": 2022, "actual": 138.75, "pred_records": 49.3, "resid_records": 89.4, "pred_tp1": 73.4, "resid_tp1": 65.3, "pred_tp2": 119.1, "resid_tp2": 19.6, "pred_tp3": 93.6, "resid_tp3": 45.2, "pred_tp4": 98.6, "resid_tp4": 40.1, "pred_tp5": 89.3, "resid_tp5": 49.4, "pred_tp6": 84.4, "resid_tp6": 54.3}}, {"type": "Feature", "geometry": {"type": "Point", "coordinates": [-93.7326896, 42.0149285]}, "properties": {"plot_id": "Ames-4232-10-21", "site_id": "Ames", "year": 2022, "actual": 82.39, "pred_records": 49.3, "resid_records": 33.1, "pred_tp1": 55.9, "resid_tp1": 26.5, "pred_tp2": 124.1, "resid_tp2": -41.7, "pred_tp3": 99.5, "resid_tp3": -17.1, "pred_tp4": 103.3, "resid_tp4": -20.9, "pred_tp5": 83.8, "resid_tp5": -1.5, "pred_tp6": 74.1, "resid_tp6": 8.3}}, {"type": "Feature", "geometry": {"type": "Point", "coordinates": [-93.7327258, 42.0149282]}, "properties": {"plot_id": "Ames-4232-10-22", "site_id": "Ames", "year": 2022, "actual": 71.53, "pred_records": 60.5, "resid_records": 11.0, "pred_tp1": 56.1, "resid_tp1": 15.4, "pred_tp2": 98.8, "resid_tp2": -27.2, "pred_tp3": 96.7, "resid_tp3": -25.1, "pred_tp4": 81.7, "resid_tp4": -10.2, "pred_tp5": 64.5, "resid_tp5": 7.1, "pred_tp6": 61.1, "resid_tp6": 10.4}}, {"type": "Feature", "geometry": {"type": "Point", "coordinates": [-93.7325422, 42.0148754]}, "properties": {"plot_id": "Ames-4232-11-17", "site_id": "Ames", "year": 2022, "actual": 136.17, "pred_records": 49.3, "resid_records": 86.8, "pred_tp1": 70.0, "resid_tp1": 66.2, "pred_tp2": 130.5, "resid_tp2": 5.6, "pred_tp3": 133.1, "resid_tp3": 3.1, "pred_tp4": 136.3, "resid_tp4": -0.2, "pred_tp5": 93.1, "resid_tp5": 43.0, "pred_tp6": 56.1, "resid_tp6": 80.0}}, {"type": "Feature", "geometry": {"type": "Point", "coordinates": [-93.7325785, 42.0148751]}, "properties": {"plot_id": "Ames-4232-11-18", "site_id": "Ames", "year": 2022, "actual": 115.08, "pred_records": 49.3, "resid_records": 65.8, "pred_tp1": 59.5, "resid_tp1": 55.6, "pred_tp2": 127.1, "resid_tp2": -12.0, "pred_tp3": 99.6, "resid_tp3": 15.5, "pred_tp4": 139.0, "resid_tp4": -24.0, "pred_tp5": 89.1, "resid_tp5": 26.0, "pred_tp6": 51.0, "resid_tp6": 64.1}}, {"type": "Feature", "geometry": {"type": "Point", "coordinates": [-93.7326165, 42.0148749]}, "properties": {"plot_id": "Ames-4232-11-19", "site_id": "Ames", "year": 2022, "actual": 100.53, "pred_records": 49.3, "resid_records": 51.2, "pred_tp1": 58.1, "resid_tp1": 42.4, "pred_tp2": 126.1, "resid_tp2": -25.5, "pred_tp3": 99.0, "resid_tp3": 1.5, "pred_tp4": 104.8, "resid_tp4": -4.3, "pred_tp5": 78.7, "resid_tp5": 21.8, "pred_tp6": 75.2, "resid_tp6": 25.3}}, {"type": "Feature", "geometry": {"type": "Point", "coordinates": [-93.7326527, 42.0148747]}, "properties": {"plot_id": "Ames-4232-11-20", "site_id": "Ames", "year": 2022, "actual": 82.69, "pred_records": 49.3, "resid_records": 33.4, "pred_tp1": 57.2, "resid_tp1": 25.5, "pred_tp2": 104.8, "resid_tp2": -22.1, "pred_tp3": 87.2, "resid_tp3": -4.5, "pred_tp4": 77.9, "resid_tp4": 4.8, "pred_tp5": 60.4, "resid_tp5": 22.3, "pred_tp6": 70.4, "resid_tp6": 12.3}}, {"type": "Feature", "geometry": {"type": "Point", "coordinates": [-93.732689, 42.0148744]}, "properties": {"plot_id": "Ames-4232-11-21", "site_id": "Ames", "year": 2022, "actual": 108.31, "pred_records": 49.3, "resid_records": 59.0, "pred_tp1": 46.8, "resid_tp1": 61.5, "pred_tp2": 124.9, "resid_tp2": -16.5, "pred_tp3": 105.2, "resid_tp3": 3.1, "pred_tp4": 105.8, "resid_tp4": 2.5, "pred_tp5": 76.4, "resid_tp5": 31.9, "pred_tp6": 73.8, "resid_tp6": 34.5}}, {"type": "Feature", "geometry": {"type": "Point", "coordinates": [-93.732727, 42.0148742]}, "properties": {"plot_id": "Ames-4232-11-22", "site_id": "Ames", "year": 2022, "actual": 101.58, "pred_records": 49.3, "resid_records": 52.3, "pred_tp1": 62.0, "resid_tp1": 39.6, "pred_tp2": 124.0, "resid_tp2": -22.4, "pred_tp3": 93.4, "resid_tp3": 8.2, "pred_tp4": 92.6, "resid_tp4": 9.0, "pred_tp5": 68.6, "resid_tp5": 32.9, "pred_tp6": 73.5, "resid_tp6": 28.1}}, {"type": "Feature", "geometry": {"type": "Point", "coordinates": [-93.7325416, 42.0148213]}, "properties": {"plot_id": "Ames-4232-12-17", "site_id": "Ames", "year": 2022, "actual": 151.66, "pred_records": 49.3, "resid_records": 102.3, "pred_tp1": 62.9, "resid_tp1": 88.7, "pred_tp2": 123.8, "resid_tp2": 27.9, "pred_tp3": 128.2, "resid_tp3": 23.5, "pred_tp4": 129.0, "resid_tp4": 22.6, "pred_tp5": 103.9, "resid_tp5": 47.8, "pred_tp6": 60.3, "resid_tp6": 91.3}}, {"type": "Feature", "geometry": {"type": "Point", "coordinates": [-93.7326159, 42.0148195]}, "properties": {"plot_id": "Ames-4232-12-19", "site_id": "Ames", "year": 2022, "actual": 111.17, "pred_records": 49.3, "resid_records": 61.8, "pred_tp1": 66.5, "resid_tp1": 44.7, "pred_tp2": 127.1, "resid_tp2": -15.9, "pred_tp3": 120.5, "resid_tp3": -9.3, "pred_tp4": 133.1, "resid_tp4": -21.9, "pred_tp5": 95.6, "resid_tp5": 15.5, "pred_tp6": 63.5, "resid_tp6": 47.7}}, {"type": "Feature", "geometry": {"type": "Point", "coordinates": [-93.7326539, 42.0148193]}, "properties": {"plot_id": "Ames-4232-12-20", "site_id": "Ames", "year": 2022, "actual": 123.19, "pred_records": 49.3, "resid_records": 73.9, "pred_tp1": 70.7, "resid_tp1": 52.4, "pred_tp2": 123.4, "resid_tp2": -0.2, "pred_tp3": 112.5, "resid_tp3": 10.7, "pred_tp4": 105.9, "resid_tp4": 17.3, "pred_tp5": 88.1, "resid_tp5": 35.1, "pred_tp6": 79.5, "resid_tp6": 43.7}}, {"type": "Feature", "geometry": {"type": "Point", "coordinates": [-93.7326902, 42.014819]}, "properties": {"plot_id": "Ames-4232-12-21", "site_id": "Ames", "year": 2022, "actual": 104.49, "pred_records": 60.5, "resid_records": 44.0, "pred_tp1": 68.1, "resid_tp1": 36.4, "pred_tp2": 116.0, "resid_tp2": -11.5, "pred_tp3": 107.4, "resid_tp3": -2.9, "pred_tp4": 102.3, "resid_tp4": 2.2, "pred_tp5": 89.4, "resid_tp5": 15.1, "pred_tp6": 75.2, "resid_tp6": 29.3}}, {"type": "Feature", "geometry": {"type": "Point", "coordinates": [-93.7327264, 42.0148188]}, "properties": {"plot_id": "Ames-4232-12-22", "site_id": "Ames", "year": 2022, "actual": 119.13, "pred_records": 49.3, "resid_records": 69.8, "pred_tp1": 57.9, "resid_tp1": 61.2, "pred_tp2": 101.6, "resid_tp2": 17.5, "pred_tp3": 96.6, "resid_tp3": 22.5, "pred_tp4": 93.4, "resid_tp4": 25.8, "pred_tp5": 69.2, "resid_tp5": 49.9, "pred_tp6": 65.2, "resid_tp6": 54.0}}, {"type": "Feature", "geometry": {"type": "Point", "coordinates": [-93.7325428, 42.0147659]}, "properties": {"plot_id": "Ames-4232-13-17", "site_id": "Ames", "year": 2022, "actual": 150.62, "pred_records": 49.3, "resid_records": 101.3, "pred_tp1": 62.6, "resid_tp1": 88.0, "pred_tp2": 122.5, "resid_tp2": 28.1, "pred_tp3": 119.2, "resid_tp3": 31.4, "pred_tp4": 122.7, "resid_tp4": 27.9, "pred_tp5": 82.7, "resid_tp5": 67.9, "pred_tp6": 36.0, "resid_tp6": 114.6}}, {"type": "Feature", "geometry": {"type": "Point", "coordinates": [-93.732579, 42.0147657]}, "properties": {"plot_id": "Ames-4232-13-18", "site_id": "Ames", "year": 2022, "actual": 188.35, "pred_records": 60.5, "resid_records": 127.9, "pred_tp1": 75.8, "resid_tp1": 112.6, "pred_tp2": 131.7, "resid_tp2": 56.6, "pred_tp3": 130.2, "resid_tp3": 58.1, "pred_tp4": 120.8, "resid_tp4": 67.6, "pred_tp5": 92.0, "resid_tp5": 96.3, "pred_tp6": 65.7, "resid_tp6": 122.6}}, {"type": "Feature", "geometry": {"type": "Point", "coordinates": [-93.7326171, 42.0147641]}, "properties": {"plot_id": "Ames-4232-13-19", "site_id": "Ames", "year": 2022, "actual": 126.8, "pred_records": 49.3, "resid_records": 77.5, "pred_tp1": 71.8, "resid_tp1": 55.0, "pred_tp2": 130.9, "resid_tp2": -4.1, "pred_tp3": 128.8, "resid_tp3": -2.0, "pred_tp4": 131.8, "resid_tp4": -5.0, "pred_tp5": 97.3, "resid_tp5": 29.5, "pred_tp6": 60.2, "resid_tp6": 66.6}}, {"type": "Feature", "geometry": {"type": "Point", "coordinates": [-93.7326533, 42.0147639]}, "properties": {"plot_id": "Ames-4232-13-20", "site_id": "Ames", "year": 2022, "actual": 120.93, "pred_records": 49.3, "resid_records": 71.6, "pred_tp1": 67.0, "resid_tp1": 54.0, "pred_tp2": 123.7, "resid_tp2": -2.8, "pred_tp3": 109.5, "resid_tp3": 11.5, "pred_tp4": 114.7, "resid_tp4": 6.2, "pred_tp5": 79.1, "resid_tp5": 41.8, "pred_tp6": 81.5, "resid_tp6": 39.4}}, {"type": "Feature", "geometry": {"type": "Point", "coordinates": [-93.7326895, 42.0147636]}, "properties": {"plot_id": "Ames-4232-13-21", "site_id": "Ames", "year": 2022, "actual": 129.39, "pred_records": 49.3, "resid_records": 80.1, "pred_tp1": 65.7, "resid_tp1": 63.6, "pred_tp2": 115.7, "resid_tp2": 13.7, "pred_tp3": 115.4, "resid_tp3": 14.0, "pred_tp4": 117.5, "resid_tp4": 11.8, "pred_tp5": 76.2, "resid_tp5": 53.2, "pred_tp6": 67.7, "resid_tp6": 61.7}}, {"type": "Feature", "geometry": {"type": "Point", "coordinates": [-93.7327257, 42.0147634]}, "properties": {"plot_id": "Ames-4232-13-22", "site_id": "Ames", "year": 2022, "actual": 119.16, "pred_records": 49.3, "resid_records": 69.8, "pred_tp1": 73.0, "resid_tp1": 46.1, "pred_tp2": 116.3, "resid_tp2": 2.9, "pred_tp3": 103.3, "resid_tp3": 15.9, "pred_tp4": 103.7, "resid_tp4": 15.5, "pred_tp5": 83.3, "resid_tp5": 35.9, "pred_tp6": 67.7, "resid_tp6": 51.4}}, {"type": "Feature", "geometry": {"type": "Point", "coordinates": [-93.7325422, 42.0147105]}, "properties": {"plot_id": "Ames-4232-14-17", "site_id": "Ames", "year": 2022, "actual": 134.69, "pred_records": 49.3, "resid_records": 85.4, "pred_tp1": 61.7, "resid_tp1": 73.0, "pred_tp2": 122.7, "resid_tp2": 12.0, "pred_tp3": 119.9, "resid_tp3": 14.8, "pred_tp4": 131.1, "resid_tp4": 3.6, "pred_tp5": 101.5, "resid_tp5": 33.2, "pred_tp6": 73.1, "resid_tp6": 61.6}}, {"type": "Feature", "geometry": {"type": "Point", "coordinates": [-93.7325802, 42.0147103]}, "properties": {"plot_id": "Ames-4232-14-18", "site_id": "Ames", "year": 2022, "actual": 140.83, "pred_records": 49.3, "resid_records": 91.5, "pred_tp1": 63.2, "resid_tp1": 77.6, "pred_tp2": 133.1, "resid_tp2": 7.7, "pred_tp3": 104.0, "resid_tp3": 36.8, "pred_tp4": 138.3, "resid_tp4": 2.6, "pred_tp5": 88.8, "resid_tp5": 52.1, "pred_tp6": 61.1, "resid_tp6": 79.8}}, {"type": "Feature", "geometry": {"type": "Point", "coordinates": [-93.7326164, 42.0147101]}, "properties": {"plot_id": "Ames-4232-14-19", "site_id": "Ames", "year": 2022, "actual": 130.63, "pred_records": 49.3, "resid_records": 81.3, "pred_tp1": 62.2, "resid_tp1": 68.4, "pred_tp2": 127.4, "resid_tp2": 3.2, "pred_tp3": 73.7, "resid_tp3": 56.9, "pred_tp4": 117.8, "resid_tp4": 12.9, "pred_tp5": 86.9, "resid_tp5": 43.7, "pred_tp6": 65.8, "resid_tp6": 64.9}}, {"type": "Feature", "geometry": {"type": "Point", "coordinates": [-93.7326527, 42.0147098]}, "properties": {"plot_id": "Ames-4232-14-20", "site_id": "Ames", "year": 2022, "actual": 123.31, "pred_records": 49.3, "resid_records": 74.0, "pred_tp1": 74.8, "resid_tp1": 48.5, "pred_tp2": 131.9, "resid_tp2": -8.6, "pred_tp3": 120.3, "resid_tp3": 3.0, "pred_tp4": 128.4, "resid_tp4": -5.1, "pred_tp5": 91.9, "resid_tp5": 31.4, "pred_tp6": 66.7, "resid_tp6": 56.6}}, {"type": "Feature", "geometry": {"type": "Point", "coordinates": [-93.7326889, 42.0147096]}, "properties": {"plot_id": "Ames-4232-14-21", "site_id": "Ames", "year": 2022, "actual": 103.9, "pred_records": 49.3, "resid_records": 54.6, "pred_tp1": 58.7, "resid_tp1": 45.2, "pred_tp2": 122.9, "resid_tp2": -19.0, "pred_tp3": 119.2, "resid_tp3": -15.3, "pred_tp4": 107.9, "resid_tp4": -4.0, "pred_tp5": 80.9, "resid_tp5": 23.0, "pred_tp6": 76.7, "resid_tp6": 27.2}}, {"type": "Feature", "geometry": {"type": "Point", "coordinates": [-93.7327251, 42.0147094]}, "properties": {"plot_id": "Ames-4232-14-22", "site_id": "Ames", "year": 2022, "actual": 136.46, "pred_records": 97.0, "resid_records": 39.5, "pred_tp1": 87.5, "resid_tp1": 48.9, "pred_tp2": 130.2, "resid_tp2": 6.3, "pred_tp3": 110.4, "resid_tp3": 26.0, "pred_tp4": 121.6, "resid_tp4": 14.8, "pred_tp5": 94.5, "resid_tp5": 41.9, "pred_tp6": 67.6, "resid_tp6": 68.9}}, {"type": "Feature", "geometry": {"type": "Point", "coordinates": [-93.7325434, 42.0146565]}, "properties": {"plot_id": "Ames-4232-15-17", "site_id": "Ames", "year": 2022, "actual": 145.61, "pred_records": 49.3, "resid_records": 96.3, "pred_tp1": 55.9, "resid_tp1": 89.7, "pred_tp2": 126.2, "resid_tp2": 19.4, "pred_tp3": 110.3, "resid_tp3": 35.3, "pred_tp4": 125.9, "resid_tp4": 19.7, "pred_tp5": 89.1, "resid_tp5": 56.5, "pred_tp6": 60.1, "resid_tp6": 85.5}}, {"type": "Feature", "geometry": {"type": "Point", "coordinates": [-93.7325796, 42.0146563]}, "properties": {"plot_id": "Ames-4232-15-18", "site_id": "Ames", "year": 2022, "actual": 150.69, "pred_records": 49.3, "resid_records": 101.4, "pred_tp1": 73.1, "resid_tp1": 77.6, "pred_tp2": 126.3, "resid_tp2": 24.4, "pred_tp3": 127.6, "resid_tp3": 23.1, "pred_tp4": 122.8, "resid_tp4": 27.9, "pred_tp5": 98.6, "resid_tp5": 52.1, "pred_tp6": 75.8, "resid_tp6": 74.9}}, {"type": "Feature", "geometry": {"type": "Point", "coordinates": [-93.7326158, 42.014656]}, "properties": {"plot_id": "Ames-4232-15-19", "site_id": "Ames", "year": 2022, "actual": 66.25, "pred_records": 49.3, "resid_records": 16.9, "pred_tp1": 63.9, "resid_tp1": 2.4, "pred_tp2": 122.7, "resid_tp2": -56.4, "pred_tp3": 94.0, "resid_tp3": -27.8, "pred_tp4": 90.3, "resid_tp4": -24.1, "pred_tp5": 65.2, "resid_tp5": 1.1, "pred_tp6": 75.5, "resid_tp6": -9.3}}, {"type": "Feature", "geometry": {"type": "Point", "coordinates": [-93.732652, 42.0146558]}, "properties": {"plot_id": "Ames-4232-15-20", "site_id": "Ames", "year": 2022, "actual": 150.82, "pred_records": 49.3, "resid_records": 101.5, "pred_tp1": 54.2, "resid_tp1": 96.6, "pred_tp2": 122.1, "resid_tp2": 28.7, "pred_tp3": 106.5, "resid_tp3": 44.3, "pred_tp4": 91.0, "resid_tp4": 59.9, "pred_tp5": 88.2, "resid_tp5": 62.6, "pred_tp6": 78.3, "resid_tp6": 72.5}}, {"type": "Feature", "geometry": {"type": "Point", "coordinates": [-93.7326901, 42.0146556]}, "properties": {"plot_id": "Ames-4232-15-21", "site_id": "Ames", "year": 2022, "actual": 89.17, "pred_records": 49.3, "resid_records": 39.8, "pred_tp1": 52.5, "resid_tp1": 36.7, "pred_tp2": 123.2, "resid_tp2": -34.0, "pred_tp3": 110.3, "resid_tp3": -21.2, "pred_tp4": 106.8, "resid_tp4": -17.6, "pred_tp5": 89.4, "resid_tp5": -0.3, "pred_tp6": 79.0, "resid_tp6": 10.2}}, {"type": "Feature", "geometry": {"type": "Point", "coordinates": [-93.7327263, 42.0146553]}, "properties": {"plot_id": "Ames-4232-15-22", "site_id": "Ames", "year": 2022, "actual": 109.01, "pred_records": 49.3, "resid_records": 59.7, "pred_tp1": 64.4, "resid_tp1": 44.7, "pred_tp2": 112.7, "resid_tp2": -3.7, "pred_tp3": 108.7, "resid_tp3": 0.3, "pred_tp4": 109.2, "resid_tp4": -0.2, "pred_tp5": 83.4, "resid_tp5": 25.6, "pred_tp6": 75.5, "resid_tp6": 33.6}}, {"type": "Feature", "geometry": {"type": "Point", "coordinates": [-93.7325427, 42.0146025]}, "properties": {"plot_id": "Ames-4232-16-17", "site_id": "Ames", "year": 2022, "actual": 162.52, "pred_records": 49.3, "resid_records": 113.2, "pred_tp1": 53.8, "resid_tp1": 108.7, "pred_tp2": 122.7, "resid_tp2": 39.8, "pred_tp3": 113.5, "resid_tp3": 49.0, "pred_tp4": 124.9, "resid_tp4": 37.6, "pred_tp5": 84.3, "resid_tp5": 78.2, "pred_tp6": 45.9, "resid_tp6": 116.6}}, {"type": "Feature", "geometry": {"type": "Point", "coordinates": [-93.732579, 42.0146022]}, "properties": {"plot_id": "Ames-4232-16-18", "site_id": "Ames", "year": 2022, "actual": 180.16, "pred_records": 49.3, "resid_records": 130.8, "pred_tp1": 61.0, "resid_tp1": 119.1, "pred_tp2": 122.7, "resid_tp2": 57.4, "pred_tp3": 119.8, "resid_tp3": 60.3, "pred_tp4": 123.5, "resid_tp4": 56.7, "pred_tp5": 93.2, "resid_tp5": 87.0, "pred_tp6": 51.2, "resid_tp6": 128.9}}, {"type": "Feature", "geometry": {"type": "Point", "coordinates": [-93.7326152, 42.014602]}, "properties": {"plot_id": "Ames-4232-16-19", "site_id": "Ames", "year": 2022, "actual": 184.49, "pred_records": 89.6, "resid_records": 94.9, "pred_tp1": 86.7, "resid_tp1": 97.8, "pred_tp2": 140.1, "resid_tp2": 44.4, "pred_tp3": 131.2, "resid_tp3": 53.3, "pred_tp4": 145.9, "resid_tp4": 38.6, "pred_tp5": 102.7, "resid_tp5": 81.8, "pred_tp6": 68.9, "resid_tp6": 115.6}}, {"type": "Feature", "geometry": {"type": "Point", "coordinates": [-93.7326532, 42.0146018]}, "properties": {"plot_id": "Ames-4232-16-20", "site_id": "Ames", "year": 2022, "actual": 140.47, "pred_records": 49.3, "resid_records": 91.1, "pred_tp1": 62.5, "resid_tp1": 77.9, "pred_tp2": 126.2, "resid_tp2": 14.2, "pred_tp3": 122.9, "resid_tp3": 17.6, "pred_tp4": 126.0, "resid_tp4": 14.4, "pred_tp5": 98.3, "resid_tp5": 42.2, "pred_tp6": 71.6, "resid_tp6": 68.8}}, {"type": "Feature", "geometry": {"type": "Point", "coordinates": [-93.7325783, 42.0145468]}, "properties": {"plot_id": "Ames-4232-17-18", "site_id": "Ames", "year": 2022, "actual": 155.95, "pred_records": 49.3, "resid_records": 106.6, "pred_tp1": 67.5, "resid_tp1": 88.5, "pred_tp2": 135.1, "resid_tp2": 20.8, "pred_tp3": 114.6, "resid_tp3": 41.4, "pred_tp4": 126.1, "resid_tp4": 29.9, "pred_tp5": 91.1, "resid_tp5": 64.8, "pred_tp6": 58.4, "resid_tp6": 97.6}}, {"type": "Feature", "geometry": {"type": "Point", "coordinates": [-93.7326164, 42.0145466]}, "properties": {"plot_id": "Ames-4232-17-19", "site_id": "Ames", "year": 2022, "actual": 158.58, "pred_records": 49.3, "resid_records": 109.3, "pred_tp1": 66.6, "resid_tp1": 92.0, "pred_tp2": 128.8, "resid_tp2": 29.8, "pred_tp3": 126.9, "resid_tp3": 31.7, "pred_tp4": 139.5, "resid_tp4": 19.1, "pred_tp5": 109.2, "resid_tp5": 49.4, "pred_tp6": 84.7, "resid_tp6": 73.9}}, {"type": "Feature", "geometry": {"type": "Point", "coordinates": [-93.7326526, 42.0145464]}, "properties": {"plot_id": "Ames-4232-17-20", "site_id": "Ames", "year": 2022, "actual": 166.82, "pred_records": 81.2, "resid_records": 85.6, "pred_tp1": 71.5, "resid_tp1": 95.3, "pred_tp2": 131.0, "resid_tp2": 35.8, "pred_tp3": 130.6, "resid_tp3": 36.3, "pred_tp4": 140.4, "resid_tp4": 26.4, "pred_tp5": 102.1, "resid_tp5": 64.7, "pred_tp6": 69.3, "resid_tp6": 97.5}}, {"type": "Feature", "geometry": {"type": "Point", "coordinates": [-93.7326906, 42.0145461]}, "properties": {"plot_id": "Ames-4232-17-21", "site_id": "Ames", "year": 2022, "actual": 93.65, "pred_records": 49.3, "resid_records": 44.3, "pred_tp1": 57.0, "resid_tp1": 36.7, "pred_tp2": 118.8, "resid_tp2": -25.2, "pred_tp3": 106.3, "resid_tp3": -12.6, "pred_tp4": 85.6, "resid_tp4": 8.0, "pred_tp5": 81.4, "resid_tp5": 12.2, "pred_tp6": 76.8, "resid_tp6": 16.9}}, {"type": "Feature", "geometry": {"type": "Point", "coordinates": [-93.7327269, 42.0145459]}, "properties": {"plot_id": "Ames-4232-17-22", "site_id": "Ames", "year": 2022, "actual": 113.73, "pred_records": 49.3, "resid_records": 64.4, "pred_tp1": 55.2, "resid_tp1": 58.5, "pred_tp2": 113.8, "resid_tp2": -0.0, "pred_tp3": 88.6, "resid_tp3": 25.1, "pred_tp4": 92.5, "resid_tp4": 21.2, "pred_tp5": 79.4, "resid_tp5": 34.3, "pred_tp6": 74.9, "resid_tp6": 38.9}}, {"type": "Feature", "geometry": {"type": "Point", "coordinates": [-93.7325415, 42.0144917]}, "properties": {"plot_id": "Ames-4232-18-17", "site_id": "Ames", "year": 2022, "actual": 173.03, "pred_records": 49.3, "resid_records": 123.7, "pred_tp1": 48.0, "resid_tp1": 125.1, "pred_tp2": 121.6, "resid_tp2": 51.4, "pred_tp3": 114.6, "resid_tp3": 58.4, "pred_tp4": 125.7, "resid_tp4": 47.3, "pred_tp5": 86.5, "resid_tp5": 86.5, "pred_tp6": 39.2, "resid_tp6": 133.8}}, {"type": "Feature", "geometry": {"type": "Point", "coordinates": [-93.7325795, 42.0144915]}, "properties": {"plot_id": "Ames-4232-18-18", "site_id": "Ames", "year": 2022, "actual": 135.26, "pred_records": 49.3, "resid_records": 85.9, "pred_tp1": 46.9, "resid_tp1": 88.3, "pred_tp2": 122.4, "resid_tp2": 12.8, "pred_tp3": 117.7, "resid_tp3": 17.5, "pred_tp4": 129.3, "resid_tp4": 6.0, "pred_tp5": 80.2, "resid_tp5": 55.1, "pred_tp6": 76.8, "resid_tp6": 58.4}}, {"type": "Feature", "geometry": {"type": "Point", "coordinates": [-93.7326157, 42.0144912]}, "properties": {"plot_id": "Ames-4232-18-19", "site_id": "Ames", "year": 2022, "actual": 119.39, "pred_records": 49.3, "resid_records": 70.1, "pred_tp1": 68.2, "resid_tp1": 51.2, "pred_tp2": 126.4, "resid_tp2": -7.0, "pred_tp3": 125.9, "resid_tp3": -6.5, "pred_tp4": 129.2, "resid_tp4": -9.8, "pred_tp5": 89.9, "resid_tp5": 29.5, "pred_tp6": 71.5, "resid_tp6": 47.9}}, {"type": "Feature", "geometry": {"type": "Point", "coordinates": [-93.73269, 42.0144907]}, "properties": {"plot_id": "Ames-4232-18-21", "site_id": "Ames", "year": 2022, "actual": 127.58, "pred_records": 49.3, "resid_records": 78.3, "pred_tp1": 62.9, "resid_tp1": 64.7, "pred_tp2": 130.8, "resid_tp2": -3.2, "pred_tp3": 119.2, "resid_tp3": 8.4, "pred_tp4": 130.8, "resid_tp4": -3.2, "pred_tp5": 99.1, "resid_tp5": 28.4, "pred_tp6": 80.7, "resid_tp6": 46.9}}, {"type": "Feature", "geometry": {"type": "Point", "coordinates": [-93.7327262, 42.0144905]}, "properties": {"plot_id": "Ames-4232-18-22", "site_id": "Ames", "year": 2022, "actual": 100.53, "pred_records": 49.3, "resid_records": 51.2, "pred_tp1": 65.8, "resid_tp1": 34.7, "pred_tp2": 136.5, "resid_tp2": -36.0, "pred_tp3": 122.4, "resid_tp3": -21.8, "pred_tp4": 130.4, "resid_tp4": -29.9, "pred_tp5": 82.0, "resid_tp5": 18.5, "pred_tp6": 75.1, "resid_tp6": 25.5}}, {"type": "Feature", "geometry": {"type": "Point", "coordinates": [-93.7325427, 42.0144376]}, "properties": {"plot_id": "Ames-4232-19-17", "site_id": "Ames", "year": 2022, "actual": 117.72, "pred_records": 49.3, "resid_records": 68.4, "pred_tp1": 37.7, "resid_tp1": 80.1, "pred_tp2": 122.2, "resid_tp2": -4.5, "pred_tp3": 108.6, "resid_tp3": 9.1, "pred_tp4": 122.0, "resid_tp4": -4.3, "pred_tp5": 84.5, "resid_tp5": 33.2, "pred_tp6": 38.7, "resid_tp6": 79.0}}, {"type": "Feature", "geometry": {"type": "Point", "coordinates": [-93.7325789, 42.0144374]}, "properties": {"plot_id": "Ames-4232-19-18", "site_id": "Ames", "year": 2022, "actual": 169.91, "pred_records": 49.3, "resid_records": 120.6, "pred_tp1": 51.8, "resid_tp1": 118.1, "pred_tp2": 121.9, "resid_tp2": 48.0, "pred_tp3": 111.1, "resid_tp3": 58.8, "pred_tp4": 124.5, "resid_tp4": 45.4, "pred_tp5": 84.6, "resid_tp5": 85.3, "pred_tp6": 40.7, "resid_tp6": 129.2}}, {"type": "Feature", "geometry": {"type": "Point", "coordinates": [-93.7326169, 42.0144372]}, "properties": {"plot_id": "Ames-4232-19-19", "site_id": "Ames", "year": 2022, "actual": 118.15, "pred_records": 49.3, "resid_records": 68.8, "pred_tp1": 66.0, "resid_tp1": 52.1, "pred_tp2": 128.1, "resid_tp2": -9.9, "pred_tp3": 107.9, "resid_tp3": 10.3, "pred_tp4": 126.6, "resid_tp4": -8.5, "pred_tp5": 95.5, "resid_tp5": 22.6, "pred_tp6": 88.4, "resid_tp6": 29.7}}, {"type": "Feature", "geometry": {"type": "Point", "coordinates": [-93.7326532, 42.0144369]}, "properties": {"plot_id": "Ames-4232-19-20", "site_id": "Ames", "year": 2022, "actual": 155.01, "pred_records": 49.3, "resid_records": 105.7, "pred_tp1": 54.0, "resid_tp1": 101.0, "pred_tp2": 121.6, "resid_tp2": 33.5, "pred_tp3": 121.2, "resid_tp3": 33.9, "pred_tp4": 129.1, "resid_tp4": 26.0, "pred_tp5": 85.7, "resid_tp5": 69.3, "pred_tp6": 74.0, "resid_tp6": 81.0}}, {"type": "Feature", "geometry": {"type": "Point", "coordinates": [-93.7326894, 42.0144367]}, "properties": {"plot_id": "Ames-4232-19-21", "site_id": "Ames", "year": 2022, "actual": 164.15, "pred_records": 97.0, "resid_records": 67.1, "pred_tp1": 83.9, "resid_tp1": 80.3, "pred_tp2": 142.5, "resid_tp2": 21.7, "pred_tp3": 127.0, "resid_tp3": 37.1, "pred_tp4": 137.1, "resid_tp4": 27.0, "pred_tp5": 107.1, "resid_tp5": 57.1, "pred_tp6": 68.7, "resid_tp6": 95.4}}, {"type": "Feature", "geometry": {"type": "Point", "coordinates": [-93.7327256, 42.0144365]}, "properties": {"plot_id": "Ames-4232-19-22", "site_id": "Ames", "year": 2022, "actual": 112.01, "pred_records": 49.3, "resid_records": 62.7, "pred_tp1": 65.3, "resid_tp1": 46.7, "pred_tp2": 124.7, "resid_tp2": -12.7, "pred_tp3": 119.4, "resid_tp3": -7.4, "pred_tp4": 122.3, "resid_tp4": -10.3, "pred_tp5": 96.5, "resid_tp5": 15.5, "pred_tp6": 81.0, "resid_tp6": 31.0}}, {"type": "Feature", "geometry": {"type": "Point", "coordinates": [-93.7325425, 42.0153671]}, "properties": {"plot_id": "Ames-4232-2-17", "site_id": "Ames", "year": 2022, "actual": 137.19, "pred_records": 49.3, "resid_records": 87.9, "pred_tp1": 58.5, "resid_tp1": 78.7, "pred_tp2": 104.2, "resid_tp2": 33.0, "pred_tp3": 89.5, "resid_tp3": 47.7, "pred_tp4": 84.0, "resid_tp4": 53.2, "pred_tp5": 72.5, "resid_tp5": 64.6, "pred_tp6": 52.6, "resid_tp6": 84.5}}, {"type": "Feature", "geometry": {"type": "Point", "coordinates": [-93.7325787, 42.0153669]}, "properties": {"plot_id": "Ames-4232-2-18", "site_id": "Ames", "year": 2022, "actual": 119.07, "pred_records": 49.3, "resid_records": 69.7, "pred_tp1": 65.1, "resid_tp1": 54.0, "pred_tp2": 100.6, "resid_tp2": 18.5, "pred_tp3": 81.3, "resid_tp3": 37.8, "pred_tp4": 57.5, "resid_tp4": 61.6, "pred_tp5": 64.2, "resid_tp5": 54.8, "pred_tp6": 51.4, "resid_tp6": 67.7}}, {"type": "Feature", "geometry": {"type": "Point", "coordinates": [-93.7326167, 42.0153667]}, "properties": {"plot_id": "Ames-4232-2-19", "site_id": "Ames", "year": 2022, "actual": 99.15, "pred_records": 61.4, "resid_records": 37.7, "pred_tp1": 64.9, "resid_tp1": 34.2, "pred_tp2": 105.4, "resid_tp2": -6.2, "pred_tp3": 87.4, "resid_tp3": 11.8, "pred_tp4": 55.6, "resid_tp4": 43.5, "pred_tp5": 52.9, "resid_tp5": 46.3, "pred_tp6": 53.8, "resid_tp6": 45.3}}, {"type": "Feature", "geometry": {"type": "Point", "coordinates": [-93.732653, 42.0153664]}, "properties": {"plot_id": "Ames-4232-2-20", "site_id": "Ames", "year": 2022, "actual": 115.09, "pred_records": 49.3, "resid_records": 65.8, "pred_tp1": 50.1, "resid_tp1": 65.0, "pred_tp2": 104.3, "resid_tp2": 10.8, "pred_tp3": 81.1, "resid_tp3": 34.0, "pred_tp4": 60.5, "resid_tp4": 54.6, "pred_tp5": 64.2, "resid_tp5": 50.9, "pred_tp6": 51.5, "resid_tp6": 63.5}}, {"type": "Feature", "geometry": {"type": "Point", "coordinates": [-93.7327254, 42.0153646]}, "properties": {"plot_id": "Ames-4232-2-22", "site_id": "Ames", "year": 2022, "actual": 77.09, "pred_records": 49.3, "resid_records": 27.8, "pred_tp1": 45.2, "resid_tp1": 31.9, "pred_tp2": 88.9, "resid_tp2": -11.8, "pred_tp3": 79.6, "resid_tp3": -2.5, "pred_tp4": 60.9, "resid_tp4": 16.1, "pred_tp5": 55.2, "resid_tp5": 21.9, "pred_tp6": 47.1, "resid_tp6": 30.0}}, {"type": "Feature", "geometry": {"type": "Point", "coordinates": [-93.732542, 42.0143836]}, "properties": {"plot_id": "Ames-4232-20-17", "site_id": "Ames", "year": 2022, "actual": 89.17, "pred_records": 50.1, "resid_records": 39.1, "pred_tp1": 50.3, "resid_tp1": 38.9, "pred_tp2": 124.3, "resid_tp2": -35.2, "pred_tp3": 119.9, "resid_tp3": -30.8, "pred_tp4": 149.8, "resid_tp4": -60.7, "pred_tp5": 93.3, "resid_tp5": -4.2, "pred_tp6": 63.0, "resid_tp6": 26.2}}, {"type": "Feature", "geometry": {"type": "Point", "coordinates": [-93.7325801, 42.0143834]}, "properties": {"plot_id": "Ames-4232-20-18", "site_id": "Ames", "year": 2022, "actual": 188.81, "pred_records": 49.3, "resid_records": 139.5, "pred_tp1": 66.4, "resid_tp1": 122.4, "pred_tp2": 133.7, "resid_tp2": 55.1, "pred_tp3": 127.8, "resid_tp3": 61.0, "pred_tp4": 133.9, "resid_tp4": 54.9, "pred_tp5": 88.7, "resid_tp5": 100.1, "pred_tp6": 59.2, "resid_tp6": 129.6}}, {"type": "Feature", "geometry": {"type": "Point", "coordinates": [-93.7326163, 42.0143831]}, "properties": {"plot_id": "Ames-4232-20-19", "site_id": "Ames", "year": 2022, "actual": 126.3, "pred_records": 49.3, "resid_records": 77.0, "pred_tp1": 68.5, "resid_tp1": 57.8, "pred_tp2": 130.3, "resid_tp2": -4.0, "pred_tp3": 127.1, "resid_tp3": -0.8, "pred_tp4": 125.7, "resid_tp4": 0.6, "pred_tp5": 100.5, "resid_tp5": 25.8, "pred_tp6": 73.1, "resid_tp6": 53.2}}, {"type": "Feature", "geometry": {"type": "Point", "coordinates": [-93.7326525, 42.0143829]}, "properties": {"plot_id": "Ames-4232-20-20", "site_id": "Ames", "year": 2022, "actual": 112.23, "pred_records": 49.3, "resid_records": 62.9, "pred_tp1": 53.3, "resid_tp1": 58.9, "pred_tp2": 118.1, "resid_tp2": -5.9, "pred_tp3": 113.4, "resid_tp3": -1.2, "pred_tp4": 112.5, "resid_tp4": -0.3, "pred_tp5": 91.7, "resid_tp5": 20.5, "pred_tp6": 78.8, "resid_tp6": 33.5}}, {"type": "Feature", "geometry": {"type": "Point", "coordinates": [-93.7326888, 42.0143827]}, "properties": {"plot_id": "Ames-4232-20-21", "site_id": "Ames", "year": 2022, "actual": 137.78, "pred_records": 49.3, "resid_records": 88.5, "pred_tp1": 65.0, "resid_tp1": 72.8, "pred_tp2": 126.3, "resid_tp2": 11.5, "pred_tp3": 115.0, "resid_tp3": 22.7, "pred_tp4": 124.4, "resid_tp4": 13.3, "pred_tp5": 90.3, "resid_tp5": 47.5, "pred_tp6": 81.3, "resid_tp6": 56.4}}, {"type": "Feature", "geometry": {"type": "Point", "coordinates": [-93.7327268, 42.0143824]}, "properties": {"plot_id": "Ames-4232-20-22", "site_id": "Ames", "year": 2022, "actual": 101.98, "pred_records": 49.3, "resid_records": 52.7, "pred_tp1": 58.2, "resid_tp1": 43.8, "pred_tp2": 118.8, "resid_tp2": -16.9, "pred_tp3": 117.9, "resid_tp3": -15.9, "pred_tp4": 107.4, "resid_tp4": -5.4, "pred_tp5": 79.2, "resid_tp5": 22.8, "pred_tp6": 70.0, "resid_tp6": 32.0}}, {"type": "Feature", "geometry": {"type": "Point", "coordinates": [-93.7325432, 42.0143296]}, "properties": {"plot_id": "Ames-4232-21-17", "site_id": "Ames", "year": 2022, "actual": 181.64, "pred_records": 49.3, "resid_records": 132.3, "pred_tp1": 45.8, "resid_tp1": 135.9, "pred_tp2": 119.6, "resid_tp2": 62.0, "pred_tp3": 108.4, "resid_tp3": 73.3, "pred_tp4": 122.2, "resid_tp4": 59.4, "pred_tp5": 92.5, "resid_tp5": 89.1, "pred_tp6": 47.8, "resid_tp6": 133.8}}, {"type": "Feature", "geometry": {"type": "Point", "coordinates": [-93.7325795, 42.0143293]}, "properties": {"plot_id": "Ames-4232-21-18", "site_id": "Ames", "year": 2022, "actual": 161.72, "pred_records": 49.3, "resid_records": 112.4, "pred_tp1": 58.0, "resid_tp1": 103.7, "pred_tp2": 126.3, "resid_tp2": 35.4, "pred_tp3": 118.3, "resid_tp3": 43.4, "pred_tp4": 120.9, "resid_tp4": 40.8, "pred_tp5": 98.4, "resid_tp5": 63.4, "pred_tp6": 66.2, "resid_tp6": 95.5}}, {"type": "Feature", "geometry": {"type": "Point", "coordinates": [-93.7326157, 42.0143291]}, "properties": {"plot_id": "Ames-4232-21-19", "site_id": "Ames", "year": 2022, "actual": 95.94, "pred_records": 49.3, "resid_records": 46.6, "pred_tp1": 61.1, "resid_tp1": 34.8, "pred_tp2": 124.1, "resid_tp2": -28.1, "pred_tp3": 112.5, "resid_tp3": -16.6, "pred_tp4": 111.4, "resid_tp4": -15.5, "pred_tp5": 87.4, "resid_tp5": 8.6, "pred_tp6": 77.6, "resid_tp6": 18.4}}, {"type": "Feature", "geometry": {"type": "Point", "coordinates": [-93.7326519, 42.0143289]}, "properties": {"plot_id": "Ames-4232-21-20", "site_id": "Ames", "year": 2022, "actual": 119.96, "pred_records": 49.3, "resid_records": 70.6, "pred_tp1": 53.8, "resid_tp1": 66.1, "pred_tp2": 119.0, "resid_tp2": 0.9, "pred_tp3": 108.3, "resid_tp3": 11.7, "pred_tp4": 111.0, "resid_tp4": 8.9, "pred_tp5": 74.4, "resid_tp5": 45.5, "pred_tp6": 67.6, "resid_tp6": 52.4}}, {"type": "Feature", "geometry": {"type": "Point", "coordinates": [-93.73269, 42.0143286]}, "properties": {"plot_id": "Ames-4232-21-21", "site_id": "Ames", "year": 2022, "actual": 40.95, "pred_records": 49.3, "resid_records": -8.4, "pred_tp1": 34.0, "resid_tp1": 7.0, "pred_tp2": 118.4, "resid_tp2": -77.5, "pred_tp3": 97.2, "resid_tp3": -56.3, "pred_tp4": 97.7, "resid_tp4": -56.7, "pred_tp5": 73.1, "resid_tp5": -32.1, "pred_tp6": 52.5, "resid_tp6": -11.6}}, {"type": "Feature", "geometry": {"type": "Point", "coordinates": [-93.7327262, 42.0143284]}, "properties": {"plot_id": "Ames-4232-21-22", "site_id": "Ames", "year": 2022, "actual": 99.33, "pred_records": 49.3, "resid_records": 50.0, "pred_tp1": 43.4, "resid_tp1": 55.9, "pred_tp2": 101.0, "resid_tp2": -1.7, "pred_tp3": 101.5, "resid_tp3": -2.2, "pred_tp4": 85.6, "resid_tp4": 13.7, "pred_tp5": 69.3, "resid_tp5": 30.0, "pred_tp6": 62.7, "resid_tp6": 36.7}}, {"type": "Feature", "geometry": {"type": "Point", "coordinates": [-93.7325426, 42.0142742]}, "properties": {"plot_id": "Ames-4232-22-17", "site_id": "Ames", "year": 2022, "actual": 138.53, "pred_records": 49.3, "resid_records": 89.2, "pred_tp1": 46.2, "resid_tp1": 92.3, "pred_tp2": 117.3, "resid_tp2": 21.3, "pred_tp3": 109.6, "resid_tp3": 28.9, "pred_tp4": 122.9, "resid_tp4": 15.7, "pred_tp5": 84.3, "resid_tp5": 54.2, "pred_tp6": 45.3, "resid_tp6": 93.2}}, {"type": "Feature", "geometry": {"type": "Point", "coordinates": [-93.7325788, 42.0142739]}, "properties": {"plot_id": "Ames-4232-22-18", "site_id": "Ames", "year": 2022, "actual": 188.11, "pred_records": 49.3, "resid_records": 138.8, "pred_tp1": 71.2, "resid_tp1": 116.9, "pred_tp2": 123.8, "resid_tp2": 64.3, "pred_tp3": 107.4, "resid_tp3": 80.7, "pred_tp4": 132.3, "resid_tp4": 55.8, "pred_tp5": 95.4, "resid_tp5": 92.7, "pred_tp6": 68.9, "resid_tp6": 119.2}}, {"type": "Feature", "geometry": {"type": "Point", "coordinates": [-93.7326151, 42.0142737]}, "properties": {"plot_id": "Ames-4232-22-19", "site_id": "Ames", "year": 2022, "actual": 114.01, "pred_records": 49.3, "resid_records": 64.7, "pred_tp1": 41.8, "resid_tp1": 72.2, "pred_tp2": 114.7, "resid_tp2": -0.6, "pred_tp3": 104.2, "resid_tp3": 9.8, "pred_tp4": 103.1, "resid_tp4": 10.9, "pred_tp5": 87.7, "resid_tp5": 26.3, "pred_tp6": 75.3, "resid_tp6": 38.8}}, {"type": "Feature", "geometry": {"type": "Point", "coordinates": [-93.7326531, 42.0142735]}, "properties": {"plot_id": "Ames-4232-22-20", "site_id": "Ames", "year": 2022, "actual": 119.28, "pred_records": 59.1, "resid_records": 60.1, "pred_tp1": 69.8, "resid_tp1": 49.5, "pred_tp2": 120.1, "resid_tp2": -0.8, "pred_tp3": 90.9, "resid_tp3": 28.3, "pred_tp4": 87.7, "resid_tp4": 31.6, "pred_tp5": 72.3, "resid_tp5": 46.9, "pred_tp6": 70.1, "resid_tp6": 49.2}}, {"type": "Feature", "geometry": {"type": "Point", "coordinates": [-93.7326893, 42.0142732]}, "properties": {"plot_id": "Ames-4232-22-21", "site_id": "Ames", "year": 2022, "actual": 156.05, "pred_records": 49.3, "resid_records": 106.7, "pred_tp1": 50.4, "resid_tp1": 105.6, "pred_tp2": 120.3, "resid_tp2": 35.8, "pred_tp3": 117.6, "resid_tp3": 38.4, "pred_tp4": 115.2, "resid_tp4": 40.8, "pred_tp5": 82.6, "resid_tp5": 73.5, "pred_tp6": 53.8, "resid_tp6": 102.2}}, {"type": "Feature", "geometry": {"type": "Point", "coordinates": [-93.7327274, 42.014273]}, "properties": {"plot_id": "Ames-4232-22-22", "site_id": "Ames", "year": 2022, "actual": 115.67, "pred_records": 49.3, "resid_records": 66.3, "pred_tp1": 49.7, "resid_tp1": 66.0, "pred_tp2": 91.3, "resid_tp2": 24.4, "pred_tp3": 108.7, "resid_tp3": 7.0, "pred_tp4": 88.3, "resid_tp4": 27.4, "pred_tp5": 74.2, "resid_tp5": 41.4, "pred_tp6": 71.2, "resid_tp6": 44.5}}, {"type": "Feature", "geometry": {"type": "Point", "coordinates": [-93.732542, 42.0142188]}, "properties": {"plot_id": "Ames-4232-23-17", "site_id": "Ames", "year": 2022, "actual": 150.25, "pred_records": 49.3, "resid_records": 100.9, "pred_tp1": 78.4, "resid_tp1": 71.8, "pred_tp2": 139.4, "resid_tp2": 10.9, "pred_tp3": 129.8, "resid_tp3": 20.5, "pred_tp4": 123.8, "resid_tp4": 26.5, "pred_tp5": 87.4, "resid_tp5": 62.8, "pred_tp6": 52.5, "resid_tp6": 97.8}}, {"type": "Feature", "geometry": {"type": "Point", "coordinates": [-93.7325782, 42.0142186]}, "properties": {"plot_id": "Ames-4232-23-18", "site_id": "Ames", "year": 2022, "actual": 135.23, "pred_records": 49.3, "resid_records": 85.9, "pred_tp1": 63.4, "resid_tp1": 71.8, "pred_tp2": 127.7, "resid_tp2": 7.5, "pred_tp3": 98.3, "resid_tp3": 36.9, "pred_tp4": 106.3, "resid_tp4": 28.9, "pred_tp5": 83.4, "resid_tp5": 51.8, "pred_tp6": 53.3, "resid_tp6": 81.9}}, {"type": "Feature", "geometry": {"type": "Point", "coordinates": [-93.7326162, 42.0142183]}, "properties": {"plot_id": "Ames-4232-23-19", "site_id": "Ames", "year": 2022, "actual": 64.96, "pred_records": 49.3, "resid_records": 15.6, "pred_tp1": 73.2, "resid_tp1": -8.2, "pred_tp2": 113.3, "resid_tp2": -48.3, "pred_tp3": 90.8, "resid_tp3": -25.9, "pred_tp4": 81.8, "resid_tp4": -16.8, "pred_tp5": 57.9, "resid_tp5": 7.1, "pred_tp6": 71.2, "resid_tp6": -6.3}}, {"type": "Feature", "geometry": {"type": "Point", "coordinates": [-93.7326525, 42.0142181]}, "properties": {"plot_id": "Ames-4232-23-20", "site_id": "Ames", "year": 2022, "actual": 98.63, "pred_records": 49.3, "resid_records": 49.3, "pred_tp1": 64.5, "resid_tp1": 34.2, "pred_tp2": 115.2, "resid_tp2": -16.6, "pred_tp3": 76.0, "resid_tp3": 22.7, "pred_tp4": 77.6, "resid_tp4": 21.0, "pred_tp5": 58.7, "resid_tp5": 39.9, "pred_tp6": 69.1, "resid_tp6": 29.5}}, {"type": "Feature", "geometry": {"type": "Point", "coordinates": [-93.7326905, 42.0142178]}, "properties": {"plot_id": "Ames-4232-23-21", "site_id": "Ames", "year": 2022, "actual": 107.39, "pred_records": 61.4, "resid_records": 46.0, "pred_tp1": 62.2, "resid_tp1": 45.2, "pred_tp2": 118.3, "resid_tp2": -10.9, "pred_tp3": 86.7, "resid_tp3": 20.7, "pred_tp4": 86.3, "resid_tp4": 21.1, "pred_tp5": 69.0, "resid_tp5": 38.4, "pred_tp6": 56.3, "resid_tp6": 51.1}}, {"type": "Feature", "geometry": {"type": "Point", "coordinates": [-93.7327267, 42.0142176]}, "properties": {"plot_id": "Ames-4232-23-22", "site_id": "Ames", "year": 2022, "actual": 97.2, "pred_records": 49.3, "resid_records": 47.9, "pred_tp1": 64.4, "resid_tp1": 32.8, "pred_tp2": 120.5, "resid_tp2": -23.3, "pred_tp3": 111.8, "resid_tp3": -14.6, "pred_tp4": 104.6, "resid_tp4": -7.4, "pred_tp5": 76.9, "resid_tp5": 20.3, "pred_tp6": 49.6, "resid_tp6": 47.6}}, {"type": "Feature", "geometry": {"type": "Point", "coordinates": [-93.7325431, 42.0141647]}, "properties": {"plot_id": "Ames-4232-24-17", "site_id": "Ames", "year": 2022, "actual": 103.13, "pred_records": 49.3, "resid_records": 53.8, "pred_tp1": 69.2, "resid_tp1": 33.9, "pred_tp2": 124.6, "resid_tp2": -21.5, "pred_tp3": 89.3, "resid_tp3": 13.9, "pred_tp4": 98.7, "resid_tp4": 4.5, "pred_tp5": 76.7, "resid_tp5": 26.4, "pred_tp6": 59.8, "resid_tp6": 43.3}}, {"type": "Feature", "geometry": {"type": "Point", "coordinates": [-93.7325794, 42.0141645]}, "properties": {"plot_id": "Ames-4232-24-18", "site_id": "Ames", "year": 2022, "actual": 139.09, "pred_records": 89.6, "resid_records": 49.5, "pred_tp1": 85.9, "resid_tp1": 53.2, "pred_tp2": 133.9, "resid_tp2": 5.1, "pred_tp3": 93.5, "resid_tp3": 45.6, "pred_tp4": 93.6, "resid_tp4": 45.5, "pred_tp5": 89.9, "resid_tp5": 49.2, "pred_tp6": 70.6, "resid_tp6": 68.4}}, {"type": "Feature", "geometry": {"type": "Point", "coordinates": [-93.7326156, 42.0141643]}, "properties": {"plot_id": "Ames-4232-24-19", "site_id": "Ames", "year": 2022, "actual": 64.36, "pred_records": 49.3, "resid_records": 15.0, "pred_tp1": 61.4, "resid_tp1": 3.0, "pred_tp2": 114.1, "resid_tp2": -49.8, "pred_tp3": 86.9, "resid_tp3": -22.5, "pred_tp4": 79.2, "resid_tp4": -14.9, "pred_tp5": 67.8, "resid_tp5": -3.4, "pred_tp6": 51.9, "resid_tp6": 12.5}}, {"type": "Feature", "geometry": {"type": "Point", "coordinates": [-93.7326536, 42.014164]}, "properties": {"plot_id": "Ames-4232-24-20", "site_id": "Ames", "year": 2022, "actual": 27.3, "pred_records": 49.3, "resid_records": -22.0, "pred_tp1": 54.6, "resid_tp1": -27.3, "pred_tp2": 120.7, "resid_tp2": -93.4, "pred_tp3": 70.3, "resid_tp3": -43.0, "pred_tp4": 82.0, "resid_tp4": -54.7, "pred_tp5": 46.9, "resid_tp5": -19.6, "pred_tp6": 50.8, "resid_tp6": -23.5}}, {"type": "Feature", "geometry": {"type": "Point", "coordinates": [-93.7327261, 42.0141636]}, "properties": {"plot_id": "Ames-4232-24-22", "site_id": "Ames", "year": 2022, "actual": 109.0, "pred_records": 49.3, "resid_records": 59.7, "pred_tp1": 83.9, "resid_tp1": 25.1, "pred_tp2": 112.6, "resid_tp2": -3.6, "pred_tp3": 89.6, "resid_tp3": 19.4, "pred_tp4": 55.9, "resid_tp4": 53.1, "pred_tp5": 65.9, "resid_tp5": 43.1, "pred_tp6": 67.2, "resid_tp6": 41.8}}, {"type": "Feature", "geometry": {"type": "Point", "coordinates": [-93.7325425, 42.0141107]}, "properties": {"plot_id": "Ames-4232-25-17", "site_id": "Ames", "year": 2022, "actual": 117.39, "pred_records": 49.3, "resid_records": 68.1, "pred_tp1": 68.5, "resid_tp1": 48.9, "pred_tp2": 124.1, "resid_tp2": -6.7, "pred_tp3": 94.2, "resid_tp3": 23.2, "pred_tp4": 125.0, "resid_tp4": -7.7, "pred_tp5": 85.4, "resid_tp5": 32.0, "pred_tp6": 60.7, "resid_tp6": 56.7}}, {"type": "Feature", "geometry": {"type": "Point", "coordinates": [-93.7325806, 42.0141105]}, "properties": {"plot_id": "Ames-4232-25-18", "site_id": "Ames", "year": 2022, "actual": 122.92, "pred_records": 49.3, "resid_records": 73.6, "pred_tp1": 69.2, "resid_tp1": 53.7, "pred_tp2": 120.7, "resid_tp2": 2.2, "pred_tp3": 85.0, "resid_tp3": 38.0, "pred_tp4": 116.5, "resid_tp4": 6.4, "pred_tp5": 78.6, "resid_tp5": 44.3, "pred_tp6": 49.2, "resid_tp6": 73.7}}, {"type": "Feature", "geometry": {"type": "Point", "coordinates": [-93.7326168, 42.0141102]}, "properties": {"plot_id": "Ames-4232-25-19", "site_id": "Ames", "year": 2022, "actual": 87.85, "pred_records": 49.3, "resid_records": 38.5, "pred_tp1": 58.1, "resid_tp1": 29.8, "pred_tp2": 112.7, "resid_tp2": -24.9, "pred_tp3": 84.9, "resid_tp3": 2.9, "pred_tp4": 89.4, "resid_tp4": -1.6, "pred_tp5": 68.6, "resid_tp5": 19.2, "pred_tp6": 58.8, "resid_tp6": 29.1}}, {"type": "Feature", "geometry": {"type": "Point", "coordinates": [-93.7326893, 42.0141098]}, "properties": {"plot_id": "Ames-4232-25-21", "site_id": "Ames", "year": 2022, "actual": 84.88, "pred_records": 49.3, "resid_records": 35.6, "pred_tp1": 62.9, "resid_tp1": 22.0, "pred_tp2": 117.1, "resid_tp2": -32.2, "pred_tp3": 73.6, "resid_tp3": 11.3, "pred_tp4": 83.8, "resid_tp4": 1.1, "pred_tp5": 76.6, "resid_tp5": 8.3, "pred_tp6": 71.5, "resid_tp6": 13.3}}, {"type": "Feature", "geometry": {"type": "Point", "coordinates": [-93.7327255, 42.0141095]}, "properties": {"plot_id": "Ames-4232-25-22", "site_id": "Ames", "year": 2022, "actual": 88.27, "pred_records": 49.3, "resid_records": 38.9, "pred_tp1": 76.3, "resid_tp1": 11.9, "pred_tp2": 109.9, "resid_tp2": -21.6, "pred_tp3": 83.4, "resid_tp3": 4.9, "pred_tp4": 93.9, "resid_tp4": -5.6, "pred_tp5": 79.4, "resid_tp5": 8.8, "pred_tp6": 82.4, "resid_tp6": 5.9}}, {"type": "Feature", "geometry": {"type": "Point", "coordinates": [-93.7325437, 42.0140553]}, "properties": {"plot_id": "Ames-4232-26-17", "site_id": "Ames", "year": 2022, "actual": 133.84, "pred_records": 49.3, "resid_records": 84.5, "pred_tp1": 65.0, "resid_tp1": 68.8, "pred_tp2": 117.5, "resid_tp2": 16.3, "pred_tp3": 103.6, "resid_tp3": 30.2, "pred_tp4": 105.2, "resid_tp4": 28.6, "pred_tp5": 83.4, "resid_tp5": 50.4, "pred_tp6": 37.6, "resid_tp6": 96.3}}, {"type": "Feature", "geometry": {"type": "Point", "coordinates": [-93.7325799, 42.0140551]}, "properties": {"plot_id": "Ames-4232-26-18", "site_id": "Ames", "year": 2022, "actual": 146.61, "pred_records": 49.3, "resid_records": 97.3, "pred_tp1": 71.9, "resid_tp1": 74.7, "pred_tp2": 117.8, "resid_tp2": 28.8, "pred_tp3": 111.3, "resid_tp3": 35.4, "pred_tp4": 104.2, "resid_tp4": 42.4, "pred_tp5": 84.7, "resid_tp5": 61.9, "pred_tp6": 48.6, "resid_tp6": 98.0}}, {"type": "Feature", "geometry": {"type": "Point", "coordinates": [-93.7326162, 42.0140548]}, "properties": {"plot_id": "Ames-4232-26-19", "site_id": "Ames", "year": 2022, "actual": 107.51, "pred_records": 49.3, "resid_records": 58.2, "pred_tp1": 75.9, "resid_tp1": 31.6, "pred_tp2": 119.5, "resid_tp2": -12.0, "pred_tp3": 94.3, "resid_tp3": 13.2, "pred_tp4": 102.7, "resid_tp4": 4.8, "pred_tp5": 81.3, "resid_tp5": 26.2, "pred_tp6": 62.9, "resid_tp6": 44.6}}, {"type": "Feature", "geometry": {"type": "Point", "coordinates": [-93.7326524, 42.0140546]}, "properties": {"plot_id": "Ames-4232-26-20", "site_id": "Ames", "year": 2022, "actual": 155.16, "pred_records": 59.1, "resid_records": 96.0, "pred_tp1": 79.8, "resid_tp1": 75.3, "pred_tp2": 128.8, "resid_tp2": 26.3, "pred_tp3": 86.6, "resid_tp3": 68.5, "pred_tp4": 100.6, "resid_tp4": 54.6, "pred_tp5": 83.4, "resid_tp5": 71.8, "pred_tp6": 61.5, "resid_tp6": 93.7}}, {"type": "Feature", "geometry": {"type": "Point", "coordinates": [-93.7326886, 42.0140544]}, "properties": {"plot_id": "Ames-4232-26-21", "site_id": "Ames", "year": 2022, "actual": 115.68, "pred_records": 49.3, "resid_records": 66.4, "pred_tp1": 63.8, "resid_tp1": 51.9, "pred_tp2": 111.1, "resid_tp2": 4.6, "pred_tp3": 91.2, "resid_tp3": 24.4, "pred_tp4": 97.1, "resid_tp4": 18.6, "pred_tp5": 83.9, "resid_tp5": 31.8, "pred_tp6": 67.9, "resid_tp6": 47.8}}, {"type": "Feature", "geometry": {"type": "Point", "coordinates": [-93.7327267, 42.0140541]}, "properties": {"plot_id": "Ames-4232-26-22", "site_id": "Ames", "year": 2022, "actual": 105.14, "pred_records": 49.3, "resid_records": 55.8, "pred_tp1": 57.2, "resid_tp1": 47.9, "pred_tp2": 118.9, "resid_tp2": -13.7, "pred_tp3": 85.0, "resid_tp3": 20.2, "pred_tp4": 89.3, "resid_tp4": 15.9, "pred_tp5": 65.6, "resid_tp5": 39.5, "pred_tp6": 56.5, "resid_tp6": 48.6}}, {"type": "Feature", "geometry": {"type": "Point", "coordinates": [-93.7325431, 42.0139999]}, "properties": {"plot_id": "Ames-4232-27-17", "site_id": "Ames", "year": 2022, "actual": 136.25, "pred_records": 49.3, "resid_records": 86.9, "pred_tp1": 68.8, "resid_tp1": 67.5, "pred_tp2": 130.7, "resid_tp2": 5.6, "pred_tp3": 116.4, "resid_tp3": 19.9, "pred_tp4": 120.1, "resid_tp4": 16.1, "pred_tp5": 92.3, "resid_tp5": 44.0, "pred_tp6": 54.6, "resid_tp6": 81.6}}, {"type": "Feature", "geometry": {"type": "Point", "coordinates": [-93.7325793, 42.0139997]}, "properties": {"plot_id": "Ames-4232-27-18", "site_id": "Ames", "year": 2022, "actual": 138.82, "pred_records": 49.3, "resid_records": 89.5, "pred_tp1": 62.6, "resid_tp1": 76.3, "pred_tp2": 135.0, "resid_tp2": 3.9, "pred_tp3": 110.7, "resid_tp3": 28.1, "pred_tp4": 117.4, "resid_tp4": 21.4, "pred_tp5": 81.4, "resid_tp5": 57.4, "pred_tp6": 57.4, "resid_tp6": 81.4}}, {"type": "Feature", "geometry": {"type": "Point", "coordinates": [-93.7326155, 42.0139995]}, "properties": {"plot_id": "Ames-4232-27-19", "site_id": "Ames", "year": 2022, "actual": 125.7, "pred_records": 49.3, "resid_records": 76.4, "pred_tp1": 68.6, "resid_tp1": 57.1, "pred_tp2": 116.0, "resid_tp2": 9.7, "pred_tp3": 93.9, "resid_tp3": 31.8, "pred_tp4": 98.4, "resid_tp4": 27.3, "pred_tp5": 74.2, "resid_tp5": 51.5, "pred_tp6": 61.5, "resid_tp6": 64.2}}, {"type": "Feature", "geometry": {"type": "Point", "coordinates": [-93.7326536, 42.0139992]}, "properties": {"plot_id": "Ames-4232-27-20", "site_id": "Ames", "year": 2022, "actual": 186.23, "pred_records": 49.3, "resid_records": 136.9, "pred_tp1": 83.0, "resid_tp1": 103.2, "pred_tp2": 130.5, "resid_tp2": 55.7, "pred_tp3": 93.6, "resid_tp3": 92.6, "pred_tp4": 106.4, "resid_tp4": 79.8, "pred_tp5": 82.0, "resid_tp5": 104.2, "pred_tp6": 51.9, "resid_tp6": 134.4}}, {"type": "Feature", "geometry": {"type": "Point", "coordinates": [-93.7326898, 42.013999]}, "properties": {"plot_id": "Ames-4232-27-21", "site_id": "Ames", "year": 2022, "actual": 119.5, "pred_records": 49.3, "resid_records": 70.2, "pred_tp1": 68.3, "resid_tp1": 51.2, "pred_tp2": 119.0, "resid_tp2": 0.5, "pred_tp3": 117.1, "resid_tp3": 2.4, "pred_tp4": 117.3, "resid_tp4": 2.2, "pred_tp5": 83.5, "resid_tp5": 36.0, "pred_tp6": 70.6, "resid_tp6": 48.9}}, {"type": "Feature", "geometry": {"type": "Point", "coordinates": [-93.732726, 42.0139988]}, "properties": {"plot_id": "Ames-4232-27-22", "site_id": "Ames", "year": 2022, "actual": 120.87, "pred_records": 49.3, "resid_records": 71.5, "pred_tp1": 69.9, "resid_tp1": 51.0, "pred_tp2": 121.3, "resid_tp2": -0.5, "pred_tp3": 110.1, "resid_tp3": 10.8, "pred_tp4": 111.0, "resid_tp4": 9.8, "pred_tp5": 82.4, "resid_tp5": 38.5, "pred_tp6": 48.0, "resid_tp6": 72.8}}, {"type": "Feature", "geometry": {"type": "Point", "coordinates": [-93.7325424, 42.0139459]}, "properties": {"plot_id": "Ames-4232-28-17", "site_id": "Ames", "year": 2022, "actual": 161.72, "pred_records": 49.3, "resid_records": 112.4, "pred_tp1": 59.3, "resid_tp1": 102.4, "pred_tp2": 126.0, "resid_tp2": 35.8, "pred_tp3": 113.3, "resid_tp3": 48.4, "pred_tp4": 116.8, "resid_tp4": 44.9, "pred_tp5": 89.5, "resid_tp5": 72.2, "pred_tp6": 37.8, "resid_tp6": 124.0}}, {"type": "Feature", "geometry": {"type": "Point", "coordinates": [-93.7325787, 42.0139457]}, "properties": {"plot_id": "Ames-4232-28-18", "site_id": "Ames", "year": 2022, "actual": 173.67, "pred_records": 49.3, "resid_records": 124.3, "pred_tp1": 62.3, "resid_tp1": 111.4, "pred_tp2": 121.7, "resid_tp2": 52.0, "pred_tp3": 88.2, "resid_tp3": 85.4, "pred_tp4": 120.6, "resid_tp4": 53.1, "pred_tp5": 91.5, "resid_tp5": 82.2, "pred_tp6": 51.8, "resid_tp6": 121.8}}, {"type": "Feature", "geometry": {"type": "Point", "coordinates": [-93.7326167, 42.0139454]}, "properties": {"plot_id": "Ames-4232-28-19", "site_id": "Ames", "year": 2022, "actual": 59.58, "pred_records": 54.8, "resid_records": 4.7, "pred_tp1": 55.2, "resid_tp1": 4.4, "pred_tp2": 91.4, "resid_tp2": -31.8, "pred_tp3": 79.5, "resid_tp3": -19.9, "pred_tp4": 100.1, "resid_tp4": -40.5, "pred_tp5": 62.4, "resid_tp5": -2.9, "pred_tp6": 75.0, "resid_tp6": -15.4}}, {"type": "Feature", "geometry": {"type": "Point", "coordinates": [-93.7326529, 42.0139452]}, "properties": {"plot_id": "Ames-4232-28-20", "site_id": "Ames", "year": 2022, "actual": 141.01, "pred_records": 49.3, "resid_records": 91.7, "pred_tp1": 70.2, "resid_tp1": 70.8, "pred_tp2": 129.6, "resid_tp2": 11.4, "pred_tp3": 84.2, "resid_tp3": 56.8, "pred_tp4": 103.9, "resid_tp4": 37.1, "pred_tp5": 72.1, "resid_tp5": 69.0, "pred_tp6": 58.3, "resid_tp6": 82.7}}, {"type": "Feature", "geometry": {"type": "Point", "coordinates": [-93.732691, 42.0139449]}, "properties": {"plot_id": "Ames-4232-28-21", "site_id": "Ames", "year": 2022, "actual": 109.88, "pred_records": 49.3, "resid_records": 60.6, "pred_tp1": 66.0, "resid_tp1": 43.8, "pred_tp2": 126.9, "resid_tp2": -17.0, "pred_tp3": 107.9, "resid_tp3": 2.0, "pred_tp4": 118.4, "resid_tp4": -8.6, "pred_tp5": 89.1, "resid_tp5": 20.8, "pred_tp6": 50.3, "resid_tp6": 59.6}}, {"type": "Feature", "geometry": {"type": "Point", "coordinates": [-93.7327272, 42.0139447]}, "properties": {"plot_id": "Ames-4232-28-22", "site_id": "Ames", "year": 2022, "actual": 47.82, "pred_records": 49.3, "resid_records": -1.5, "pred_tp1": 56.6, "resid_tp1": -8.8, "pred_tp2": 111.4, "resid_tp2": -63.5, "pred_tp3": 72.8, "resid_tp3": -25.0, "pred_tp4": 89.4, "resid_tp4": -41.6, "pred_tp5": 68.6, "resid_tp5": -20.8, "pred_tp6": 53.3, "resid_tp6": -5.5}}, {"type": "Feature", "geometry": {"type": "Point", "coordinates": [-93.7325418, 42.0138919]}, "properties": {"plot_id": "Ames-4232-29-17", "site_id": "Ames", "year": 2022, "actual": 155.41, "pred_records": 49.3, "resid_records": 106.1, "pred_tp1": 70.1, "resid_tp1": 85.3, "pred_tp2": 126.2, "resid_tp2": 29.2, "pred_tp3": 124.1, "resid_tp3": 31.3, "pred_tp4": 120.9, "resid_tp4": 34.5, "pred_tp5": 98.1, "resid_tp5": 57.3, "pred_tp6": 59.3, "resid_tp6": 96.1}}, {"type": "Feature", "geometry": {"type": "Point", "coordinates": [-93.7325799, 42.0138916]}, "properties": {"plot_id": "Ames-4232-29-18", "site_id": "Ames", "year": 2022, "actual": 128.95, "pred_records": 47.7, "resid_records": 81.2, "pred_tp1": 68.7, "resid_tp1": 60.3, "pred_tp2": 125.6, "resid_tp2": 3.4, "pred_tp3": 100.6, "resid_tp3": 28.3, "pred_tp4": 120.5, "resid_tp4": 8.5, "pred_tp5": 89.6, "resid_tp5": 39.4, "pred_tp6": 43.5, "resid_tp6": 85.5}}, {"type": "Feature", "geometry": {"type": "Point", "coordinates": [-93.7326161, 42.0138914]}, "properties": {"plot_id": "Ames-4232-29-19", "site_id": "Ames", "year": 2022, "actual": 139.7, "pred_records": 49.3, "resid_records": 90.4, "pred_tp1": 74.0, "resid_tp1": 65.7, "pred_tp2": 130.4, "resid_tp2": 9.3, "pred_tp3": 98.5, "resid_tp3": 41.2, "pred_tp4": 124.8, "resid_tp4": 14.9, "pred_tp5": 97.3, "resid_tp5": 42.4, "pred_tp6": 52.8, "resid_tp6": 86.9}}, {"type": "Feature", "geometry": {"type": "Point", "coordinates": [-93.7326541, 42.0138911]}, "properties": {"plot_id": "Ames-4232-29-20", "site_id": "Ames", "year": 2022, "actual": 132.22, "pred_records": 49.3, "resid_records": 82.9, "pred_tp1": 61.7, "resid_tp1": 70.5, "pred_tp2": 127.5, "resid_tp2": 4.7, "pred_tp3": 94.4, "resid_tp3": 37.8, "pred_tp4": 121.7, "resid_tp4": 10.5, "pred_tp5": 95.3, "resid_tp5": 36.9, "pred_tp6": 63.8, "resid_tp6": 68.4}}, {"type": "Feature", "geometry": {"type": "Point", "coordinates": [-93.7326904, 42.0138909]}, "properties": {"plot_id": "Ames-4232-29-21", "site_id": "Ames", "year": 2022, "actual": 160.42, "pred_records": 49.3, "resid_records": 111.1, "pred_tp1": 71.8, "resid_tp1": 88.7, "pred_tp2": 134.8, "resid_tp2": 25.6, "pred_tp3": 121.1, "resid_tp3": 39.3, "pred_tp4": 125.3, "resid_tp4": 35.1, "pred_tp5": 88.1, "resid_tp5": 72.4, "pred_tp6": 50.8, "resid_tp6": 109.6}}, {"type": "Feature", "geometry": {"type": "Point", "coordinates": [-93.7327266, 42.0138907]}, "properties": {"plot_id": "Ames-4232-29-22", "site_id": "Ames", "year": 2022, "actual": 133.91, "pred_records": 49.3, "resid_records": 84.6, "pred_tp1": 65.0, "resid_tp1": 68.9, "pred_tp2": 131.7, "resid_tp2": 2.2, "pred_tp3": 126.7, "resid_tp3": 7.2, "pred_tp4": 126.4, "resid_tp4": 7.5, "pred_tp5": 83.8, "resid_tp5": 50.1, "pred_tp6": 37.7, "resid_tp6": 96.2}}, {"type": "Feature", "geometry": {"type": "Point", "coordinates": [-93.7325418, 42.0153117]}, "properties": {"plot_id": "Ames-4232-3-17", "site_id": "Ames", "year": 2022, "actual": 155.26, "pred_records": 59.1, "resid_records": 96.1, "pred_tp1": 76.4, "resid_tp1": 78.8, "pred_tp2": 123.6, "resid_tp2": 31.7, "pred_tp3": 114.6, "resid_tp3": 40.7, "pred_tp4": 116.5, "resid_tp4": 38.7, "pred_tp5": 86.3, "resid_tp5": 68.9, "pred_tp6": 75.0, "resid_tp6": 80.2}}, {"type": "Feature", "geometry": {"type": "Point", "coordinates": [-93.7325799, 42.0153115]}, "properties": {"plot_id": "Ames-4232-3-18", "site_id": "Ames", "year": 2022, "actual": 133.32, "pred_records": 49.3, "resid_records": 84.0, "pred_tp1": 62.8, "resid_tp1": 70.5, "pred_tp2": 124.0, "resid_tp2": 9.4, "pred_tp3": 115.3, "resid_tp3": 18.0, "pred_tp4": 109.9, "resid_tp4": 23.5, "pred_tp5": 83.5, "resid_tp5": 49.8, "pred_tp6": 53.2, "resid_tp6": 80.1}}, {"type": "Feature", "geometry": {"type": "Point", "coordinates": [-93.7326161, 42.0153113]}, "properties": {"plot_id": "Ames-4232-3-19", "site_id": "Ames", "year": 2022, "actual": 131.3, "pred_records": 49.3, "resid_records": 82.0, "pred_tp1": 64.2, "resid_tp1": 67.1, "pred_tp2": 107.5, "resid_tp2": 23.8, "pred_tp3": 87.6, "resid_tp3": 43.7, "pred_tp4": 99.6, "resid_tp4": 31.7, "pred_tp5": 78.4, "resid_tp5": 52.9, "pred_tp6": 47.3, "resid_tp6": 84.0}}, {"type": "Feature", "geometry": {"type": "Point", "coordinates": [-93.7326523, 42.015311]}, "properties": {"plot_id": "Ames-4232-3-20", "site_id": "Ames", "year": 2022, "actual": 91.06, "pred_records": 60.5, "resid_records": 30.6, "pred_tp1": 50.2, "resid_tp1": 40.8, "pred_tp2": 113.1, "resid_tp2": -22.0, "pred_tp3": 90.3, "resid_tp3": 0.8, "pred_tp4": 82.5, "resid_tp4": 8.6, "pred_tp5": 71.2, "resid_tp5": 19.8, "pred_tp6": 59.4, "resid_tp6": 31.7}}, {"type": "Feature", "geometry": {"type": "Point", "coordinates": [-93.7327266, 42.0153092]}, "properties": {"plot_id": "Ames-4232-3-22", "site_id": "Ames", "year": 2022, "actual": 44.04, "pred_records": 49.3, "resid_records": -5.3, "pred_tp1": 37.1, "resid_tp1": 7.0, "pred_tp2": 92.2, "resid_tp2": -48.2, "pred_tp3": 69.7, "resid_tp3": -25.6, "pred_tp4": 71.8, "resid_tp4": -27.8, "pred_tp5": 57.0, "resid_tp5": -13.0, "pred_tp6": 47.5, "resid_tp6": -3.5}}, {"type": "Feature", "geometry": {"type": "Point", "coordinates": [-93.732543, 42.0138378]}, "properties": {"plot_id": "Ames-4232-30-17", "site_id": "Ames", "year": 2022, "actual": 193.64, "pred_records": 49.3, "resid_records": 144.3, "pred_tp1": 73.4, "resid_tp1": 120.3, "pred_tp2": 128.5, "resid_tp2": 65.1, "pred_tp3": 129.8, "resid_tp3": 63.8, "pred_tp4": 125.8, "resid_tp4": 67.9, "pred_tp5": 89.2, "resid_tp5": 104.5, "pred_tp6": 45.6, "resid_tp6": 148.0}}, {"type": "Feature", "geometry": {"type": "Point", "coordinates": [-93.7325792, 42.0138376]}, "properties": {"plot_id": "Ames-4232-30-18", "site_id": "Ames", "year": 2022, "actual": 127.62, "pred_records": 49.3, "resid_records": 78.3, "pred_tp1": 71.1, "resid_tp1": 56.5, "pred_tp2": 132.8, "resid_tp2": -5.2, "pred_tp3": 112.7, "resid_tp3": 14.9, "pred_tp4": 132.0, "resid_tp4": -4.4, "pred_tp5": 85.6, "resid_tp5": 42.0, "pred_tp6": 48.3, "resid_tp6": 79.3}}, {"type": "Feature", "geometry": {"type": "Point", "coordinates": [-93.7326173, 42.0138373]}, "properties": {"plot_id": "Ames-4232-30-19", "site_id": "Ames", "year": 2022, "actual": 121.82, "pred_records": 49.3, "resid_records": 72.5, "pred_tp1": 68.3, "resid_tp1": 53.5, "pred_tp2": 125.3, "resid_tp2": -3.5, "pred_tp3": 84.9, "resid_tp3": 37.0, "pred_tp4": 120.6, "resid_tp4": 1.2, "pred_tp5": 90.8, "resid_tp5": 31.0, "pred_tp6": 48.2, "resid_tp6": 73.6}}, {"type": "Feature", "geometry": {"type": "Point", "coordinates": [-93.7326535, 42.0138371]}, "properties": {"plot_id": "Ames-4232-30-20", "site_id": "Ames", "year": 2022, "actual": 110.11, "pred_records": 49.3, "resid_records": 60.8, "pred_tp1": 64.2, "resid_tp1": 45.9, "pred_tp2": 120.8, "resid_tp2": -10.7, "pred_tp3": 100.0, "resid_tp3": 10.1, "pred_tp4": 114.7, "resid_tp4": -4.6, "pred_tp5": 84.7, "resid_tp5": 25.4, "pred_tp6": 46.9, "resid_tp6": 63.2}}, {"type": "Feature", "geometry": {"type": "Point", "coordinates": [-93.7326897, 42.0138369]}, "properties": {"plot_id": "Ames-4232-30-21", "site_id": "Ames", "year": 2022, "actual": 161.71, "pred_records": 49.3, "resid_records": 112.4, "pred_tp1": 66.7, "resid_tp1": 95.0, "pred_tp2": 123.5, "resid_tp2": 38.2, "pred_tp3": 126.6, "resid_tp3": 35.1, "pred_tp4": 119.0, "resid_tp4": 42.7, "pred_tp5": 90.8, "resid_tp5": 70.9, "pred_tp6": 54.3, "resid_tp6": 107.4}}, {"type": "Feature", "geometry": {"type": "Point", "coordinates": [-93.732543, 42.0152563]}, "properties": {"plot_id": "Ames-4232-4-17", "site_id": "Ames", "year": 2022, "actual": 131.93, "pred_records": 49.3, "resid_records": 82.6, "pred_tp1": 67.6, "resid_tp1": 64.3, "pred_tp2": 127.7, "resid_tp2": 4.3, "pred_tp3": 114.9, "resid_tp3": 17.0, "pred_tp4": 120.9, "resid_tp4": 11.0, "pred_tp5": 90.6, "resid_tp5": 41.3, "pred_tp6": 63.3, "resid_tp6": 68.6}}, {"type": "Feature", "geometry": {"type": "Point", "coordinates": [-93.7326155, 42.0152559]}, "properties": {"plot_id": "Ames-4232-4-19", "site_id": "Ames", "year": 2022, "actual": 120.53, "pred_records": 49.3, "resid_records": 71.2, "pred_tp1": 71.6, "resid_tp1": 49.0, "pred_tp2": 124.4, "resid_tp2": -3.9, "pred_tp3": 91.5, "resid_tp3": 29.1, "pred_tp4": 110.5, "resid_tp4": 10.0, "pred_tp5": 85.7, "resid_tp5": 34.8, "pred_tp6": 53.2, "resid_tp6": 67.3}}, {"type": "Feature", "geometry": {"type": "Point", "coordinates": [-93.7326517, 42.0152556]}, "properties": {"plot_id": "Ames-4232-4-20", "site_id": "Ames", "year": 2022, "actual": 138.47, "pred_records": 49.3, "resid_records": 89.1, "pred_tp1": 52.3, "resid_tp1": 86.2, "pred_tp2": 116.1, "resid_tp2": 22.3, "pred_tp3": 109.9, "resid_tp3": 28.5, "pred_tp4": 104.3, "resid_tp4": 34.2, "pred_tp5": 80.8, "resid_tp5": 57.7, "pred_tp6": 58.2, "resid_tp6": 80.3}}, {"type": "Feature", "geometry": {"type": "Point", "coordinates": [-93.732726, 42.0152552]}, "properties": {"plot_id": "Ames-4232-4-22", "site_id": "Ames", "year": 2022, "actual": 104.99, "pred_records": 49.3, "resid_records": 55.7, "pred_tp1": 44.5, "resid_tp1": 60.5, "pred_tp2": 112.0, "resid_tp2": -7.0, "pred_tp3": 80.8, "resid_tp3": 24.2, "pred_tp4": 88.7, "resid_tp4": 16.3, "pred_tp5": 67.3, "resid_tp5": 37.7, "pred_tp6": 39.0, "resid_tp6": 66.0}}, {"type": "Feature", "geometry": {"type": "Point", "coordinates": [-93.7325424, 42.0152023]}, "properties": {"plot_id": "Ames-4232-5-17", "site_id": "Ames", "year": 2022, "actual": 86.68, "pred_records": 49.3, "resid_records": 37.4, "pred_tp1": 46.0, "resid_tp1": 40.6, "pred_tp2": 122.0, "resid_tp2": -35.4, "pred_tp3": 103.7, "resid_tp3": -17.0, "pred_tp4": 98.2, "resid_tp4": -11.5, "pred_tp5": 80.5, "resid_tp5": 6.2, "pred_tp6": 75.7, "resid_tp6": 10.9}}, {"type": "Feature", "geometry": {"type": "Point", "coordinates": [-93.7325786, 42.0152021]}, "properties": {"plot_id": "Ames-4232-5-18", "site_id": "Ames", "year": 2022, "actual": 118.12, "pred_records": 49.3, "resid_records": 68.8, "pred_tp1": 70.9, "resid_tp1": 47.2, "pred_tp2": 126.2, "resid_tp2": -8.1, "pred_tp3": 109.1, "resid_tp3": 9.1, "pred_tp4": 122.3, "resid_tp4": -4.2, "pred_tp5": 92.7, "resid_tp5": 25.4, "pred_tp6": 81.2, "resid_tp6": 36.9}}, {"type": "Feature", "geometry": {"type": "Point", "coordinates": [-93.7326148, 42.0152018]}, "properties": {"plot_id": "Ames-4232-5-19", "site_id": "Ames", "year": 2022, "actual": 123.28, "pred_records": 49.3, "resid_records": 74.0, "pred_tp1": 69.3, "resid_tp1": 54.0, "pred_tp2": 134.3, "resid_tp2": -11.0, "pred_tp3": 119.6, "resid_tp3": 3.7, "pred_tp4": 121.0, "resid_tp4": 2.3, "pred_tp5": 92.3, "resid_tp5": 31.0, "pred_tp6": 67.2, "resid_tp6": 56.1}}, {"type": "Feature", "geometry": {"type": "Point", "coordinates": [-93.7326529, 42.0152016]}, "properties": {"plot_id": "Ames-4232-5-20", "site_id": "Ames", "year": 2022, "actual": 108.71, "pred_records": 49.3, "resid_records": 59.4, "pred_tp1": 64.9, "resid_tp1": 43.8, "pred_tp2": 127.0, "resid_tp2": -18.2, "pred_tp3": 107.2, "resid_tp3": 1.5, "pred_tp4": 126.0, "resid_tp4": -17.3, "pred_tp5": 79.7, "resid_tp5": 29.0, "pred_tp6": 48.9, "resid_tp6": 59.8}}, {"type": "Feature", "geometry": {"type": "Point", "coordinates": [-93.7326891, 42.0152014]}, "properties": {"plot_id": "Ames-4232-5-21", "site_id": "Ames", "year": 2022, "actual": 101.6, "pred_records": 49.3, "resid_records": 52.3, "pred_tp1": 57.2, "resid_tp1": 44.4, "pred_tp2": 112.3, "resid_tp2": -10.7, "pred_tp3": 102.3, "resid_tp3": -0.7, "pred_tp4": 89.8, "resid_tp4": 11.8, "pred_tp5": 74.1, "resid_tp5": 27.5, "pred_tp6": 70.7, "resid_tp6": 30.9}}, {"type": "Feature", "geometry": {"type": "Point", "coordinates": [-93.7327271, 42.0152011]}, "properties": {"plot_id": "Ames-4232-5-22", "site_id": "Ames", "year": 2022, "actual": 51.91, "pred_records": 49.3, "resid_records": 2.6, "pred_tp1": 38.3, "resid_tp1": 13.6, "pred_tp2": 117.2, "resid_tp2": -65.3, "pred_tp3": 76.4, "resid_tp3": -24.5, "pred_tp4": 74.7, "resid_tp4": -22.8, "pred_tp5": 57.0, "resid_tp5": -5.1, "pred_tp6": 40.4, "resid_tp6": 11.5}}, {"type": "Feature", "geometry": {"type": "Point", "coordinates": [-93.7325418, 42.0151483]}, "properties": {"plot_id": "Ames-4232-6-17", "site_id": "Ames", "year": 2022, "actual": 125.35, "pred_records": 49.3, "resid_records": 76.0, "pred_tp1": 59.9, "resid_tp1": 65.5, "pred_tp2": 107.7, "resid_tp2": 17.7, "pred_tp3": 107.4, "resid_tp3": 17.9, "pred_tp4": 97.0, "resid_tp4": 28.3, "pred_tp5": 76.3, "resid_tp5": 49.0, "pred_tp6": 71.9, "resid_tp6": 53.4}}, {"type": "Feature", "geometry": {"type": "Point", "coordinates": [-93.732578, 42.015148]}, "properties": {"plot_id": "Ames-4232-6-18", "site_id": "Ames", "year": 2022, "actual": 125.07, "pred_records": 47.7, "resid_records": 77.3, "pred_tp1": 61.7, "resid_tp1": 63.4, "pred_tp2": 120.2, "resid_tp2": 4.9, "pred_tp3": 117.9, "resid_tp3": 7.2, "pred_tp4": 127.5, "resid_tp4": -2.5, "pred_tp5": 92.1, "resid_tp5": 32.9, "pred_tp6": 54.2, "resid_tp6": 70.9}}, {"type": "Feature", "geometry": {"type": "Point", "coordinates": [-93.732616, 42.0151478]}, "properties": {"plot_id": "Ames-4232-6-19", "site_id": "Ames", "year": 2022, "actual": 121.12, "pred_records": 49.3, "resid_records": 71.8, "pred_tp1": 60.3, "resid_tp1": 60.9, "pred_tp2": 123.9, "resid_tp2": -2.8, "pred_tp3": 109.2, "resid_tp3": 11.9, "pred_tp4": 114.7, "resid_tp4": 6.4, "pred_tp5": 76.7, "resid_tp5": 44.4, "pred_tp6": 69.7, "resid_tp6": 51.4}}, {"type": "Feature", "geometry": {"type": "Point", "coordinates": [-93.7326523, 42.0151476]}, "properties": {"plot_id": "Ames-4232-6-20", "site_id": "Ames", "year": 2022, "actual": 113.74, "pred_records": 49.3, "resid_records": 64.4, "pred_tp1": 43.8, "resid_tp1": 70.0, "pred_tp2": 112.2, "resid_tp2": 1.5, "pred_tp3": 103.7, "resid_tp3": 10.0, "pred_tp4": 96.9, "resid_tp4": 16.8, "pred_tp5": 75.0, "resid_tp5": 38.7, "pred_tp6": 69.0, "resid_tp6": 44.7}}, {"type": "Feature", "geometry": {"type": "Point", "coordinates": [-93.7326903, 42.0151473]}, "properties": {"plot_id": "Ames-4232-6-21", "site_id": "Ames", "year": 2022, "actual": 159.04, "pred_records": 49.3, "resid_records": 109.7, "pred_tp1": 66.4, "resid_tp1": 92.6, "pred_tp2": 116.5, "resid_tp2": 42.5, "pred_tp3": 102.9, "resid_tp3": 56.2, "pred_tp4": 97.8, "resid_tp4": 61.3, "pred_tp5": 74.3, "resid_tp5": 84.7, "pred_tp6": 63.3, "resid_tp6": 95.7}}, {"type": "Feature", "geometry": {"type": "Point", "coordinates": [-93.7327265, 42.0151471]}, "properties": {"plot_id": "Ames-4232-6-22", "site_id": "Ames", "year": 2022, "actual": 121.32, "pred_records": 49.3, "resid_records": 72.0, "pred_tp1": 58.9, "resid_tp1": 62.5, "pred_tp2": 108.5, "resid_tp2": 12.8, "pred_tp3": 104.1, "resid_tp3": 17.3, "pred_tp4": 93.2, "resid_tp4": 28.1, "pred_tp5": 83.4, "resid_tp5": 37.9, "pred_tp6": 75.5, "resid_tp6": 45.8}}, {"type": "Feature", "geometry": {"type": "Point", "coordinates": [-93.7325411, 42.0150942]}, "properties": {"plot_id": "Ames-4232-7-17", "site_id": "Ames", "year": 2022, "actual": 127.16, "pred_records": 49.3, "resid_records": 77.8, "pred_tp1": 49.3, "resid_tp1": 77.9, "pred_tp2": 112.0, "resid_tp2": 15.2, "pred_tp3": 117.9, "resid_tp3": 9.3, "pred_tp4": 120.4, "resid_tp4": 6.7, "pred_tp5": 85.7, "resid_tp5": 41.4, "pred_tp6": 69.9, "resid_tp6": 57.2}}, {"type": "Feature", "geometry": {"type": "Point", "coordinates": [-93.7326154, 42.0150938]}, "properties": {"plot_id": "Ames-4232-7-19", "site_id": "Ames", "year": 2022, "actual": 104.59, "pred_records": 49.3, "resid_records": 55.3, "pred_tp1": 65.6, "resid_tp1": 39.0, "pred_tp2": 123.5, "resid_tp2": -18.9, "pred_tp3": 77.2, "resid_tp3": 27.3, "pred_tp4": 110.4, "resid_tp4": -5.8, "pred_tp5": 86.9, "resid_tp5": 17.7, "pred_tp6": 78.4, "resid_tp6": 26.2}}, {"type": "Feature", "geometry": {"type": "Point", "coordinates": [-93.7326534, 42.0150922]}, "properties": {"plot_id": "Ames-4232-7-20", "site_id": "Ames", "year": 2022, "actual": 106.87, "pred_records": 49.3, "resid_records": 57.5, "pred_tp1": 40.0, "resid_tp1": 66.9, "pred_tp2": 110.6, "resid_tp2": -3.7, "pred_tp3": 98.7, "resid_tp3": 8.2, "pred_tp4": 90.6, "resid_tp4": 16.3, "pred_tp5": 70.7, "resid_tp5": 36.2, "pred_tp6": 60.2, "resid_tp6": 46.6}}, {"type": "Feature", "geometry": {"type": "Point", "coordinates": [-93.7326897, 42.0150919]}, "properties": {"plot_id": "Ames-4232-7-21", "site_id": "Ames", "year": 2022, "actual": 112.84, "pred_records": 49.3, "resid_records": 63.5, "pred_tp1": 54.4, "resid_tp1": 58.4, "pred_tp2": 97.3, "resid_tp2": 15.5, "pred_tp3": 95.4, "resid_tp3": 17.5, "pred_tp4": 82.8, "resid_tp4": 30.1, "pred_tp5": 60.9, "resid_tp5": 52.0, "pred_tp6": 62.1, "resid_tp6": 50.8}}, {"type": "Feature", "geometry": {"type": "Point", "coordinates": [-93.7327259, 42.0150917]}, "properties": {"plot_id": "Ames-4232-7-22", "site_id": "Ames", "year": 2022, "actual": 119.92, "pred_records": 49.3, "resid_records": 70.6, "pred_tp1": 52.6, "resid_tp1": 67.4, "pred_tp2": 100.1, "resid_tp2": 19.8, "pred_tp3": 82.2, "resid_tp3": 37.7, "pred_tp4": 73.9, "resid_tp4": 46.0, "pred_tp5": 71.7, "resid_tp5": 48.3, "pred_tp6": 66.4, "resid_tp6": 53.5}}, {"type": "Feature", "geometry": {"type": "Point", "coordinates": [-93.7325423, 42.0150388]}, "properties": {"plot_id": "Ames-4232-8-17", "site_id": "Ames", "year": 2022, "actual": 120.22, "pred_records": 49.3, "resid_records": 70.9, "pred_tp1": 51.3, "resid_tp1": 69.0, "pred_tp2": 123.6, "resid_tp2": -3.4, "pred_tp3": 118.2, "resid_tp3": 2.0, "pred_tp4": 119.9, "resid_tp4": 0.3, "pred_tp5": 93.6, "resid_tp5": 26.6, "pred_tp6": 63.9, "resid_tp6": 56.3}}, {"type": "Feature", "geometry": {"type": "Point", "coordinates": [-93.7325785, 42.0150386]}, "properties": {"plot_id": "Ames-4232-8-18", "site_id": "Ames", "year": 2022, "actual": 112.32, "pred_records": 50.1, "resid_records": 62.2, "pred_tp1": 54.5, "resid_tp1": 57.8, "pred_tp2": 122.1, "resid_tp2": -9.8, "pred_tp3": 122.2, "resid_tp3": -9.9, "pred_tp4": 115.3, "resid_tp4": -3.0, "pred_tp5": 106.3, "resid_tp5": 6.0, "pred_tp6": 74.9, "resid_tp6": 37.5}}, {"type": "Feature", "geometry": {"type": "Point", "coordinates": [-93.7326166, 42.0150384]}, "properties": {"plot_id": "Ames-4232-8-19", "site_id": "Ames", "year": 2022, "actual": 102.3, "pred_records": 49.3, "resid_records": 53.0, "pred_tp1": 64.8, "resid_tp1": 37.5, "pred_tp2": 124.9, "resid_tp2": -22.6, "pred_tp3": 118.1, "resid_tp3": -15.8, "pred_tp4": 114.3, "resid_tp4": -12.0, "pred_tp5": 81.7, "resid_tp5": 20.6, "pred_tp6": 64.9, "resid_tp6": 37.4}}, {"type": "Feature", "geometry": {"type": "Point", "coordinates": [-93.7326528, 42.0150381]}, "properties": {"plot_id": "Ames-4232-8-20", "site_id": "Ames", "year": 2022, "actual": 126.31, "pred_records": 49.3, "resid_records": 77.0, "pred_tp1": 53.1, "resid_tp1": 73.2, "pred_tp2": 120.0, "resid_tp2": 6.3, "pred_tp3": 103.1, "resid_tp3": 23.3, "pred_tp4": 102.7, "resid_tp4": 23.6, "pred_tp5": 75.5, "resid_tp5": 50.8, "pred_tp6": 74.0, "resid_tp6": 52.3}}, {"type": "Feature", "geometry": {"type": "Point", "coordinates": [-93.732689, 42.0150365]}, "properties": {"plot_id": "Ames-4232-8-21", "site_id": "Ames", "year": 2022, "actual": 69.84, "pred_records": 49.3, "resid_records": 20.5, "pred_tp1": 35.5, "resid_tp1": 34.3, "pred_tp2": 97.8, "resid_tp2": -27.9, "pred_tp3": 86.4, "resid_tp3": -16.5, "pred_tp4": 83.7, "resid_tp4": -13.9, "pred_tp5": 63.2, "resid_tp5": 6.7, "pred_tp6": 43.0, "resid_tp6": 26.9}}, {"type": "Feature", "geometry": {"type": "Point", "coordinates": [-93.7327253, 42.0150363]}, "properties": {"plot_id": "Ames-4232-8-22", "site_id": "Ames", "year": 2022, "actual": 115.36, "pred_records": 49.3, "resid_records": 66.0, "pred_tp1": 48.3, "resid_tp1": 67.1, "pred_tp2": 99.6, "resid_tp2": 15.8, "pred_tp3": 87.3, "resid_tp3": 28.1, "pred_tp4": 78.1, "resid_tp4": 37.3, "pred_tp5": 64.0, "resid_tp5": 51.4, "pred_tp6": 55.8, "resid_tp6": 59.6}}, {"type": "Feature", "geometry": {"type": "Point", "coordinates": [-93.7325435, 42.0149834]}, "properties": {"plot_id": "Ames-4232-9-17", "site_id": "Ames", "year": 2022, "actual": 126.88, "pred_records": 49.3, "resid_records": 77.6, "pred_tp1": 51.8, "resid_tp1": 75.0, "pred_tp2": 125.6, "resid_tp2": 1.3, "pred_tp3": 112.8, "resid_tp3": 14.1, "pred_tp4": 115.3, "resid_tp4": 11.6, "pred_tp5": 80.0, "resid_tp5": 46.9, "pred_tp6": 44.3, "resid_tp6": 82.6}}, {"type": "Feature", "geometry": {"type": "Point", "coordinates": [-93.7325797, 42.0149832]}, "properties": {"plot_id": "Ames-4232-9-18", "site_id": "Ames", "year": 2022, "actual": 121.7, "pred_records": 49.3, "resid_records": 72.4, "pred_tp1": 66.3, "resid_tp1": 55.4, "pred_tp2": 127.5, "resid_tp2": -5.8, "pred_tp3": 122.5, "resid_tp3": -0.8, "pred_tp4": 123.5, "resid_tp4": -1.8, "pred_tp5": 93.4, "resid_tp5": 28.3, "pred_tp6": 50.3, "resid_tp6": 71.4}}, {"type": "Feature", "geometry": {"type": "Point", "coordinates": [-93.7326159, 42.014983]}, "properties": {"plot_id": "Ames-4232-9-19", "site_id": "Ames", "year": 2022, "actual": 83.59, "pred_records": 49.3, "resid_records": 34.3, "pred_tp1": 52.6, "resid_tp1": 31.0, "pred_tp2": 116.6, "resid_tp2": -33.0, "pred_tp3": 113.0, "resid_tp3": -29.4, "pred_tp4": 109.4, "resid_tp4": -25.8, "pred_tp5": 77.2, "resid_tp5": 6.4, "pred_tp6": 67.3, "resid_tp6": 16.3}}, {"type": "Feature", "geometry": {"type": "Point", "coordinates": [-93.7326522, 42.0149827]}, "properties": {"plot_id": "Ames-4232-9-20", "site_id": "Ames", "year": 2022, "actual": 146.79, "pred_records": 49.3, "resid_records": 97.5, "pred_tp1": 59.6, "resid_tp1": 87.2, "pred_tp2": 118.1, "resid_tp2": 28.7, "pred_tp3": 110.6, "resid_tp3": 36.2, "pred_tp4": 108.2, "resid_tp4": 38.5, "pred_tp5": 76.5, "resid_tp5": 70.3, "pred_tp6": 77.5, "resid_tp6": 69.3}}, {"type": "Feature", "geometry": {"type": "Point", "coordinates": [-93.7326884, 42.0149825]}, "properties": {"plot_id": "Ames-4232-9-21", "site_id": "Ames", "year": 2022, "actual": 91.36, "pred_records": 60.5, "resid_records": 30.9, "pred_tp1": 37.0, "resid_tp1": 54.3, "pred_tp2": 115.6, "resid_tp2": -24.3, "pred_tp3": 102.8, "resid_tp3": -11.5, "pred_tp4": 102.4, "resid_tp4": -11.0, "pred_tp5": 79.5, "resid_tp5": 11.8, "pred_tp6": 74.1, "resid_tp6": 17.3}}, {"type": "Feature", "geometry": {"type": "Point", "coordinates": [-93.7327264, 42.0149823]}, "properties": {"plot_id": "Ames-4232-9-22", "site_id": "Ames", "year": 2022, "actual": 148.82, "pred_records": 81.2, "resid_records": 67.6, "pred_tp1": 41.6, "resid_tp1": 107.2, "pred_tp2": 118.2, "resid_tp2": 30.6, "pred_tp3": 103.4, "resid_tp3": 45.5, "pred_tp4": 103.9, "resid_tp4": 44.9, "pred_tp5": 68.6, "resid_tp5": 80.2, "pred_tp6": 65.7, "resid_tp6": 83.1}}, {"type": "Feature", "geometry": {"type": "Point", "coordinates": [-93.7367354, 42.0123033]}, "properties": {"plot_id": "Ames-4233-10-10", "site_id": "Ames", "year": 2022, "actual": 127.82, "pred_records": 34.8, "resid_records": 93.0, "pred_tp1": 65.6, "resid_tp1": 62.2, "pred_tp2": 102.3, "resid_tp2": 25.5, "pred_tp3": 86.3, "resid_tp3": 41.5, "pred_tp4": 93.3, "resid_tp4": 34.5, "pred_tp5": 77.8, "resid_tp5": 50.0, "pred_tp6": 68.4, "resid_tp6": 59.4}}, {"type": "Feature", "geometry": {"type": "Point", "coordinates": [-93.736734, 42.0124924]}, "properties": {"plot_id": "Ames-4233-10-3", "site_id": "Ames", "year": 2022, "actual": 115.15, "pred_records": 34.8, "resid_records": 80.4, "pred_tp1": 47.7, "resid_tp1": 67.5, "pred_tp2": 99.9, "resid_tp2": 15.3, "pred_tp3": 93.6, "resid_tp3": 21.5, "pred_tp4": 102.5, "resid_tp4": 12.7, "pred_tp5": 69.7, "resid_tp5": 45.4, "pred_tp6": 57.0, "resid_tp6": 58.1}}, {"type": "Feature", "geometry": {"type": "Point", "coordinates": [-93.7367352, 42.0124384]}, "properties": {"plot_id": "Ames-4233-10-5", "site_id": "Ames", "year": 2022, "actual": 124.69, "pred_records": 34.8, "resid_records": 89.9, "pred_tp1": 54.1, "resid_tp1": 70.6, "pred_tp2": 99.6, "resid_tp2": 25.1, "pred_tp3": 81.6, "resid_tp3": 43.1, "pred_tp4": 92.3, "resid_tp4": 32.4, "pred_tp5": 70.3, "resid_tp5": 54.4, "pred_tp6": 62.5, "resid_tp6": 62.2}}, {"type": "Feature", "geometry": {"type": "Point", "coordinates": [-93.7367349, 42.0124114]}, "properties": {"plot_id": "Ames-4233-10-6", "site_id": "Ames", "year": 2022, "actual": 160.22, "pred_records": 34.8, "resid_records": 125.4, "pred_tp1": 55.8, "resid_tp1": 104.4, "pred_tp2": 89.4, "resid_tp2": 70.8, "pred_tp3": 91.0, "resid_tp3": 69.2, "pred_tp4": 89.0, "resid_tp4": 71.3, "pred_tp5": 74.2, "resid_tp5": 86.0, "pred_tp6": 67.0, "resid_tp6": 93.2}}, {"type": "Feature", "geometry": {"type": "Point", "coordinates": [-93.7367346, 42.0123843]}, "properties": {"plot_id": "Ames-4233-10-7", "site_id": "Ames", "year": 2022, "actual": 137.71, "pred_records": 34.8, "resid_records": 102.9, "pred_tp1": 70.7, "resid_tp1": 67.0, "pred_tp2": 95.5, "resid_tp2": 42.2, "pred_tp3": 82.6, "resid_tp3": 55.2, "pred_tp4": 84.4, "resid_tp4": 53.3, "pred_tp5": 85.1, "resid_tp5": 52.6, "pred_tp6": 77.8, "resid_tp6": 59.9}}, {"type": "Feature", "geometry": {"type": "Point", "coordinates": [-93.7367342, 42.0123573]}, "properties": {"plot_id": "Ames-4233-10-8", "site_id": "Ames", "year": 2022, "actual": 170.07, "pred_records": 34.8, "resid_records": 135.3, "pred_tp1": 59.1, "resid_tp1": 110.9, "pred_tp2": 88.1, "resid_tp2": 82.0, "pred_tp3": 91.1, "resid_tp3": 79.0, "pred_tp4": 82.6, "resid_tp4": 87.5, "pred_tp5": 74.2, "resid_tp5": 95.9, "pred_tp6": 72.3, "resid_tp6": 97.8}}, {"type": "Feature", "geometry": {"type": "Point", "coordinates": [-93.7367357, 42.0123303]}, "properties": {"plot_id": "Ames-4233-10-9", "site_id": "Ames", "year": 2022, "actual": 168.88, "pred_records": 34.8, "resid_records": 134.1, "pred_tp1": 59.7, "resid_tp1": 109.2, "pred_tp2": 103.1, "resid_tp2": 65.8, "pred_tp3": 100.8, "resid_tp3": 68.1, "pred_tp4": 99.6, "resid_tp4": 69.3, "pred_tp5": 72.7, "resid_tp5": 96.2, "pred_tp6": 62.7, "resid_tp6": 106.2}}, {"type": "Feature", "geometry": {"type": "Point", "coordinates": [-93.7366612, 42.0123024]}, "properties": {"plot_id": "Ames-4233-11-10", "site_id": "Ames", "year": 2022, "actual": 198.42, "pred_records": 34.8, "resid_records": 163.6, "pred_tp1": 70.9, "resid_tp1": 127.5, "pred_tp2": 103.3, "resid_tp2": 95.1, "pred_tp3": 100.3, "resid_tp3": 98.1, "pred_tp4": 101.7, "resid_tp4": 96.7, "pred_tp5": 81.5, "resid_tp5": 117.0, "pred_tp6": 60.4, "resid_tp6": 138.1}}, {"type": "Feature", "geometry": {"type": "Point", "coordinates": [-93.7366615, 42.0124929]}, "properties": {"plot_id": "Ames-4233-11-3", "site_id": "Ames", "year": 2022, "actual": 128.98, "pred_records": 34.8, "resid_records": 94.2, "pred_tp1": 48.9, "resid_tp1": 80.1, "pred_tp2": 107.7, "resid_tp2": 21.3, "pred_tp3": 81.7, "resid_tp3": 47.3, "pred_tp4": 107.4, "resid_tp4": 21.6, "pred_tp5": 77.3, "resid_tp5": 51.7, "pred_tp6": 44.5, "resid_tp6": 84.5}}, {"type": "Feature", "geometry": {"type": "Point", "coordinates": [-93.7366612, 42.0124659]}, "properties": {"plot_id": "Ames-4233-11-4", "site_id": "Ames", "year": 2022, "actual": 156.89, "pred_records": 34.8, "resid_records": 122.1, "pred_tp1": 67.1, "resid_tp1": 89.8, "pred_tp2": 109.5, "resid_tp2": 47.4, "pred_tp3": 85.7, "resid_tp3": 71.2, "pred_tp4": 106.2, "resid_tp4": 50.7, "pred_tp5": 93.7, "resid_tp5": 63.1, "pred_tp6": 72.5, "resid_tp6": 84.4}}, {"type": "Feature", "geometry": {"type": "Point", "coordinates": [-93.7366609, 42.0124389]}, "properties": {"plot_id": "Ames-4233-11-5", "site_id": "Ames", "year": 2022, "actual": 167.18, "pred_records": 34.8, "resid_records": 132.4, "pred_tp1": 63.6, "resid_tp1": 103.6, "pred_tp2": 110.8, "resid_tp2": 56.4, "pred_tp3": 98.1, "resid_tp3": 69.1, "pred_tp4": 88.1, "resid_tp4": 79.1, "pred_tp5": 78.1, "resid_tp5": 89.0, "pred_tp6": 57.1, "resid_tp6": 110.1}}, {"type": "Feature", "geometry": {"type": "Point", "coordinates": [-93.7366624, 42.0124118]}, "properties": {"plot_id": "Ames-4233-11-6", "site_id": "Ames", "year": 2022, "actual": 182.0, "pred_records": 94.1, "resid_records": 87.9, "pred_tp1": 76.7, "resid_tp1": 105.3, "pred_tp2": 103.2, "resid_tp2": 78.8, "pred_tp3": 86.1, "resid_tp3": 95.9, "pred_tp4": 84.5, "resid_tp4": 97.5, "pred_tp5": 76.5, "resid_tp5": 105.5, "pred_tp6": 63.7, "resid_tp6": 118.3}}, {"type": "Feature", "geometry": {"type": "Point", "coordinates": [-93.7366621, 42.0123848]}, "properties": {"plot_id": "Ames-4233-11-7", "site_id": "Ames", "year": 2022, "actual": 132.89, "pred_records": 34.8, "resid_records": 98.1, "pred_tp1": 38.1, "resid_tp1": 94.8, "pred_tp2": 86.6, "resid_tp2": 46.3, "pred_tp3": 89.5, "resid_tp3": 43.3, "pred_tp4": 81.0, "resid_tp4": 51.9, "pred_tp5": 66.8, "resid_tp5": 66.1, "pred_tp6": 58.4, "resid_tp6": 74.5}}, {"type": "Feature", "geometry": {"type": "Point", "coordinates": [-93.7366618, 42.0123578]}, "properties": {"plot_id": "Ames-4233-11-8", "site_id": "Ames", "year": 2022, "actual": 168.7, "pred_records": 34.8, "resid_records": 133.9, "pred_tp1": 59.4, "resid_tp1": 109.3, "pred_tp2": 89.3, "resid_tp2": 79.4, "pred_tp3": 79.6, "resid_tp3": 89.1, "pred_tp4": 81.1, "resid_tp4": 87.6, "pred_tp5": 74.0, "resid_tp5": 94.7, "pred_tp6": 67.4, "resid_tp6": 101.3}}, {"type": "Feature", "geometry": {"type": "Point", "coordinates": [-93.7366615, 42.0123294]}, "properties": {"plot_id": "Ames-4233-11-9", "site_id": "Ames", "year": 2022, "actual": 125.59, "pred_records": 34.8, "resid_records": 90.8, "pred_tp1": 65.6, "resid_tp1": 60.0, "pred_tp2": 95.4, "resid_tp2": 30.2, "pred_tp3": 77.7, "resid_tp3": 47.9, "pred_tp4": 84.3, "resid_tp4": 41.3, "pred_tp5": 78.4, "resid_tp5": 47.2, "pred_tp6": 79.1, "resid_tp6": 46.5}}, {"type": "Feature", "geometry": {"type": "Point", "coordinates": [-93.7365887, 42.0123015]}, "properties": {"plot_id": "Ames-4233-12-10", "site_id": "Ames", "year": 2022, "actual": 164.92, "pred_records": 34.8, "resid_records": 130.1, "pred_tp1": 77.1, "resid_tp1": 87.8, "pred_tp2": 100.6, "resid_tp2": 64.4, "pred_tp3": 86.2, "resid_tp3": 78.7, "pred_tp4": 114.6, "resid_tp4": 50.3, "pred_tp5": 83.3, "resid_tp5": 81.6, "pred_tp6": 71.9, "resid_tp6": 93.0}}, {"type": "Feature", "geometry": {"type": "Point", "coordinates": [-93.7365873, 42.0124934]}, "properties": {"plot_id": "Ames-4233-12-3", "site_id": "Ames", "year": 2022, "actual": 103.34, "pred_records": 34.8, "resid_records": 68.5, "pred_tp1": 40.6, "resid_tp1": 62.7, "pred_tp2": 92.6, "resid_tp2": 10.7, "pred_tp3": 94.1, "resid_tp3": 9.2, "pred_tp4": 86.6, "resid_tp4": 16.8, "pred_tp5": 71.1, "resid_tp5": 32.2, "pred_tp6": 48.9, "resid_tp6": 54.4}}, {"type": "Feature", "geometry": {"type": "Point", "coordinates": [-93.736587, 42.0124663]}, "properties": {"plot_id": "Ames-4233-12-4", "site_id": "Ames", "year": 2022, "actual": 174.48, "pred_records": 34.8, "resid_records": 139.7, "pred_tp1": 69.2, "resid_tp1": 105.3, "pred_tp2": 112.6, "resid_tp2": 61.9, "pred_tp3": 88.4, "resid_tp3": 86.0, "pred_tp4": 108.4, "resid_tp4": 66.0, "pred_tp5": 90.3, "resid_tp5": 84.2, "pred_tp6": 84.9, "resid_tp6": 89.6}}, {"type": "Feature", "geometry": {"type": "Point", "coordinates": [-93.7365885, 42.0124393]}, "properties": {"plot_id": "Ames-4233-12-5", "site_id": "Ames", "year": 2022, "actual": 157.36, "pred_records": 34.8, "resid_records": 122.6, "pred_tp1": 58.6, "resid_tp1": 98.7, "pred_tp2": 107.9, "resid_tp2": 49.5, "pred_tp3": 99.2, "resid_tp3": 58.2, "pred_tp4": 107.1, "resid_tp4": 50.3, "pred_tp5": 80.3, "resid_tp5": 77.1, "pred_tp6": 68.9, "resid_tp6": 88.5}}, {"type": "Feature", "geometry": {"type": "Point", "coordinates": [-93.7365881, 42.0124123]}, "properties": {"plot_id": "Ames-4233-12-6", "site_id": "Ames", "year": 2022, "actual": 164.72, "pred_records": 34.8, "resid_records": 129.9, "pred_tp1": 63.0, "resid_tp1": 101.7, "pred_tp2": 103.3, "resid_tp2": 61.4, "pred_tp3": 96.4, "resid_tp3": 68.4, "pred_tp4": 88.7, "resid_tp4": 76.0, "pred_tp5": 75.4, "resid_tp5": 89.3, "pred_tp6": 65.7, "resid_tp6": 99.0}}, {"type": "Feature", "geometry": {"type": "Point", "coordinates": [-93.7365878, 42.0123839]}, "properties": {"plot_id": "Ames-4233-12-7", "site_id": "Ames", "year": 2022, "actual": 132.96, "pred_records": 41.1, "resid_records": 91.9, "pred_tp1": 38.3, "resid_tp1": 94.7, "pred_tp2": 92.9, "resid_tp2": 40.0, "pred_tp3": 90.1, "resid_tp3": 42.9, "pred_tp4": 89.9, "resid_tp4": 43.1, "pred_tp5": 75.1, "resid_tp5": 57.9, "pred_tp6": 67.9, "resid_tp6": 65.1}}, {"type": "Feature", "geometry": {"type": "Point", "coordinates": [-93.7365893, 42.0123569]}, "properties": {"plot_id": "Ames-4233-12-8", "site_id": "Ames", "year": 2022, "actual": 195.96, "pred_records": 34.8, "resid_records": 161.2, "pred_tp1": 63.3, "resid_tp1": 132.6, "pred_tp2": 98.9, "resid_tp2": 97.1, "pred_tp3": 93.0, "resid_tp3": 103.0, "pred_tp4": 101.6, "resid_tp4": 94.3, "pred_tp5": 75.3, "resid_tp5": 120.6, "pred_tp6": 71.2, "resid_tp6": 124.8}}, {"type": "Feature", "geometry": {"type": "Point", "coordinates": [-93.736589, 42.0123299]}, "properties": {"plot_id": "Ames-4233-12-9", "site_id": "Ames", "year": 2022, "actual": 221.49, "pred_records": 34.8, "resid_records": 186.7, "pred_tp1": 74.0, "resid_tp1": 147.5, "pred_tp2": 115.3, "resid_tp2": 106.2, "pred_tp3": 110.6, "resid_tp3": 110.9, "pred_tp4": 109.8, "resid_tp4": 111.7, "pred_tp5": 78.7, "resid_tp5": 142.8, "pred_tp6": 51.8, "resid_tp6": 169.7}}, {"type": "Feature", "geometry": {"type": "Point", "coordinates": [-93.7365162, 42.012302]}, "properties": {"plot_id": "Ames-4233-13-10", "site_id": "Ames", "year": 2022, "actual": 163.96, "pred_records": 34.8, "resid_records": 129.2, "pred_tp1": 64.4, "resid_tp1": 99.6, "pred_tp2": 102.8, "resid_tp2": 61.2, "pred_tp3": 102.1, "resid_tp3": 61.8, "pred_tp4": 105.1, "resid_tp4": 58.8, "pred_tp5": 89.2, "resid_tp5": 74.8, "pred_tp6": 81.2, "resid_tp6": 82.8}}, {"type": "Feature", "geometry": {"type": "Point", "coordinates": [-93.7365148, 42.0124938]}, "properties": {"plot_id": "Ames-4233-13-3", "site_id": "Ames", "year": 2022, "actual": 125.56, "pred_records": 34.8, "resid_records": 90.8, "pred_tp1": 49.9, "resid_tp1": 75.6, "pred_tp2": 91.3, "resid_tp2": 34.3, "pred_tp3": 90.0, "resid_tp3": 35.5, "pred_tp4": 92.0, "resid_tp4": 33.6, "pred_tp5": 71.8, "resid_tp5": 53.8, "pred_tp6": 62.0, "resid_tp6": 63.5}}, {"type": "Feature", "geometry": {"type": "Point", "coordinates": [-93.7365145, 42.0124668]}, "properties": {"plot_id": "Ames-4233-13-4", "site_id": "Ames", "year": 2022, "actual": 171.52, "pred_records": 34.8, "resid_records": 136.7, "pred_tp1": 47.1, "resid_tp1": 124.4, "pred_tp2": 105.4, "resid_tp2": 66.1, "pred_tp3": 103.8, "resid_tp3": 67.7, "pred_tp4": 96.9, "resid_tp4": 74.6, "pred_tp5": 73.4, "resid_tp5": 98.1, "pred_tp6": 73.8, "resid_tp6": 97.8}}, {"type": "Feature", "geometry": {"type": "Point", "coordinates": [-93.7365142, 42.0124384]}, "properties": {"plot_id": "Ames-4233-13-5", "site_id": "Ames", "year": 2022, "actual": 171.53, "pred_records": 34.8, "resid_records": 136.7, "pred_tp1": 63.7, "resid_tp1": 107.8, "pred_tp2": 106.6, "resid_tp2": 65.0, "pred_tp3": 98.2, "resid_tp3": 73.4, "pred_tp4": 112.7, "resid_tp4": 58.8, "pred_tp5": 73.6, "resid_tp5": 98.0, "pred_tp6": 67.1, "resid_tp6": 104.4}}, {"type": "Feature", "geometry": {"type": "Point", "coordinates": [-93.7365139, 42.0124114]}, "properties": {"plot_id": "Ames-4233-13-6", "site_id": "Ames", "year": 2022, "actual": 153.61, "pred_records": 34.8, "resid_records": 118.8, "pred_tp1": 48.0, "resid_tp1": 105.6, "pred_tp2": 99.1, "resid_tp2": 54.5, "pred_tp3": 95.1, "resid_tp3": 58.5, "pred_tp4": 92.8, "resid_tp4": 60.8, "pred_tp5": 66.2, "resid_tp5": 87.4, "pred_tp6": 65.9, "resid_tp6": 87.7}}, {"type": "Feature", "geometry": {"type": "Point", "coordinates": [-93.7365154, 42.0123844]}, "properties": {"plot_id": "Ames-4233-13-7", "site_id": "Ames", "year": 2022, "actual": 155.02, "pred_records": 41.1, "resid_records": 113.9, "pred_tp1": 76.9, "resid_tp1": 78.2, "pred_tp2": 101.4, "resid_tp2": 53.6, "pred_tp3": 93.3, "resid_tp3": 61.7, "pred_tp4": 91.0, "resid_tp4": 64.0, "pred_tp5": 85.3, "resid_tp5": 69.7, "pred_tp6": 75.4, "resid_tp6": 79.6}}, {"type": "Feature", "geometry": {"type": "Point", "coordinates": [-93.736515, 42.012356]}, "properties": {"plot_id": "Ames-4233-13-8", "site_id": "Ames", "year": 2022, "actual": 188.24, "pred_records": 34.8, "resid_records": 153.4, "pred_tp1": 60.3, "resid_tp1": 128.0, "pred_tp2": 93.7, "resid_tp2": 94.6, "pred_tp3": 92.6, "resid_tp3": 95.7, "pred_tp4": 89.9, "resid_tp4": 98.3, "pred_tp5": 74.1, "resid_tp5": 114.1, "pred_tp6": 73.4, "resid_tp6": 114.8}}, {"type": "Feature", "geometry": {"type": "Point", "coordinates": [-93.7365147, 42.012329]}, "properties": {"plot_id": "Ames-4233-13-9", "site_id": "Ames", "year": 2022, "actual": 143.07, "pred_records": 41.1, "resid_records": 102.0, "pred_tp1": 37.0, "resid_tp1": 106.0, "pred_tp2": 93.3, "resid_tp2": 49.8, "pred_tp3": 89.5, "resid_tp3": 53.6, "pred_tp4": 90.7, "resid_tp4": 52.4, "pred_tp5": 81.0, "resid_tp5": 62.1, "pred_tp6": 72.0, "resid_tp6": 71.0}}, {"type": "Feature", "geometry": {"type": "Point", "coordinates": [-93.736442, 42.0123025]}, "properties": {"plot_id": "Ames-4233-14-10", "site_id": "Ames", "year": 2022, "actual": 170.56, "pred_records": 34.8, "resid_records": 135.8, "pred_tp1": 57.0, "resid_tp1": 113.6, "pred_tp2": 90.2, "resid_tp2": 80.4, "pred_tp3": 97.9, "resid_tp3": 72.7, "pred_tp4": 93.9, "resid_tp4": 76.7, "pred_tp5": 76.4, "resid_tp5": 94.2, "pred_tp6": 76.8, "resid_tp6": 93.7}}, {"type": "Feature", "geometry": {"type": "Point", "coordinates": [-93.7364405, 42.012493]}, "properties": {"plot_id": "Ames-4233-14-3", "site_id": "Ames", "year": 2022, "actual": 162.27, "pred_records": 34.8, "resid_records": 127.5, "pred_tp1": 54.3, "resid_tp1": 108.0, "pred_tp2": 107.8, "resid_tp2": 54.4, "pred_tp3": 100.2, "resid_tp3": 62.1, "pred_tp4": 101.4, "resid_tp4": 60.8, "pred_tp5": 74.2, "resid_tp5": 88.0, "pred_tp6": 61.2, "resid_tp6": 101.1}}, {"type": "Feature", "geometry": {"type": "Point", "coordinates": [-93.736442, 42.0124659]}, "properties": {"plot_id": "Ames-4233-14-4", "site_id": "Ames", "year": 2022, "actual": 151.74, "pred_records": 34.8, "resid_records": 116.9, "pred_tp1": 54.4, "resid_tp1": 97.3, "pred_tp2": 103.9, "resid_tp2": 47.9, "pred_tp3": 76.2, "resid_tp3": 75.6, "pred_tp4": 93.7, "resid_tp4": 58.1, "pred_tp5": 82.6, "resid_tp5": 69.1, "pred_tp6": 77.2, "resid_tp6": 74.6}}, {"type": "Feature", "geometry": {"type": "Point", "coordinates": [-93.7364417, 42.0124389]}, "properties": {"plot_id": "Ames-4233-14-5", "site_id": "Ames", "year": 2022, "actual": 160.85, "pred_records": 34.8, "resid_records": 126.1, "pred_tp1": 62.0, "resid_tp1": 98.8, "pred_tp2": 104.1, "resid_tp2": 56.7, "pred_tp3": 67.9, "resid_tp3": 92.9, "pred_tp4": 91.8, "resid_tp4": 69.0, "pred_tp5": 81.2, "resid_tp5": 79.7, "pred_tp6": 79.6, "resid_tp6": 81.2}}, {"type": "Feature", "geometry": {"type": "Point", "coordinates": [-93.7364414, 42.0124105]}, "properties": {"plot_id": "Ames-4233-14-6", "site_id": "Ames", "year": 2022, "actual": 141.97, "pred_records": 34.8, "resid_records": 107.2, "pred_tp1": 68.4, "resid_tp1": 73.6, "pred_tp2": 109.7, "resid_tp2": 32.3, "pred_tp3": 86.6, "resid_tp3": 55.3, "pred_tp4": 80.7, "resid_tp4": 61.2, "pred_tp5": 71.7, "resid_tp5": 70.3, "pred_tp6": 54.8, "resid_tp6": 87.2}}, {"type": "Feature", "geometry": {"type": "Point", "coordinates": [-93.7364411, 42.0123835]}, "properties": {"plot_id": "Ames-4233-14-7", "site_id": "Ames", "year": 2022, "actual": 137.7, "pred_records": 34.8, "resid_records": 102.9, "pred_tp1": 59.4, "resid_tp1": 78.3, "pred_tp2": 93.5, "resid_tp2": 44.2, "pred_tp3": 95.8, "resid_tp3": 41.9, "pred_tp4": 94.2, "resid_tp4": 43.5, "pred_tp5": 71.4, "resid_tp5": 66.3, "pred_tp6": 63.6, "resid_tp6": 74.1}}, {"type": "Feature", "geometry": {"type": "Point", "coordinates": [-93.7364423, 42.0123295]}, "properties": {"plot_id": "Ames-4233-14-9", "site_id": "Ames", "year": 2022, "actual": 175.02, "pred_records": 34.8, "resid_records": 140.2, "pred_tp1": 65.9, "resid_tp1": 109.1, "pred_tp2": 92.7, "resid_tp2": 82.3, "pred_tp3": 91.5, "resid_tp3": 83.6, "pred_tp4": 81.1, "resid_tp4": 93.9, "pred_tp5": 74.9, "resid_tp5": 100.1, "pred_tp6": 60.5, "resid_tp6": 114.5}}, {"type": "Feature", "geometry": {"type": "Point", "coordinates": [-93.7363695, 42.0123029]}, "properties": {"plot_id": "Ames-4233-15-10", "site_id": "Ames", "year": 2022, "actual": 181.96, "pred_records": 34.8, "resid_records": 147.2, "pred_tp1": 43.1, "resid_tp1": 138.9, "pred_tp2": 98.2, "resid_tp2": 83.8, "pred_tp3": 106.0, "resid_tp3": 76.0, "pred_tp4": 110.9, "resid_tp4": 71.0, "pred_tp5": 88.9, "resid_tp5": 93.1, "pred_tp6": 74.7, "resid_tp6": 107.2}}, {"type": "Feature", "geometry": {"type": "Point", "coordinates": [-93.7363681, 42.0124934]}, "properties": {"plot_id": "Ames-4233-15-3", "site_id": "Ames", "year": 2022, "actual": 163.37, "pred_records": 34.8, "resid_records": 128.6, "pred_tp1": 42.5, "resid_tp1": 120.9, "pred_tp2": 103.0, "resid_tp2": 60.4, "pred_tp3": 88.2, "resid_tp3": 75.1, "pred_tp4": 82.2, "resid_tp4": 81.2, "pred_tp5": 73.5, "resid_tp5": 89.9, "pred_tp6": 58.6, "resid_tp6": 104.8}}, {"type": "Feature", "geometry": {"type": "Point", "coordinates": [-93.7363677, 42.0124651]}, "properties": {"plot_id": "Ames-4233-15-4", "site_id": "Ames", "year": 2022, "actual": 147.61, "pred_records": 34.8, "resid_records": 112.8, "pred_tp1": 42.7, "resid_tp1": 104.9, "pred_tp2": 87.8, "resid_tp2": 59.8, "pred_tp3": 72.9, "resid_tp3": 74.7, "pred_tp4": 69.4, "resid_tp4": 78.2, "pred_tp5": 63.3, "resid_tp5": 84.3, "pred_tp6": 60.6, "resid_tp6": 87.0}}, {"type": "Feature", "geometry": {"type": "Point", "coordinates": [-93.7363692, 42.012438]}, "properties": {"plot_id": "Ames-4233-15-5", "site_id": "Ames", "year": 2022, "actual": 166.84, "pred_records": 34.8, "resid_records": 132.0, "pred_tp1": 58.7, "resid_tp1": 108.2, "pred_tp2": 86.3, "resid_tp2": 80.6, "pred_tp3": 82.6, "resid_tp3": 84.2, "pred_tp4": 83.7, "resid_tp4": 83.1, "pred_tp5": 67.0, "resid_tp5": 99.8, "pred_tp6": 51.6, "resid_tp6": 115.3}}, {"type": "Feature", "geometry": {"type": "Point", "coordinates": [-93.7363689, 42.012411]}, "properties": {"plot_id": "Ames-4233-15-6", "site_id": "Ames", "year": 2022, "actual": 122.36, "pred_records": 34.8, "resid_records": 87.6, "pred_tp1": 50.3, "resid_tp1": 72.1, "pred_tp2": 86.9, "resid_tp2": 35.5, "pred_tp3": 69.6, "resid_tp3": 52.8, "pred_tp4": 63.0, "resid_tp4": 59.4, "pred_tp5": 62.7, "resid_tp5": 59.6, "pred_tp6": 50.2, "resid_tp6": 72.2}}, {"type": "Feature", "geometry": {"type": "Point", "coordinates": [-93.7363686, 42.012384]}, "properties": {"plot_id": "Ames-4233-15-7", "site_id": "Ames", "year": 2022, "actual": 119.26, "pred_records": 34.8, "resid_records": 84.5, "pred_tp1": 37.1, "resid_tp1": 82.2, "pred_tp2": 97.3, "resid_tp2": 22.0, "pred_tp3": 92.1, "resid_tp3": 27.2, "pred_tp4": 82.0, "resid_tp4": 37.2, "pred_tp5": 61.1, "resid_tp5": 58.2, "pred_tp6": 51.5, "resid_tp6": 67.7}}, {"type": "Feature", "geometry": {"type": "Point", "coordinates": [-93.7363683, 42.012357]}, "properties": {"plot_id": "Ames-4233-15-8", "site_id": "Ames", "year": 2022, "actual": 184.74, "pred_records": 34.8, "resid_records": 149.9, "pred_tp1": 69.5, "resid_tp1": 115.3, "pred_tp2": 108.1, "resid_tp2": 76.6, "pred_tp3": 100.6, "resid_tp3": 84.1, "pred_tp4": 99.9, "resid_tp4": 84.8, "pred_tp5": 80.5, "resid_tp5": 104.2, "pred_tp6": 70.1, "resid_tp6": 114.7}}, {"type": "Feature", "geometry": {"type": "Point", "coordinates": [-93.736368, 42.01233]}, "properties": {"plot_id": "Ames-4233-15-9", "site_id": "Ames", "year": 2022, "actual": 170.47, "pred_records": 34.8, "resid_records": 135.7, "pred_tp1": 61.4, "resid_tp1": 109.0, "pred_tp2": 101.8, "resid_tp2": 68.7, "pred_tp3": 81.2, "resid_tp3": 89.3, "pred_tp4": 85.6, "resid_tp4": 84.9, "pred_tp5": 77.8, "resid_tp5": 92.7, "pred_tp6": 67.9, "resid_tp6": 102.6}}, {"type": "Feature", "geometry": {"type": "Point", "coordinates": [-93.7362952, 42.0123034]}, "properties": {"plot_id": "Ames-4233-16-10", "site_id": "Ames", "year": 2022, "actual": 123.1, "pred_records": 34.8, "resid_records": 88.3, "pred_tp1": 39.9, "resid_tp1": 83.2, "pred_tp2": 90.8, "resid_tp2": 32.3, "pred_tp3": 84.2, "resid_tp3": 38.9, "pred_tp4": 81.9, "resid_tp4": 41.2, "pred_tp5": 64.0, "resid_tp5": 59.1, "pred_tp6": 59.6, "resid_tp6": 63.5}}, {"type": "Feature", "geometry": {"type": "Point", "coordinates": [-93.7362938, 42.0124925]}, "properties": {"plot_id": "Ames-4233-16-3", "site_id": "Ames", "year": 2022, "actual": 114.57, "pred_records": 34.8, "resid_records": 79.8, "pred_tp1": 41.0, "resid_tp1": 73.6, "pred_tp2": 96.2, "resid_tp2": 18.4, "pred_tp3": 67.5, "resid_tp3": 47.1, "pred_tp4": 55.9, "resid_tp4": 58.6, "pred_tp5": 61.0, "resid_tp5": 53.6, "pred_tp6": 64.9, "resid_tp6": 49.7}}, {"type": "Feature", "geometry": {"type": "Point", "coordinates": [-93.7362953, 42.0124655]}, "properties": {"plot_id": "Ames-4233-16-4", "site_id": "Ames", "year": 2022, "actual": 116.21, "pred_records": 34.8, "resid_records": 81.4, "pred_tp1": 49.0, "resid_tp1": 67.2, "pred_tp2": 94.0, "resid_tp2": 22.2, "pred_tp3": 73.0, "resid_tp3": 43.2, "pred_tp4": 73.1, "resid_tp4": 43.1, "pred_tp5": 65.3, "resid_tp5": 51.0, "pred_tp6": 54.2, "resid_tp6": 62.0}}, {"type": "Feature", "geometry": {"type": "Point", "coordinates": [-93.736295, 42.0124385]}, "properties": {"plot_id": "Ames-4233-16-5", "site_id": "Ames", "year": 2022, "actual": 145.92, "pred_records": 34.8, "resid_records": 111.1, "pred_tp1": 54.4, "resid_tp1": 91.5, "pred_tp2": 88.4, "resid_tp2": 57.5, "pred_tp3": 82.0, "resid_tp3": 63.9, "pred_tp4": 82.0, "resid_tp4": 63.9, "pred_tp5": 71.1, "resid_tp5": 74.8, "pred_tp6": 68.7, "resid_tp6": 77.3}}, {"type": "Feature", "geometry": {"type": "Point", "coordinates": [-93.7362947, 42.0124115]}, "properties": {"plot_id": "Ames-4233-16-6", "site_id": "Ames", "year": 2022, "actual": 161.11, "pred_records": 34.8, "resid_records": 126.3, "pred_tp1": 46.2, "resid_tp1": 114.9, "pred_tp2": 96.3, "resid_tp2": 64.8, "pred_tp3": 92.0, "resid_tp3": 69.1, "pred_tp4": 80.3, "resid_tp4": 80.8, "pred_tp5": 67.2, "resid_tp5": 93.9, "pred_tp6": 60.4, "resid_tp6": 100.7}}, {"type": "Feature", "geometry": {"type": "Point", "coordinates": [-93.7362962, 42.0123845]}, "properties": {"plot_id": "Ames-4233-16-7", "site_id": "Ames", "year": 2022, "actual": 152.37, "pred_records": 34.8, "resid_records": 117.6, "pred_tp1": 36.5, "resid_tp1": 115.8, "pred_tp2": 90.5, "resid_tp2": 61.8, "pred_tp3": 89.9, "resid_tp3": 62.5, "pred_tp4": 81.2, "resid_tp4": 71.1, "pred_tp5": 64.2, "resid_tp5": 88.2, "pred_tp6": 59.4, "resid_tp6": 93.0}}, {"type": "Feature", "geometry": {"type": "Point", "coordinates": [-93.7362959, 42.0123574]}, "properties": {"plot_id": "Ames-4233-16-8", "site_id": "Ames", "year": 2022, "actual": 172.27, "pred_records": 56.7, "resid_records": 115.6, "pred_tp1": 62.2, "resid_tp1": 110.1, "pred_tp2": 102.8, "resid_tp2": 69.5, "pred_tp3": 109.8, "resid_tp3": 62.5, "pred_tp4": 104.9, "resid_tp4": 67.4, "pred_tp5": 79.3, "resid_tp5": 93.0, "pred_tp6": 63.3, "resid_tp6": 108.9}}, {"type": "Feature", "geometry": {"type": "Point", "coordinates": [-93.7362955, 42.0123304]}, "properties": {"plot_id": "Ames-4233-16-9", "site_id": "Ames", "year": 2022, "actual": 122.41, "pred_records": 34.8, "resid_records": 87.6, "pred_tp1": 38.9, "resid_tp1": 83.5, "pred_tp2": 93.6, "resid_tp2": 28.8, "pred_tp3": 93.9, "resid_tp3": 28.5, "pred_tp4": 88.3, "resid_tp4": 34.1, "pred_tp5": 64.2, "resid_tp5": 58.2, "pred_tp6": 56.9, "resid_tp6": 65.5}}, {"type": "Feature", "geometry": {"type": "Point", "coordinates": [-93.7362228, 42.0123025]}, "properties": {"plot_id": "Ames-4233-17-10", "site_id": "Ames", "year": 2022, "actual": 138.8, "pred_records": 34.8, "resid_records": 104.0, "pred_tp1": 50.7, "resid_tp1": 88.1, "pred_tp2": 97.1, "resid_tp2": 41.7, "pred_tp3": 86.3, "resid_tp3": 52.5, "pred_tp4": 91.9, "resid_tp4": 46.9, "pred_tp5": 75.3, "resid_tp5": 63.5, "pred_tp6": 73.8, "resid_tp6": 65.0}}, {"type": "Feature", "geometry": {"type": "Point", "coordinates": [-93.7362213, 42.012493]}, "properties": {"plot_id": "Ames-4233-17-3", "site_id": "Ames", "year": 2022, "actual": 117.75, "pred_records": 34.8, "resid_records": 83.0, "pred_tp1": 48.6, "resid_tp1": 69.1, "pred_tp2": 97.6, "resid_tp2": 20.1, "pred_tp3": 71.9, "resid_tp3": 45.8, "pred_tp4": 82.2, "resid_tp4": 35.6, "pred_tp5": 64.7, "resid_tp5": 53.1, "pred_tp6": 40.1, "resid_tp6": 77.7}}, {"type": "Feature", "geometry": {"type": "Point", "coordinates": [-93.736221, 42.012466]}, "properties": {"plot_id": "Ames-4233-17-4", "site_id": "Ames", "year": 2022, "actual": 126.57, "pred_records": 34.8, "resid_records": 91.8, "pred_tp1": 41.4, "resid_tp1": 85.2, "pred_tp2": 99.3, "resid_tp2": 27.2, "pred_tp3": 60.7, "resid_tp3": 65.8, "pred_tp4": 77.1, "resid_tp4": 49.5, "pred_tp5": 65.3, "resid_tp5": 61.3, "pred_tp6": 52.0, "resid_tp6": 74.5}}, {"type": "Feature", "geometry": {"type": "Point", "coordinates": [-93.7362207, 42.012439]}, "properties": {"plot_id": "Ames-4233-17-5", "site_id": "Ames", "year": 2022, "actual": 135.91, "pred_records": 34.8, "resid_records": 101.1, "pred_tp1": 54.2, "resid_tp1": 81.7, "pred_tp2": 103.2, "resid_tp2": 32.7, "pred_tp3": 66.5, "resid_tp3": 69.4, "pred_tp4": 87.0, "resid_tp4": 48.9, "pred_tp5": 76.0, "resid_tp5": 59.9, "pred_tp6": 72.5, "resid_tp6": 63.4}}, {"type": "Feature", "geometry": {"type": "Point", "coordinates": [-93.7362222, 42.0124119]}, "properties": {"plot_id": "Ames-4233-17-6", "site_id": "Ames", "year": 2022, "actual": 114.85, "pred_records": 34.8, "resid_records": 80.1, "pred_tp1": 38.2, "resid_tp1": 76.7, "pred_tp2": 97.1, "resid_tp2": 17.7, "pred_tp3": 68.0, "resid_tp3": 46.8, "pred_tp4": 64.6, "resid_tp4": 50.2, "pred_tp5": 61.9, "resid_tp5": 53.0, "pred_tp6": 52.6, "resid_tp6": 62.3}}, {"type": "Feature", "geometry": {"type": "Point", "coordinates": [-93.7362219, 42.0123849]}, "properties": {"plot_id": "Ames-4233-17-7", "site_id": "Ames", "year": 2022, "actual": 151.07, "pred_records": 68.3, "resid_records": 82.8, "pred_tp1": 50.5, "resid_tp1": 100.6, "pred_tp2": 105.5, "resid_tp2": 45.6, "pred_tp3": 67.5, "resid_tp3": 83.6, "pred_tp4": 73.7, "resid_tp4": 77.4, "pred_tp5": 59.3, "resid_tp5": 91.7, "pred_tp6": 53.8, "resid_tp6": 97.3}}, {"type": "Feature", "geometry": {"type": "Point", "coordinates": [-93.7362216, 42.0123579]}, "properties": {"plot_id": "Ames-4233-17-8", "site_id": "Ames", "year": 2022, "actual": 142.83, "pred_records": 34.8, "resid_records": 108.0, "pred_tp1": 48.1, "resid_tp1": 94.8, "pred_tp2": 96.9, "resid_tp2": 46.0, "pred_tp3": 79.2, "resid_tp3": 63.7, "pred_tp4": 87.3, "resid_tp4": 55.5, "pred_tp5": 68.5, "resid_tp5": 74.4, "pred_tp6": 59.5, "resid_tp6": 83.4}}, {"type": "Feature", "geometry": {"type": "Point", "coordinates": [-93.7362231, 42.0123295]}, "properties": {"plot_id": "Ames-4233-17-9", "site_id": "Ames", "year": 2022, "actual": 97.88, "pred_records": 34.8, "resid_records": 63.1, "pred_tp1": 31.6, "resid_tp1": 66.2, "pred_tp2": 92.9, "resid_tp2": 4.9, "pred_tp3": 61.3, "resid_tp3": 36.6, "pred_tp4": 74.1, "resid_tp4": 23.7, "pred_tp5": 51.9, "resid_tp5": 46.0, "pred_tp6": 41.5, "resid_tp6": 56.4}}, {"type": "Feature", "geometry": {"type": "Point", "coordinates": [-93.7361485, 42.0123016]}, "properties": {"plot_id": "Ames-4233-18-10", "site_id": "Ames", "year": 2022, "actual": 131.49, "pred_records": 35.3, "resid_records": 96.2, "pred_tp1": 40.5, "resid_tp1": 91.0, "pred_tp2": 85.5, "resid_tp2": 46.0, "pred_tp3": 75.2, "resid_tp3": 56.3, "pred_tp4": 64.6, "resid_tp4": 66.8, "pred_tp5": 59.3, "resid_tp5": 72.2, "pred_tp6": 45.3, "resid_tp6": 86.1}}, {"type": "Feature", "geometry": {"type": "Point", "coordinates": [-93.7361489, 42.0124935]}, "properties": {"plot_id": "Ames-4233-18-3", "site_id": "Ames", "year": 2022, "actual": 86.79, "pred_records": 34.8, "resid_records": 52.0, "pred_tp1": 74.8, "resid_tp1": 12.0, "pred_tp2": 95.0, "resid_tp2": -8.2, "pred_tp3": 72.9, "resid_tp3": 13.9, "pred_tp4": 74.4, "resid_tp4": 12.4, "pred_tp5": 55.9, "resid_tp5": 30.9, "pred_tp6": 63.1, "resid_tp6": 23.7}}, {"type": "Feature", "geometry": {"type": "Point", "coordinates": [-93.7361486, 42.0124665]}, "properties": {"plot_id": "Ames-4233-18-4", "site_id": "Ames", "year": 2022, "actual": 148.68, "pred_records": 34.8, "resid_records": 113.9, "pred_tp1": 63.2, "resid_tp1": 85.5, "pred_tp2": 112.0, "resid_tp2": 36.7, "pred_tp3": 92.5, "resid_tp3": 56.2, "pred_tp4": 85.2, "resid_tp4": 63.4, "pred_tp5": 76.8, "resid_tp5": 71.9, "pred_tp6": 62.4, "resid_tp6": 86.3}}, {"type": "Feature", "geometry": {"type": "Point", "coordinates": [-93.7361479, 42.0124124]}, "properties": {"plot_id": "Ames-4233-18-6", "site_id": "Ames", "year": 2022, "actual": 165.13, "pred_records": 34.8, "resid_records": 130.3, "pred_tp1": 56.2, "resid_tp1": 109.0, "pred_tp2": 94.4, "resid_tp2": 70.7, "pred_tp3": 82.4, "resid_tp3": 82.7, "pred_tp4": 81.8, "resid_tp4": 83.3, "pred_tp5": 63.1, "resid_tp5": 102.0, "pred_tp6": 52.3, "resid_tp6": 112.8}}, {"type": "Feature", "geometry": {"type": "Point", "coordinates": [-93.7361476, 42.0123841]}, "properties": {"plot_id": "Ames-4233-18-7", "site_id": "Ames", "year": 2022, "actual": 107.3, "pred_records": 34.8, "resid_records": 72.5, "pred_tp1": 67.0, "resid_tp1": 40.3, "pred_tp2": 101.2, "resid_tp2": 6.1, "pred_tp3": 78.1, "resid_tp3": 29.2, "pred_tp4": 78.7, "resid_tp4": 28.6, "pred_tp5": 73.0, "resid_tp5": 34.3, "pred_tp6": 61.7, "resid_tp6": 45.6}}, {"type": "Feature", "geometry": {"type": "Point", "coordinates": [-93.7361488, 42.01233]}, "properties": {"plot_id": "Ames-4233-18-9", "site_id": "Ames", "year": 2022, "actual": 117.95, "pred_records": 34.8, "resid_records": 83.2, "pred_tp1": 60.4, "resid_tp1": 57.6, "pred_tp2": 101.1, "resid_tp2": 16.8, "pred_tp3": 75.5, "resid_tp3": 42.5, "pred_tp4": 82.5, "resid_tp4": 35.5, "pred_tp5": 65.1, "resid_tp5": 52.8, "pred_tp6": 49.7, "resid_tp6": 68.3}}, {"type": "Feature", "geometry": {"type": "Point", "coordinates": [-93.736076, 42.0123021]}, "properties": {"plot_id": "Ames-4233-19-10", "site_id": "Ames", "year": 2022, "actual": 154.26, "pred_records": 34.8, "resid_records": 119.5, "pred_tp1": 80.0, "resid_tp1": 74.2, "pred_tp2": 101.9, "resid_tp2": 52.3, "pred_tp3": 81.0, "resid_tp3": 73.3, "pred_tp4": 88.7, "resid_tp4": 65.6, "pred_tp5": 70.6, "resid_tp5": 83.7, "pred_tp6": 68.7, "resid_tp6": 85.5}}, {"type": "Feature", "geometry": {"type": "Point", "coordinates": [-93.7360746, 42.012494]}, "properties": {"plot_id": "Ames-4233-19-3", "site_id": "Ames", "year": 2022, "actual": 76.95, "pred_records": 34.8, "resid_records": 42.2, "pred_tp1": 33.8, "resid_tp1": 43.2, "pred_tp2": 84.1, "resid_tp2": -7.2, "pred_tp3": 64.8, "resid_tp3": 12.2, "pred_tp4": 61.7, "resid_tp4": 15.3, "pred_tp5": 44.9, "resid_tp5": 32.0, "pred_tp6": 47.4, "resid_tp6": 29.5}}, {"type": "Feature", "geometry": {"type": "Point", "coordinates": [-93.7360761, 42.0124669]}, "properties": {"plot_id": "Ames-4233-19-4", "site_id": "Ames", "year": 2022, "actual": 64.05, "pred_records": 34.8, "resid_records": 29.3, "pred_tp1": 27.5, "resid_tp1": 36.6, "pred_tp2": 99.0, "resid_tp2": -35.0, "pred_tp3": 69.5, "resid_tp3": -5.4, "pred_tp4": 74.6, "resid_tp4": -10.5, "pred_tp5": 35.8, "resid_tp5": 28.3, "pred_tp6": 31.2, "resid_tp6": 32.8}}, {"type": "Feature", "geometry": {"type": "Point", "coordinates": [-93.7360758, 42.0124386]}, "properties": {"plot_id": "Ames-4233-19-5", "site_id": "Ames", "year": 2022, "actual": 66.18, "pred_records": 34.8, "resid_records": 31.4, "pred_tp1": 27.1, "resid_tp1": 39.1, "pred_tp2": 99.2, "resid_tp2": -33.1, "pred_tp3": 70.8, "resid_tp3": -4.6, "pred_tp4": 70.8, "resid_tp4": -4.6, "pred_tp5": 34.7, "resid_tp5": 31.4, "pred_tp6": 29.1, "resid_tp6": 37.0}}, {"type": "Feature", "geometry": {"type": "Point", "coordinates": [-93.7360755, 42.0124115]}, "properties": {"plot_id": "Ames-4233-19-6", "site_id": "Ames", "year": 2022, "actual": 96.47, "pred_records": 36.4, "resid_records": 60.0, "pred_tp1": 32.4, "resid_tp1": 64.1, "pred_tp2": 77.9, "resid_tp2": 18.6, "pred_tp3": 67.7, "resid_tp3": 28.7, "pred_tp4": 80.6, "resid_tp4": 15.9, "pred_tp5": 52.7, "resid_tp5": 43.8, "pred_tp6": 60.0, "resid_tp6": 36.5}}, {"type": "Feature", "geometry": {"type": "Point", "coordinates": [-93.7360752, 42.0123845]}, "properties": {"plot_id": "Ames-4233-19-7", "site_id": "Ames", "year": 2022, "actual": 121.29, "pred_records": 34.8, "resid_records": 86.5, "pred_tp1": 30.5, "resid_tp1": 90.8, "pred_tp2": 90.9, "resid_tp2": 30.4, "pred_tp3": 79.1, "resid_tp3": 42.2, "pred_tp4": 71.5, "resid_tp4": 49.8, "pred_tp5": 58.5, "resid_tp5": 62.8, "pred_tp6": 46.9, "resid_tp6": 74.4}}, {"type": "Feature", "geometry": {"type": "Point", "coordinates": [-93.7360748, 42.0123561]}, "properties": {"plot_id": "Ames-4233-19-8", "site_id": "Ames", "year": 2022, "actual": 158.53, "pred_records": 34.8, "resid_records": 123.7, "pred_tp1": 47.6, "resid_tp1": 110.9, "pred_tp2": 89.3, "resid_tp2": 69.2, "pred_tp3": 94.1, "resid_tp3": 64.4, "pred_tp4": 74.8, "resid_tp4": 83.7, "pred_tp5": 62.3, "resid_tp5": 96.2, "pred_tp6": 56.2, "resid_tp6": 102.4}}, {"type": "Feature", "geometry": {"type": "Point", "coordinates": [-93.7360745, 42.0123291]}, "properties": {"plot_id": "Ames-4233-19-9", "site_id": "Ames", "year": 2022, "actual": 153.73, "pred_records": 34.8, "resid_records": 118.9, "pred_tp1": 27.8, "resid_tp1": 125.9, "pred_tp2": 89.9, "resid_tp2": 63.9, "pred_tp3": 85.2, "resid_tp3": 68.6, "pred_tp4": 72.8, "resid_tp4": 80.9, "pred_tp5": 58.1, "resid_tp5": 95.7, "pred_tp6": 62.4, "resid_tp6": 91.3}}, {"type": "Feature", "geometry": {"type": "Point", "coordinates": [-93.7360018, 42.0123026]}, "properties": {"plot_id": "Ames-4233-20-10", "site_id": "Ames", "year": 2022, "actual": 157.67, "pred_records": 34.8, "resid_records": 122.9, "pred_tp1": 53.5, "resid_tp1": 104.2, "pred_tp2": 100.2, "resid_tp2": 57.5, "pred_tp3": 96.4, "resid_tp3": 61.2, "pred_tp4": 100.2, "resid_tp4": 57.4, "pred_tp5": 76.7, "resid_tp5": 81.0, "pred_tp6": 67.8, "resid_tp6": 89.9}}, {"type": "Feature", "geometry": {"type": "Point", "coordinates": [-93.7360018, 42.012466]}, "properties": {"plot_id": "Ames-4233-20-4", "site_id": "Ames", "year": 2022, "actual": 95.15, "pred_records": 56.1, "resid_records": 39.0, "pred_tp1": 32.5, "resid_tp1": 62.7, "pred_tp2": 82.4, "resid_tp2": 12.8, "pred_tp3": 70.6, "resid_tp3": 24.5, "pred_tp4": 80.5, "resid_tp4": 14.6, "pred_tp5": 52.5, "resid_tp5": 42.7, "pred_tp6": 42.2, "resid_tp6": 52.9}}, {"type": "Feature", "geometry": {"type": "Point", "coordinates": [-93.7360015, 42.012439]}, "properties": {"plot_id": "Ames-4233-20-5", "site_id": "Ames", "year": 2022, "actual": 113.39, "pred_records": 34.8, "resid_records": 78.6, "pred_tp1": 39.1, "resid_tp1": 74.3, "pred_tp2": 94.8, "resid_tp2": 18.5, "pred_tp3": 78.7, "resid_tp3": 34.7, "pred_tp4": 83.5, "resid_tp4": 29.9, "pred_tp5": 62.8, "resid_tp5": 50.6, "pred_tp6": 41.1, "resid_tp6": 72.3}}, {"type": "Feature", "geometry": {"type": "Point", "coordinates": [-93.736003, 42.0124106]}, "properties": {"plot_id": "Ames-4233-20-6", "site_id": "Ames", "year": 2022, "actual": 131.15, "pred_records": 34.8, "resid_records": 96.4, "pred_tp1": 38.9, "resid_tp1": 92.2, "pred_tp2": 88.4, "resid_tp2": 42.8, "pred_tp3": 77.2, "resid_tp3": 54.0, "pred_tp4": 83.1, "resid_tp4": 48.0, "pred_tp5": 67.8, "resid_tp5": 63.3, "pred_tp6": 57.9, "resid_tp6": 73.3}}, {"type": "Feature", "geometry": {"type": "Point", "coordinates": [-93.7360027, 42.0123836]}, "properties": {"plot_id": "Ames-4233-20-7", "site_id": "Ames", "year": 2022, "actual": 163.93, "pred_records": 34.8, "resid_records": 129.1, "pred_tp1": 57.6, "resid_tp1": 106.3, "pred_tp2": 88.1, "resid_tp2": 75.8, "pred_tp3": 91.9, "resid_tp3": 72.0, "pred_tp4": 76.6, "resid_tp4": 87.3, "pred_tp5": 65.3, "resid_tp5": 98.6, "pred_tp6": 50.2, "resid_tp6": 113.7}}, {"type": "Feature", "geometry": {"type": "Point", "coordinates": [-93.7360021, 42.0123296]}, "properties": {"plot_id": "Ames-4233-20-9", "site_id": "Ames", "year": 2022, "actual": 174.06, "pred_records": 34.8, "resid_records": 139.3, "pred_tp1": 60.0, "resid_tp1": 114.1, "pred_tp2": 105.5, "resid_tp2": 68.5, "pred_tp3": 108.5, "resid_tp3": 65.5, "pred_tp4": 107.9, "resid_tp4": 66.1, "pred_tp5": 76.3, "resid_tp5": 97.8, "pred_tp6": 60.4, "resid_tp6": 113.6}}, {"type": "Feature", "geometry": {"type": "Point", "coordinates": [-93.7359293, 42.012303]}, "properties": {"plot_id": "Ames-4233-21-10", "site_id": "Ames", "year": 2022, "actual": 163.79, "pred_records": 34.8, "resid_records": 129.0, "pred_tp1": 64.6, "resid_tp1": 99.2, "pred_tp2": 94.4, "resid_tp2": 69.4, "pred_tp3": 103.9, "resid_tp3": 59.9, "pred_tp4": 107.5, "resid_tp4": 56.3, "pred_tp5": 93.1, "resid_tp5": 70.7, "pred_tp6": 79.0, "resid_tp6": 84.8}}, {"type": "Feature", "geometry": {"type": "Point", "coordinates": [-93.7359279, 42.0124935]}, "properties": {"plot_id": "Ames-4233-21-3", "site_id": "Ames", "year": 2022, "actual": 79.42, "pred_records": 34.8, "resid_records": 44.6, "pred_tp1": 24.8, "resid_tp1": 54.7, "pred_tp2": 73.9, "resid_tp2": 5.5, "pred_tp3": 64.2, "resid_tp3": 15.2, "pred_tp4": 71.7, "resid_tp4": 7.7, "pred_tp5": 34.7, "resid_tp5": 44.7, "pred_tp6": 32.4, "resid_tp6": 47.1}}, {"type": "Feature", "geometry": {"type": "Point", "coordinates": [-93.7359275, 42.0124652]}, "properties": {"plot_id": "Ames-4233-21-4", "site_id": "Ames", "year": 2022, "actual": 99.6, "pred_records": 34.8, "resid_records": 64.8, "pred_tp1": 26.8, "resid_tp1": 72.8, "pred_tp2": 76.4, "resid_tp2": 23.2, "pred_tp3": 62.0, "resid_tp3": 37.6, "pred_tp4": 74.2, "resid_tp4": 25.4, "pred_tp5": 41.6, "resid_tp5": 58.0, "pred_tp6": 51.8, "resid_tp6": 47.8}}, {"type": "Feature", "geometry": {"type": "Point", "coordinates": [-93.735929, 42.0124381]}, "properties": {"plot_id": "Ames-4233-21-5", "site_id": "Ames", "year": 2022, "actual": 74.27, "pred_records": 42.1, "resid_records": 32.1, "pred_tp1": 30.9, "resid_tp1": 43.4, "pred_tp2": 83.3, "resid_tp2": -9.0, "pred_tp3": 60.5, "resid_tp3": 13.8, "pred_tp4": 74.8, "resid_tp4": -0.5, "pred_tp5": 71.0, "resid_tp5": 3.2, "pred_tp6": 64.6, "resid_tp6": 9.7}}, {"type": "Feature", "geometry": {"type": "Point", "coordinates": [-93.7359287, 42.0124111]}, "properties": {"plot_id": "Ames-4233-21-6", "site_id": "Ames", "year": 2022, "actual": 156.27, "pred_records": 34.8, "resid_records": 121.5, "pred_tp1": 39.3, "resid_tp1": 116.9, "pred_tp2": 104.0, "resid_tp2": 52.3, "pred_tp3": 83.2, "resid_tp3": 73.1, "pred_tp4": 80.8, "resid_tp4": 75.5, "pred_tp5": 61.2, "resid_tp5": 95.1, "pred_tp6": 55.3, "resid_tp6": 101.0}}, {"type": "Feature", "geometry": {"type": "Point", "coordinates": [-93.7359284, 42.0123841]}, "properties": {"plot_id": "Ames-4233-21-7", "site_id": "Ames", "year": 2022, "actual": 143.63, "pred_records": 34.8, "resid_records": 108.8, "pred_tp1": 38.4, "resid_tp1": 105.2, "pred_tp2": 99.6, "resid_tp2": 44.0, "pred_tp3": 75.4, "resid_tp3": 68.3, "pred_tp4": 76.5, "resid_tp4": 67.1, "pred_tp5": 63.2, "resid_tp5": 80.4, "pred_tp6": 46.0, "resid_tp6": 97.6}}, {"type": "Feature", "geometry": {"type": "Point", "coordinates": [-93.7359299, 42.0123571]}, "properties": {"plot_id": "Ames-4233-21-8", "site_id": "Ames", "year": 2022, "actual": 146.7, "pred_records": 34.8, "resid_records": 111.9, "pred_tp1": 32.7, "resid_tp1": 114.0, "pred_tp2": 90.6, "resid_tp2": 56.1, "pred_tp3": 87.8, "resid_tp3": 58.9, "pred_tp4": 77.6, "resid_tp4": 69.1, "pred_tp5": 75.7, "resid_tp5": 71.0, "pred_tp6": 67.6, "resid_tp6": 79.1}}, {"type": "Feature", "geometry": {"type": "Point", "coordinates": [-93.7359296, 42.0123301]}, "properties": {"plot_id": "Ames-4233-21-9", "site_id": "Ames", "year": 2022, "actual": 139.93, "pred_records": 34.8, "resid_records": 105.1, "pred_tp1": 44.1, "resid_tp1": 95.8, "pred_tp2": 98.4, "resid_tp2": 41.5, "pred_tp3": 99.1, "resid_tp3": 40.8, "pred_tp4": 98.6, "resid_tp4": 41.4, "pred_tp5": 73.4, "resid_tp5": 66.5, "pred_tp6": 45.8, "resid_tp6": 94.1}}, {"type": "Feature", "geometry": {"type": "Point", "coordinates": [-93.7358568, 42.0123035]}, "properties": {"plot_id": "Ames-4233-22-10", "site_id": "Ames", "year": 2022, "actual": 140.18, "pred_records": 34.8, "resid_records": 105.4, "pred_tp1": 37.0, "resid_tp1": 103.2, "pred_tp2": 90.3, "resid_tp2": 49.9, "pred_tp3": 97.5, "resid_tp3": 42.7, "pred_tp4": 99.0, "resid_tp4": 41.2, "pred_tp5": 72.0, "resid_tp5": 68.2, "pred_tp6": 47.9, "resid_tp6": 92.3}}, {"type": "Feature", "geometry": {"type": "Point", "coordinates": [-93.7358554, 42.0124927]}, "properties": {"plot_id": "Ames-4233-22-3", "site_id": "Ames", "year": 2022, "actual": 141.07, "pred_records": 34.8, "resid_records": 106.3, "pred_tp1": 36.3, "resid_tp1": 104.8, "pred_tp2": 81.2, "resid_tp2": 59.9, "pred_tp3": 63.2, "resid_tp3": 77.9, "pred_tp4": 82.5, "resid_tp4": 58.6, "pred_tp5": 49.1, "resid_tp5": 91.9, "pred_tp6": 43.1, "resid_tp6": 98.0}}, {"type": "Feature", "geometry": {"type": "Point", "coordinates": [-93.7358551, 42.0124656]}, "properties": {"plot_id": "Ames-4233-22-4", "site_id": "Ames", "year": 2022, "actual": 69.68, "pred_records": 34.8, "resid_records": 34.9, "pred_tp1": 33.7, "resid_tp1": 36.0, "pred_tp2": 71.8, "resid_tp2": -2.1, "pred_tp3": 68.7, "resid_tp3": 1.0, "pred_tp4": 71.2, "resid_tp4": -1.5, "pred_tp5": 56.8, "resid_tp5": 12.9, "pred_tp6": 60.6, "resid_tp6": 9.1}}, {"type": "Feature", "geometry": {"type": "Point", "coordinates": [-93.7358548, 42.0124386]}, "properties": {"plot_id": "Ames-4233-22-5", "site_id": "Ames", "year": 2022, "actual": 90.78, "pred_records": 34.8, "resid_records": 56.0, "pred_tp1": 31.5, "resid_tp1": 59.3, "pred_tp2": 90.9, "resid_tp2": -0.1, "pred_tp3": 84.7, "resid_tp3": 6.1, "pred_tp4": 70.9, "resid_tp4": 19.9, "pred_tp5": 59.3, "resid_tp5": 31.5, "pred_tp6": 42.8, "resid_tp6": 48.0}}, {"type": "Feature", "geometry": {"type": "Point", "coordinates": [-93.7358545, 42.0124116]}, "properties": {"plot_id": "Ames-4233-22-6", "site_id": "Ames", "year": 2022, "actual": 158.88, "pred_records": 34.8, "resid_records": 124.1, "pred_tp1": 39.9, "resid_tp1": 119.0, "pred_tp2": 99.6, "resid_tp2": 59.2, "pred_tp3": 101.1, "resid_tp3": 57.8, "pred_tp4": 89.9, "resid_tp4": 69.0, "pred_tp5": 61.8, "resid_tp5": 97.1, "pred_tp6": 35.7, "resid_tp6": 123.2}}, {"type": "Feature", "geometry": {"type": "Point", "coordinates": [-93.7358557, 42.0123576]}, "properties": {"plot_id": "Ames-4233-22-8", "site_id": "Ames", "year": 2022, "actual": 149.42, "pred_records": 34.8, "resid_records": 114.6, "pred_tp1": 54.0, "resid_tp1": 95.4, "pred_tp2": 108.7, "resid_tp2": 40.8, "pred_tp3": 102.1, "resid_tp3": 47.4, "pred_tp4": 108.6, "resid_tp4": 40.8, "pred_tp5": 79.5, "resid_tp5": 70.0, "pred_tp6": 52.7, "resid_tp6": 96.7}}, {"type": "Feature", "geometry": {"type": "Point", "coordinates": [-93.7357826, 42.0123026]}, "properties": {"plot_id": "Ames-4233-23-10", "site_id": "Ames", "year": 2022, "actual": 170.8, "pred_records": 56.7, "resid_records": 114.1, "pred_tp1": 77.6, "resid_tp1": 93.2, "pred_tp2": 117.6, "resid_tp2": 53.2, "pred_tp3": 98.2, "resid_tp3": 72.6, "pred_tp4": 98.2, "resid_tp4": 72.6, "pred_tp5": 84.1, "resid_tp5": 86.7, "pred_tp6": 72.2, "resid_tp6": 98.6}}, {"type": "Feature", "geometry": {"type": "Point", "coordinates": [-93.7357811, 42.0124931]}, "properties": {"plot_id": "Ames-4233-23-3", "site_id": "Ames", "year": 2022, "actual": 138.0, "pred_records": 34.8, "resid_records": 103.2, "pred_tp1": 36.9, "resid_tp1": 101.1, "pred_tp2": 84.5, "resid_tp2": 53.5, "pred_tp3": 76.4, "resid_tp3": 61.6, "pred_tp4": 69.1, "resid_tp4": 68.9, "pred_tp5": 62.2, "resid_tp5": 75.8, "pred_tp6": 50.8, "resid_tp6": 87.2}}, {"type": "Feature", "geometry": {"type": "Point", "coordinates": [-93.7357826, 42.0124661]}, "properties": {"plot_id": "Ames-4233-23-4", "site_id": "Ames", "year": 2022, "actual": 137.09, "pred_records": 96.7, "resid_records": 40.4, "pred_tp1": 63.0, "resid_tp1": 74.1, "pred_tp2": 93.3, "resid_tp2": 43.8, "pred_tp3": 92.3, "resid_tp3": 44.8, "pred_tp4": 78.7, "resid_tp4": 58.4, "pred_tp5": 64.5, "resid_tp5": 72.6, "pred_tp6": 50.2, "resid_tp6": 86.9}}, {"type": "Feature", "geometry": {"type": "Point", "coordinates": [-93.7357823, 42.0124391]}, "properties": {"plot_id": "Ames-4233-23-5", "site_id": "Ames", "year": 2022, "actual": 147.77, "pred_records": 34.8, "resid_records": 113.0, "pred_tp1": 38.4, "resid_tp1": 109.3, "pred_tp2": 104.5, "resid_tp2": 43.3, "pred_tp3": 87.2, "resid_tp3": 60.6, "pred_tp4": 92.6, "resid_tp4": 55.1, "pred_tp5": 69.9, "resid_tp5": 77.9, "pred_tp6": 55.1, "resid_tp6": 92.7}}, {"type": "Feature", "geometry": {"type": "Point", "coordinates": [-93.735782, 42.0124121]}, "properties": {"plot_id": "Ames-4233-23-6", "site_id": "Ames", "year": 2022, "actual": 145.72, "pred_records": 34.8, "resid_records": 110.9, "pred_tp1": 38.9, "resid_tp1": 106.9, "pred_tp2": 96.1, "resid_tp2": 49.6, "pred_tp3": 97.0, "resid_tp3": 48.7, "pred_tp4": 99.6, "resid_tp4": 46.1, "pred_tp5": 64.9, "resid_tp5": 80.9, "pred_tp6": 39.6, "resid_tp6": 106.2}}, {"type": "Feature", "geometry": {"type": "Point", "coordinates": [-93.7357817, 42.012385]}, "properties": {"plot_id": "Ames-4233-23-7", "site_id": "Ames", "year": 2022, "actual": 170.01, "pred_records": 34.8, "resid_records": 135.2, "pred_tp1": 39.2, "resid_tp1": 130.8, "pred_tp2": 100.2, "resid_tp2": 69.8, "pred_tp3": 101.3, "resid_tp3": 68.7, "pred_tp4": 94.7, "resid_tp4": 75.3, "pred_tp5": 65.1, "resid_tp5": 104.9, "pred_tp6": 48.7, "resid_tp6": 121.3}}, {"type": "Feature", "geometry": {"type": "Point", "coordinates": [-93.7357814, 42.012358]}, "properties": {"plot_id": "Ames-4233-23-8", "site_id": "Ames", "year": 2022, "actual": 151.44, "pred_records": 34.8, "resid_records": 116.6, "pred_tp1": 49.2, "resid_tp1": 102.2, "pred_tp2": 98.4, "resid_tp2": 53.0, "pred_tp3": 106.2, "resid_tp3": 45.2, "pred_tp4": 102.3, "resid_tp4": 49.2, "pred_tp5": 72.1, "resid_tp5": 79.4, "pred_tp6": 51.6, "resid_tp6": 99.8}}, {"type": "Feature", "geometry": {"type": "Point", "coordinates": [-93.7357829, 42.0123296]}, "properties": {"plot_id": "Ames-4233-23-9", "site_id": "Ames", "year": 2022, "actual": 184.89, "pred_records": 34.8, "resid_records": 150.1, "pred_tp1": 69.2, "resid_tp1": 115.7, "pred_tp2": 99.8, "resid_tp2": 85.1, "pred_tp3": 90.3, "resid_tp3": 94.6, "pred_tp4": 95.2, "resid_tp4": 89.7, "pred_tp5": 82.0, "resid_tp5": 102.9, "pred_tp6": 61.2, "resid_tp6": 123.7}}, {"type": "Feature", "geometry": {"type": "Point", "coordinates": [-93.7357083, 42.0123018]}, "properties": {"plot_id": "Ames-4233-24-10", "site_id": "Ames", "year": 2022, "actual": 159.48, "pred_records": 34.8, "resid_records": 124.7, "pred_tp1": 38.7, "resid_tp1": 120.8, "pred_tp2": 102.4, "resid_tp2": 57.1, "pred_tp3": 109.0, "resid_tp3": 50.5, "pred_tp4": 105.0, "resid_tp4": 54.5, "pred_tp5": 73.1, "resid_tp5": 86.4, "pred_tp6": 41.9, "resid_tp6": 117.6}}, {"type": "Feature", "geometry": {"type": "Point", "coordinates": [-93.7357084, 42.0124666]}, "properties": {"plot_id": "Ames-4233-24-4", "site_id": "Ames", "year": 2022, "actual": 111.36, "pred_records": 34.8, "resid_records": 76.6, "pred_tp1": 46.5, "resid_tp1": 64.9, "pred_tp2": 84.8, "resid_tp2": 26.6, "pred_tp3": 71.4, "resid_tp3": 40.0, "pred_tp4": 78.6, "resid_tp4": 32.8, "pred_tp5": 57.2, "resid_tp5": 54.2, "pred_tp6": 49.2, "resid_tp6": 62.2}}, {"type": "Feature", "geometry": {"type": "Point", "coordinates": [-93.7357099, 42.0124395]}, "properties": {"plot_id": "Ames-4233-24-5", "site_id": "Ames", "year": 2022, "actual": 137.7, "pred_records": 34.8, "resid_records": 102.9, "pred_tp1": 29.3, "resid_tp1": 108.4, "pred_tp2": 88.0, "resid_tp2": 49.7, "pred_tp3": 88.5, "resid_tp3": 49.2, "pred_tp4": 72.8, "resid_tp4": 64.9, "pred_tp5": 57.3, "resid_tp5": 80.4, "pred_tp6": 55.3, "resid_tp6": 82.4}}, {"type": "Feature", "geometry": {"type": "Point", "coordinates": [-93.7357095, 42.0124125]}, "properties": {"plot_id": "Ames-4233-24-6", "site_id": "Ames", "year": 2022, "actual": 134.83, "pred_records": 94.1, "resid_records": 40.7, "pred_tp1": 73.0, "resid_tp1": 61.9, "pred_tp2": 106.1, "resid_tp2": 28.7, "pred_tp3": 90.0, "resid_tp3": 44.8, "pred_tp4": 90.5, "resid_tp4": 44.4, "pred_tp5": 79.8, "resid_tp5": 55.0, "pred_tp6": 65.2, "resid_tp6": 69.6}}, {"type": "Feature", "geometry": {"type": "Point", "coordinates": [-93.7357092, 42.0123842]}, "properties": {"plot_id": "Ames-4233-24-7", "site_id": "Ames", "year": 2022, "actual": 129.74, "pred_records": 34.8, "resid_records": 94.9, "pred_tp1": 45.3, "resid_tp1": 84.4, "pred_tp2": 104.6, "resid_tp2": 25.2, "pred_tp3": 90.6, "resid_tp3": 39.2, "pred_tp4": 82.7, "resid_tp4": 47.1, "pred_tp5": 65.7, "resid_tp5": 64.1, "pred_tp6": 46.9, "resid_tp6": 82.8}}, {"type": "Feature", "geometry": {"type": "Point", "coordinates": [-93.7357089, 42.0123571]}, "properties": {"plot_id": "Ames-4233-24-8", "site_id": "Ames", "year": 2022, "actual": 118.43, "pred_records": 34.8, "resid_records": 83.6, "pred_tp1": 36.9, "resid_tp1": 81.5, "pred_tp2": 103.1, "resid_tp2": 15.3, "pred_tp3": 93.4, "resid_tp3": 25.1, "pred_tp4": 87.8, "resid_tp4": 30.7, "pred_tp5": 66.1, "resid_tp5": 52.3, "pred_tp6": 53.5, "resid_tp6": 64.9}}, {"type": "Feature", "geometry": {"type": "Point", "coordinates": [-93.7372481, 42.0123027]}, "properties": {"plot_id": "Ames-4233-3-10", "site_id": "Ames", "year": 2022, "actual": 175.25, "pred_records": 34.8, "resid_records": 140.5, "pred_tp1": 41.3, "resid_tp1": 133.9, "pred_tp2": 108.0, "resid_tp2": 67.2, "pred_tp3": 103.8, "resid_tp3": 71.4, "pred_tp4": 105.2, "resid_tp4": 70.0, "pred_tp5": 72.4, "resid_tp5": 102.8, "pred_tp6": 54.3, "resid_tp6": 121.0}}, {"type": "Feature", "geometry": {"type": "Point", "coordinates": [-93.7372467, 42.0124932]}, "properties": {"plot_id": "Ames-4233-3-3", "site_id": "Ames", "year": 2022, "actual": 141.65, "pred_records": 34.8, "resid_records": 106.9, "pred_tp1": 51.6, "resid_tp1": 90.0, "pred_tp2": 103.3, "resid_tp2": 38.3, "pred_tp3": 90.1, "resid_tp3": 51.6, "pred_tp4": 95.4, "resid_tp4": 46.2, "pred_tp5": 76.2, "resid_tp5": 65.5, "pred_tp6": 61.9, "resid_tp6": 79.7}}, {"type": "Feature", "geometry": {"type": "Point", "coordinates": [-93.7372463, 42.0124648]}, "properties": {"plot_id": "Ames-4233-3-4", "site_id": "Ames", "year": 2022, "actual": 171.61, "pred_records": 34.8, "resid_records": 136.8, "pred_tp1": 52.1, "resid_tp1": 119.5, "pred_tp2": 106.1, "resid_tp2": 65.5, "pred_tp3": 99.6, "resid_tp3": 72.0, "pred_tp4": 106.1, "resid_tp4": 65.5, "pred_tp5": 73.7, "resid_tp5": 97.9, "pred_tp6": 44.1, "resid_tp6": 127.5}}, {"type": "Feature", "geometry": {"type": "Point", "coordinates": [-93.7372478, 42.0124378]}, "properties": {"plot_id": "Ames-4233-3-5", "site_id": "Ames", "year": 2022, "actual": 154.03, "pred_records": 34.8, "resid_records": 119.2, "pred_tp1": 42.7, "resid_tp1": 111.3, "pred_tp2": 90.9, "resid_tp2": 63.1, "pred_tp3": 101.7, "resid_tp3": 52.3, "pred_tp4": 95.8, "resid_tp4": 58.2, "pred_tp5": 70.3, "resid_tp5": 83.8, "pred_tp6": 57.5, "resid_tp6": 96.5}}, {"type": "Feature", "geometry": {"type": "Point", "coordinates": [-93.7372475, 42.0124108]}, "properties": {"plot_id": "Ames-4233-3-6", "site_id": "Ames", "year": 2022, "actual": 172.04, "pred_records": 34.8, "resid_records": 137.2, "pred_tp1": 54.1, "resid_tp1": 117.9, "pred_tp2": 96.6, "resid_tp2": 75.5, "pred_tp3": 99.7, "resid_tp3": 72.3, "pred_tp4": 93.1, "resid_tp4": 79.0, "pred_tp5": 76.5, "resid_tp5": 95.5, "pred_tp6": 63.4, "resid_tp6": 108.6}}, {"type": "Feature", "geometry": {"type": "Point", "coordinates": [-93.7372472, 42.0123837]}, "properties": {"plot_id": "Ames-4233-3-7", "site_id": "Ames", "year": 2022, "actual": 171.44, "pred_records": 34.8, "resid_records": 136.6, "pred_tp1": 65.7, "resid_tp1": 105.8, "pred_tp2": 101.0, "resid_tp2": 70.5, "pred_tp3": 89.3, "resid_tp3": 82.1, "pred_tp4": 93.4, "resid_tp4": 78.0, "pred_tp5": 77.1, "resid_tp5": 94.3, "pred_tp6": 52.8, "resid_tp6": 118.6}}, {"type": "Feature", "geometry": {"type": "Point", "coordinates": [-93.7372487, 42.0123567]}, "properties": {"plot_id": "Ames-4233-3-8", "site_id": "Ames", "year": 2022, "actual": 189.48, "pred_records": 41.1, "resid_records": 148.4, "pred_tp1": 69.3, "resid_tp1": 120.2, "pred_tp2": 115.6, "resid_tp2": 73.9, "pred_tp3": 104.5, "resid_tp3": 85.0, "pred_tp4": 97.2, "resid_tp4": 92.3, "pred_tp5": 79.3, "resid_tp5": 110.2, "pred_tp6": 68.4, "resid_tp6": 121.1}}, {"type": "Feature", "geometry": {"type": "Point", "coordinates": [-93.7372484, 42.0123297]}, "properties": {"plot_id": "Ames-4233-3-9", "site_id": "Ames", "year": 2022, "actual": 193.47, "pred_records": 34.8, "resid_records": 158.7, "pred_tp1": 54.9, "resid_tp1": 138.6, "pred_tp2": 110.0, "resid_tp2": 83.4, "pred_tp3": 90.4, "resid_tp3": 103.0, "pred_tp4": 110.8, "resid_tp4": 82.7, "pred_tp5": 84.1, "resid_tp5": 109.3, "pred_tp6": 57.4, "resid_tp6": 136.0}}, {"type": "Feature", "geometry": {"type": "Point", "coordinates": [-93.7371756, 42.0123018]}, "properties": {"plot_id": "Ames-4233-4-10", "site_id": "Ames", "year": 2022, "actual": 193.63, "pred_records": 56.7, "resid_records": 137.0, "pred_tp1": 73.8, "resid_tp1": 119.8, "pred_tp2": 108.6, "resid_tp2": 85.1, "pred_tp3": 98.0, "resid_tp3": 95.6, "pred_tp4": 110.5, "resid_tp4": 83.1, "pred_tp5": 80.5, "resid_tp5": 113.1, "pred_tp6": 75.7, "resid_tp6": 117.9}}, {"type": "Feature", "geometry": {"type": "Point", "coordinates": [-93.7371742, 42.0124923]}, "properties": {"plot_id": "Ames-4233-4-3", "site_id": "Ames", "year": 2022, "actual": 149.08, "pred_records": 56.7, "resid_records": 92.4, "pred_tp1": 63.5, "resid_tp1": 85.5, "pred_tp2": 90.9, "resid_tp2": 58.1, "pred_tp3": 94.4, "resid_tp3": 54.7, "pred_tp4": 84.5, "resid_tp4": 64.6, "pred_tp5": 75.5, "resid_tp5": 73.6, "pred_tp6": 61.2, "resid_tp6": 87.9}}, {"type": "Feature", "geometry": {"type": "Point", "coordinates": [-93.7371739, 42.0124653]}, "properties": {"plot_id": "Ames-4233-4-4", "site_id": "Ames", "year": 2022, "actual": 162.43, "pred_records": 34.8, "resid_records": 127.6, "pred_tp1": 55.6, "resid_tp1": 106.8, "pred_tp2": 104.1, "resid_tp2": 58.3, "pred_tp3": 77.6, "resid_tp3": 84.8, "pred_tp4": 103.3, "resid_tp4": 59.2, "pred_tp5": 77.0, "resid_tp5": 85.4, "pred_tp6": 66.0, "resid_tp6": 96.4}}, {"type": "Feature", "geometry": {"type": "Point", "coordinates": [-93.7371736, 42.0124383]}, "properties": {"plot_id": "Ames-4233-4-5", "site_id": "Ames", "year": 2022, "actual": 141.29, "pred_records": 34.8, "resid_records": 106.5, "pred_tp1": 39.4, "resid_tp1": 101.9, "pred_tp2": 93.8, "resid_tp2": 47.5, "pred_tp3": 86.1, "resid_tp3": 55.2, "pred_tp4": 94.7, "resid_tp4": 46.6, "pred_tp5": 70.8, "resid_tp5": 70.5, "pred_tp6": 38.7, "resid_tp6": 102.6}}, {"type": "Feature", "geometry": {"type": "Point", "coordinates": [-93.7371733, 42.0124112]}, "properties": {"plot_id": "Ames-4233-4-6", "site_id": "Ames", "year": 2022, "actual": 163.3, "pred_records": 34.8, "resid_records": 128.5, "pred_tp1": 38.2, "resid_tp1": 125.1, "pred_tp2": 91.8, "resid_tp2": 71.5, "pred_tp3": 84.0, "resid_tp3": 79.3, "pred_tp4": 92.9, "resid_tp4": 70.4, "pred_tp5": 66.1, "resid_tp5": 97.2, "pred_tp6": 56.0, "resid_tp6": 107.3}}, {"type": "Feature", "geometry": {"type": "Point", "coordinates": [-93.7371748, 42.0123842]}, "properties": {"plot_id": "Ames-4233-4-7", "site_id": "Ames", "year": 2022, "actual": 167.43, "pred_records": 68.3, "resid_records": 99.1, "pred_tp1": 36.4, "resid_tp1": 131.1, "pred_tp2": 99.0, "resid_tp2": 68.5, "pred_tp3": 86.8, "resid_tp3": 80.7, "pred_tp4": 88.6, "resid_tp4": 78.8, "pred_tp5": 68.0, "resid_tp5": 99.5, "pred_tp6": 50.5, "resid_tp6": 116.9}}, {"type": "Feature", "geometry": {"type": "Point", "coordinates": [-93.7371745, 42.0123572]}, "properties": {"plot_id": "Ames-4233-4-8", "site_id": "Ames", "year": 2022, "actual": 168.46, "pred_records": 34.8, "resid_records": 133.7, "pred_tp1": 39.8, "resid_tp1": 128.6, "pred_tp2": 98.8, "resid_tp2": 69.6, "pred_tp3": 95.4, "resid_tp3": 73.1, "pred_tp4": 102.7, "resid_tp4": 65.8, "pred_tp5": 67.0, "resid_tp5": 101.4, "pred_tp6": 51.4, "resid_tp6": 117.0}}, {"type": "Feature", "geometry": {"type": "Point", "coordinates": [-93.7371759, 42.0123302]}, "properties": {"plot_id": "Ames-4233-4-9", "site_id": "Ames", "year": 2022, "actual": 152.13, "pred_records": 34.8, "resid_records": 117.3, "pred_tp1": 46.3, "resid_tp1": 105.8, "pred_tp2": 93.9, "resid_tp2": 58.2, "pred_tp3": 88.9, "resid_tp3": 63.2, "pred_tp4": 100.3, "resid_tp4": 51.8, "pred_tp5": 65.8, "resid_tp5": 86.3, "pred_tp6": 49.6, "resid_tp6": 102.5}}, {"type": "Feature", "geometry": {"type": "Point", "coordinates": [-93.7371014, 42.0123023]}, "properties": {"plot_id": "Ames-4233-5-10", "site_id": "Ames", "year": 2022, "actual": 137.44, "pred_records": 36.4, "resid_records": 101.0, "pred_tp1": 58.5, "resid_tp1": 78.9, "pred_tp2": 98.6, "resid_tp2": 38.9, "pred_tp3": 107.9, "resid_tp3": 29.6, "pred_tp4": 106.5, "resid_tp4": 31.0, "pred_tp5": 88.2, "resid_tp5": 49.3, "pred_tp6": 73.2, "resid_tp6": 64.2}}, {"type": "Feature", "geometry": {"type": "Point", "coordinates": [-93.7370999, 42.0124928]}, "properties": {"plot_id": "Ames-4233-5-3", "site_id": "Ames", "year": 2022, "actual": 134.42, "pred_records": 34.8, "resid_records": 99.6, "pred_tp1": 43.4, "resid_tp1": 91.0, "pred_tp2": 93.3, "resid_tp2": 41.1, "pred_tp3": 80.5, "resid_tp3": 53.9, "pred_tp4": 75.4, "resid_tp4": 59.0, "pred_tp5": 64.4, "resid_tp5": 70.0, "pred_tp6": 58.3, "resid_tp6": 76.1}}, {"type": "Feature", "geometry": {"type": "Point", "coordinates": [-93.7371011, 42.0124387]}, "properties": {"plot_id": "Ames-4233-5-5", "site_id": "Ames", "year": 2022, "actual": 151.82, "pred_records": 34.8, "resid_records": 117.0, "pred_tp1": 36.8, "resid_tp1": 115.0, "pred_tp2": 93.3, "resid_tp2": 58.5, "pred_tp3": 96.7, "resid_tp3": 55.1, "pred_tp4": 95.0, "resid_tp4": 56.9, "pred_tp5": 62.2, "resid_tp5": 89.6, "pred_tp6": 46.3, "resid_tp6": 105.5}}, {"type": "Feature", "geometry": {"type": "Point", "coordinates": [-93.7371008, 42.0124117]}, "properties": {"plot_id": "Ames-4233-5-6", "site_id": "Ames", "year": 2022, "actual": 134.97, "pred_records": 96.7, "resid_records": 38.3, "pred_tp1": 27.6, "resid_tp1": 107.4, "pred_tp2": 75.2, "resid_tp2": 59.8, "pred_tp3": 84.3, "resid_tp3": 50.7, "pred_tp4": 50.3, "resid_tp4": 84.6, "pred_tp5": 59.5, "resid_tp5": 75.5, "pred_tp6": 69.5, "resid_tp6": 65.4}}, {"type": "Feature", "geometry": {"type": "Point", "coordinates": [-93.7371005, 42.0123847]}, "properties": {"plot_id": "Ames-4233-5-7", "site_id": "Ames", "year": 2022, "actual": 143.86, "pred_records": 34.8, "resid_records": 109.1, "pred_tp1": 46.8, "resid_tp1": 97.0, "pred_tp2": 84.8, "resid_tp2": 59.1, "pred_tp3": 85.2, "resid_tp3": 58.7, "pred_tp4": 58.9, "resid_tp4": 85.0, "pred_tp5": 60.4, "resid_tp5": 83.5, "pred_tp6": 56.6, "resid_tp6": 87.3}}, {"type": "Feature", "geometry": {"type": "Point", "coordinates": [-93.737102, 42.0123563]}, "properties": {"plot_id": "Ames-4233-5-8", "site_id": "Ames", "year": 2022, "actual": 106.29, "pred_records": 34.8, "resid_records": 71.5, "pred_tp1": 37.3, "resid_tp1": 69.0, "pred_tp2": 99.7, "resid_tp2": 6.6, "pred_tp3": 81.7, "resid_tp3": 24.6, "pred_tp4": 96.5, "resid_tp4": 9.7, "pred_tp5": 68.4, "resid_tp5": 37.9, "pred_tp6": 47.9, "resid_tp6": 58.4}}, {"type": "Feature", "geometry": {"type": "Point", "coordinates": [-93.7370289, 42.0123014]}, "properties": {"plot_id": "Ames-4233-6-10", "site_id": "Ames", "year": 2022, "actual": 178.1, "pred_records": 34.8, "resid_records": 143.3, "pred_tp1": 57.3, "resid_tp1": 120.8, "pred_tp2": 112.2, "resid_tp2": 65.9, "pred_tp3": 103.0, "resid_tp3": 75.1, "pred_tp4": 107.7, "resid_tp4": 70.4, "pred_tp5": 91.7, "resid_tp5": 86.4, "pred_tp6": 73.3, "resid_tp6": 104.8}}, {"type": "Feature", "geometry": {"type": "Point", "coordinates": [-93.7370275, 42.0124932]}, "properties": {"plot_id": "Ames-4233-6-3", "site_id": "Ames", "year": 2022, "actual": 111.68, "pred_records": 34.8, "resid_records": 76.9, "pred_tp1": 30.9, "resid_tp1": 80.8, "pred_tp2": 103.2, "resid_tp2": 8.5, "pred_tp3": 84.4, "resid_tp3": 27.3, "pred_tp4": 83.5, "resid_tp4": 28.2, "pred_tp5": 57.9, "resid_tp5": 53.8, "pred_tp6": 46.9, "resid_tp6": 64.8}}, {"type": "Feature", "geometry": {"type": "Point", "coordinates": [-93.7370272, 42.0124662]}, "properties": {"plot_id": "Ames-4233-6-4", "site_id": "Ames", "year": 2022, "actual": 131.97, "pred_records": 42.1, "resid_records": 89.8, "pred_tp1": 29.1, "resid_tp1": 102.9, "pred_tp2": 100.2, "resid_tp2": 31.8, "pred_tp3": 80.5, "resid_tp3": 51.5, "pred_tp4": 67.1, "resid_tp4": 64.8, "pred_tp5": 70.3, "resid_tp5": 61.7, "pred_tp6": 52.4, "resid_tp6": 79.6}}, {"type": "Feature", "geometry": {"type": "Point", "coordinates": [-93.7370287, 42.0124392]}, "properties": {"plot_id": "Ames-4233-6-5", "site_id": "Ames", "year": 2022, "actual": 124.66, "pred_records": 56.1, "resid_records": 68.5, "pred_tp1": 26.7, "resid_tp1": 97.9, "pred_tp2": 84.5, "resid_tp2": 40.1, "pred_tp3": 87.8, "resid_tp3": 36.8, "pred_tp4": 79.3, "resid_tp4": 45.3, "pred_tp5": 58.8, "resid_tp5": 65.9, "pred_tp6": 52.6, "resid_tp6": 72.0}}, {"type": "Feature", "geometry": {"type": "Point", "coordinates": [-93.7370284, 42.0124122]}, "properties": {"plot_id": "Ames-4233-6-6", "site_id": "Ames", "year": 2022, "actual": 154.68, "pred_records": 34.8, "resid_records": 119.9, "pred_tp1": 48.6, "resid_tp1": 106.0, "pred_tp2": 92.6, "resid_tp2": 62.1, "pred_tp3": 85.5, "resid_tp3": 69.2, "pred_tp4": 67.5, "resid_tp4": 87.1, "pred_tp5": 65.7, "resid_tp5": 88.9, "pred_tp6": 63.3, "resid_tp6": 91.4}}, {"type": "Feature", "geometry": {"type": "Point", "coordinates": [-93.737028, 42.0123838]}, "properties": {"plot_id": "Ames-4233-6-7", "site_id": "Ames", "year": 2022, "actual": 142.69, "pred_records": 34.8, "resid_records": 107.9, "pred_tp1": 56.1, "resid_tp1": 86.6, "pred_tp2": 90.9, "resid_tp2": 51.8, "pred_tp3": 87.0, "resid_tp3": 55.7, "pred_tp4": 80.0, "resid_tp4": 62.7, "pred_tp5": 68.7, "resid_tp5": 74.0, "pred_tp6": 55.0, "resid_tp6": 87.7}}, {"type": "Feature", "geometry": {"type": "Point", "coordinates": [-93.7370277, 42.0123568]}, "properties": {"plot_id": "Ames-4233-6-8", "site_id": "Ames", "year": 2022, "actual": 158.17, "pred_records": 34.8, "resid_records": 123.4, "pred_tp1": 49.2, "resid_tp1": 108.9, "pred_tp2": 98.5, "resid_tp2": 59.7, "pred_tp3": 94.5, "resid_tp3": 63.7, "pred_tp4": 96.9, "resid_tp4": 61.2, "pred_tp5": 82.2, "resid_tp5": 76.0, "pred_tp6": 74.2, "resid_tp6": 83.9}}, {"type": "Feature", "geometry": {"type": "Point", "coordinates": [-93.7370274, 42.0123284]}, "properties": {"plot_id": "Ames-4233-6-9", "site_id": "Ames", "year": 2022, "actual": 168.55, "pred_records": 34.8, "resid_records": 133.8, "pred_tp1": 61.1, "resid_tp1": 107.5, "pred_tp2": 105.2, "resid_tp2": 63.4, "pred_tp3": 94.7, "resid_tp3": 73.8, "pred_tp4": 103.8, "resid_tp4": 64.8, "pred_tp5": 83.9, "resid_tp5": 84.6, "pred_tp6": 83.8, "resid_tp6": 84.8}}, {"type": "Feature", "geometry": {"type": "Point", "coordinates": [-93.7369546, 42.0123019]}, "properties": {"plot_id": "Ames-4233-7-10", "site_id": "Ames", "year": 2022, "actual": 179.68, "pred_records": 34.8, "resid_records": 144.9, "pred_tp1": 56.6, "resid_tp1": 123.1, "pred_tp2": 108.5, "resid_tp2": 71.2, "pred_tp3": 111.4, "resid_tp3": 68.3, "pred_tp4": 102.6, "resid_tp4": 77.1, "pred_tp5": 75.2, "resid_tp5": 104.5, "pred_tp6": 59.6, "resid_tp6": 120.0}}, {"type": "Feature", "geometry": {"type": "Point", "coordinates": [-93.7369532, 42.0124937]}, "properties": {"plot_id": "Ames-4233-7-3", "site_id": "Ames", "year": 2022, "actual": 105.62, "pred_records": 34.8, "resid_records": 70.8, "pred_tp1": 28.0, "resid_tp1": 77.6, "pred_tp2": 104.0, "resid_tp2": 1.6, "pred_tp3": 92.6, "resid_tp3": 13.1, "pred_tp4": 87.5, "resid_tp4": 18.2, "pred_tp5": 60.1, "resid_tp5": 45.5, "pred_tp6": 64.7, "resid_tp6": 41.0}}, {"type": "Feature", "geometry": {"type": "Point", "coordinates": [-93.7369547, 42.0124667]}, "properties": {"plot_id": "Ames-4233-7-4", "site_id": "Ames", "year": 2022, "actual": 146.19, "pred_records": 34.8, "resid_records": 111.4, "pred_tp1": 29.5, "resid_tp1": 116.7, "pred_tp2": 95.1, "resid_tp2": 51.1, "pred_tp3": 99.3, "resid_tp3": 46.8, "pred_tp4": 81.4, "resid_tp4": 64.7, "pred_tp5": 59.4, "resid_tp5": 86.8, "pred_tp6": 68.3, "resid_tp6": 77.9}}, {"type": "Feature", "geometry": {"type": "Point", "coordinates": [-93.7369544, 42.0124383]}, "properties": {"plot_id": "Ames-4233-7-5", "site_id": "Ames", "year": 2022, "actual": 116.02, "pred_records": 34.8, "resid_records": 81.2, "pred_tp1": 34.7, "resid_tp1": 81.3, "pred_tp2": 96.5, "resid_tp2": 19.5, "pred_tp3": 95.5, "resid_tp3": 20.5, "pred_tp4": 86.0, "resid_tp4": 30.0, "pred_tp5": 61.4, "resid_tp5": 54.6, "pred_tp6": 60.3, "resid_tp6": 55.7}}, {"type": "Feature", "geometry": {"type": "Point", "coordinates": [-93.7369541, 42.0124113]}, "properties": {"plot_id": "Ames-4233-7-6", "site_id": "Ames", "year": 2022, "actual": 161.92, "pred_records": 34.8, "resid_records": 127.1, "pred_tp1": 42.0, "resid_tp1": 119.9, "pred_tp2": 91.3, "resid_tp2": 70.6, "pred_tp3": 94.7, "resid_tp3": 67.2, "pred_tp4": 88.3, "resid_tp4": 73.6, "pred_tp5": 66.8, "resid_tp5": 95.2, "pred_tp6": 56.9, "resid_tp6": 105.0}}, {"type": "Feature", "geometry": {"type": "Point", "coordinates": [-93.7369556, 42.0123843]}, "properties": {"plot_id": "Ames-4233-7-7", "site_id": "Ames", "year": 2022, "actual": 144.63, "pred_records": 34.8, "resid_records": 109.8, "pred_tp1": 37.1, "resid_tp1": 107.6, "pred_tp2": 98.8, "resid_tp2": 45.8, "pred_tp3": 103.4, "resid_tp3": 41.2, "pred_tp4": 90.0, "resid_tp4": 54.6, "pred_tp5": 63.2, "resid_tp5": 81.4, "pred_tp6": 55.6, "resid_tp6": 89.0}}, {"type": "Feature", "geometry": {"type": "Point", "coordinates": [-93.7369552, 42.0123559]}, "properties": {"plot_id": "Ames-4233-7-8", "site_id": "Ames", "year": 2022, "actual": 117.26, "pred_records": 34.8, "resid_records": 82.5, "pred_tp1": 47.1, "resid_tp1": 70.1, "pred_tp2": 103.3, "resid_tp2": 13.9, "pred_tp3": 108.4, "resid_tp3": 8.8, "pred_tp4": 105.5, "resid_tp4": 11.8, "pred_tp5": 70.5, "resid_tp5": 46.7, "pred_tp6": 47.7, "resid_tp6": 69.6}}, {"type": "Feature", "geometry": {"type": "Point", "coordinates": [-93.7369549, 42.0123289]}, "properties": {"plot_id": "Ames-4233-7-9", "site_id": "Ames", "year": 2022, "actual": 149.7, "pred_records": 35.3, "resid_records": 114.4, "pred_tp1": 39.6, "resid_tp1": 110.1, "pred_tp2": 92.8, "resid_tp2": 56.9, "pred_tp3": 94.0, "resid_tp3": 55.7, "pred_tp4": 94.7, "resid_tp4": 55.0, "pred_tp5": 73.4, "resid_tp5": 76.3, "pred_tp6": 44.6, "resid_tp6": 105.1}}, {"type": "Feature", "geometry": {"type": "Point", "coordinates": [-93.7368822, 42.0123023]}, "properties": {"plot_id": "Ames-4233-8-10", "site_id": "Ames", "year": 2022, "actual": 173.97, "pred_records": 34.8, "resid_records": 139.2, "pred_tp1": 41.2, "resid_tp1": 132.8, "pred_tp2": 100.3, "resid_tp2": 73.7, "pred_tp3": 109.2, "resid_tp3": 64.8, "pred_tp4": 110.2, "resid_tp4": 63.7, "pred_tp5": 78.5, "resid_tp5": 95.5, "pred_tp6": 41.5, "resid_tp6": 132.4}}, {"type": "Feature", "geometry": {"type": "Point", "coordinates": [-93.7368807, 42.0124928]}, "properties": {"plot_id": "Ames-4233-8-3", "site_id": "Ames", "year": 2022, "actual": 94.98, "pred_records": 34.8, "resid_records": 60.2, "pred_tp1": 22.9, "resid_tp1": 72.1, "pred_tp2": 91.3, "resid_tp2": 3.7, "pred_tp3": 68.4, "resid_tp3": 26.6, "pred_tp4": 81.5, "resid_tp4": 13.5, "pred_tp5": 60.4, "resid_tp5": 34.5, "pred_tp6": 44.5, "resid_tp6": 50.4}}, {"type": "Feature", "geometry": {"type": "Point", "coordinates": [-93.7368804, 42.0124658]}, "properties": {"plot_id": "Ames-4233-8-4", "site_id": "Ames", "year": 2022, "actual": 152.63, "pred_records": 34.8, "resid_records": 117.8, "pred_tp1": 44.5, "resid_tp1": 108.2, "pred_tp2": 102.1, "resid_tp2": 50.6, "pred_tp3": 92.2, "resid_tp3": 60.4, "pred_tp4": 85.1, "resid_tp4": 67.5, "pred_tp5": 70.9, "resid_tp5": 81.7, "pred_tp6": 60.1, "resid_tp6": 92.5}}, {"type": "Feature", "geometry": {"type": "Point", "coordinates": [-93.7368801, 42.0124388]}, "properties": {"plot_id": "Ames-4233-8-5", "site_id": "Ames", "year": 2022, "actual": 131.61, "pred_records": 41.1, "resid_records": 90.5, "pred_tp1": 49.9, "resid_tp1": 81.7, "pred_tp2": 105.2, "resid_tp2": 26.4, "pred_tp3": 101.9, "resid_tp3": 29.7, "pred_tp4": 103.6, "resid_tp4": 28.0, "pred_tp5": 72.3, "resid_tp5": 59.3, "pred_tp6": 64.8, "resid_tp6": 66.8}}, {"type": "Feature", "geometry": {"type": "Point", "coordinates": [-93.7368816, 42.0124104]}, "properties": {"plot_id": "Ames-4233-8-6", "site_id": "Ames", "year": 2022, "actual": 183.33, "pred_records": 34.8, "resid_records": 148.5, "pred_tp1": 51.4, "resid_tp1": 132.0, "pred_tp2": 104.1, "resid_tp2": 79.2, "pred_tp3": 89.1, "resid_tp3": 94.2, "pred_tp4": 91.9, "resid_tp4": 91.4, "pred_tp5": 75.4, "resid_tp5": 107.9, "pred_tp6": 57.6, "resid_tp6": 125.8}}, {"type": "Feature", "geometry": {"type": "Point", "coordinates": [-93.7368813, 42.0123834]}, "properties": {"plot_id": "Ames-4233-8-7", "site_id": "Ames", "year": 2022, "actual": 155.53, "pred_records": 34.8, "resid_records": 120.7, "pred_tp1": 67.7, "resid_tp1": 87.9, "pred_tp2": 93.7, "resid_tp2": 61.8, "pred_tp3": 94.1, "resid_tp3": 61.4, "pred_tp4": 91.6, "resid_tp4": 64.0, "pred_tp5": 87.2, "resid_tp5": 68.3, "pred_tp6": 66.0, "resid_tp6": 89.5}}, {"type": "Feature", "geometry": {"type": "Point", "coordinates": [-93.736881, 42.0123564]}, "properties": {"plot_id": "Ames-4233-8-8", "site_id": "Ames", "year": 2022, "actual": 175.08, "pred_records": 34.8, "resid_records": 140.3, "pred_tp1": 42.3, "resid_tp1": 132.8, "pred_tp2": 95.2, "resid_tp2": 79.9, "pred_tp3": 100.5, "resid_tp3": 74.6, "pred_tp4": 102.1, "resid_tp4": 73.0, "pred_tp5": 75.9, "resid_tp5": 99.1, "pred_tp6": 73.9, "resid_tp6": 101.2}}, {"type": "Feature", "geometry": {"type": "Point", "coordinates": [-93.7368097, 42.0123028]}, "properties": {"plot_id": "Ames-4233-9-10", "site_id": "Ames", "year": 2022, "actual": 177.63, "pred_records": 34.8, "resid_records": 142.8, "pred_tp1": 66.1, "resid_tp1": 111.5, "pred_tp2": 111.9, "resid_tp2": 65.7, "pred_tp3": 111.6, "resid_tp3": 66.1, "pred_tp4": 115.0, "resid_tp4": 62.6, "pred_tp5": 74.4, "resid_tp5": 103.2, "pred_tp6": 52.1, "resid_tp6": 125.5}}, {"type": "Feature", "geometry": {"type": "Point", "coordinates": [-93.7368083, 42.0124933]}, "properties": {"plot_id": "Ames-4233-9-3", "site_id": "Ames", "year": 2022, "actual": 151.84, "pred_records": 34.8, "resid_records": 117.0, "pred_tp1": 49.9, "resid_tp1": 102.0, "pred_tp2": 94.6, "resid_tp2": 57.2, "pred_tp3": 90.3, "resid_tp3": 61.5, "pred_tp4": 100.7, "resid_tp4": 51.1, "pred_tp5": 95.5, "resid_tp5": 56.4, "pred_tp6": 68.3, "resid_tp6": 83.6}}, {"type": "Feature", "geometry": {"type": "Point", "coordinates": [-93.736808, 42.0124649]}, "properties": {"plot_id": "Ames-4233-9-4", "site_id": "Ames", "year": 2022, "actual": 142.7, "pred_records": 34.8, "resid_records": 107.9, "pred_tp1": 56.0, "resid_tp1": 86.7, "pred_tp2": 110.3, "resid_tp2": 32.4, "pred_tp3": 81.6, "resid_tp3": 61.1, "pred_tp4": 102.7, "resid_tp4": 40.0, "pred_tp5": 74.6, "resid_tp5": 68.1, "pred_tp6": 48.0, "resid_tp6": 94.7}}, {"type": "Feature", "geometry": {"type": "Point", "coordinates": [-93.7368076, 42.0124379]}, "properties": {"plot_id": "Ames-4233-9-5", "site_id": "Ames", "year": 2022, "actual": 135.85, "pred_records": 34.8, "resid_records": 101.1, "pred_tp1": 40.4, "resid_tp1": 95.4, "pred_tp2": 105.4, "resid_tp2": 30.5, "pred_tp3": 89.9, "resid_tp3": 45.9, "pred_tp4": 81.1, "resid_tp4": 54.7, "pred_tp5": 52.2, "resid_tp5": 83.7, "pred_tp6": 51.4, "resid_tp6": 84.5}}, {"type": "Feature", "geometry": {"type": "Point", "coordinates": [-93.7368073, 42.0124109]}, "properties": {"plot_id": "Ames-4233-9-6", "site_id": "Ames", "year": 2022, "actual": 153.95, "pred_records": 34.8, "resid_records": 119.2, "pred_tp1": 43.8, "resid_tp1": 110.2, "pred_tp2": 105.4, "resid_tp2": 48.6, "pred_tp3": 79.8, "resid_tp3": 74.1, "pred_tp4": 85.5, "resid_tp4": 68.5, "pred_tp5": 74.7, "resid_tp5": 79.2, "pred_tp6": 62.0, "resid_tp6": 92.0}}, {"type": "Feature", "geometry": {"type": "Point", "coordinates": [-93.736807, 42.0123839]}, "properties": {"plot_id": "Ames-4233-9-7", "site_id": "Ames", "year": 2022, "actual": 149.42, "pred_records": 34.8, "resid_records": 114.6, "pred_tp1": 67.6, "resid_tp1": 81.9, "pred_tp2": 99.3, "resid_tp2": 50.1, "pred_tp3": 75.5, "resid_tp3": 73.9, "pred_tp4": 74.5, "resid_tp4": 74.9, "pred_tp5": 74.6, "resid_tp5": 74.9, "pred_tp6": 69.6, "resid_tp6": 79.8}}, {"type": "Feature", "geometry": {"type": "Point", "coordinates": [-93.7368085, 42.0123568]}, "properties": {"plot_id": "Ames-4233-9-8", "site_id": "Ames", "year": 2022, "actual": 134.57, "pred_records": 34.8, "resid_records": 99.8, "pred_tp1": 46.1, "resid_tp1": 88.5, "pred_tp2": 106.9, "resid_tp2": 27.7, "pred_tp3": 73.7, "resid_tp3": 60.9, "pred_tp4": 83.0, "resid_tp4": 51.6, "pred_tp5": 73.4, "resid_tp5": 61.2, "pred_tp6": 58.3, "resid_tp6": 76.3}}, {"type": "Feature", "geometry": {"type": "Point", "coordinates": [-93.7368082, 42.0123298]}, "properties": {"plot_id": "Ames-4233-9-9", "site_id": "Ames", "year": 2022, "actual": 161.49, "pred_records": 34.8, "resid_records": 126.7, "pred_tp1": 45.4, "resid_tp1": 116.1, "pred_tp2": 110.9, "resid_tp2": 50.6, "pred_tp3": 103.8, "resid_tp3": 57.7, "pred_tp4": 98.5, "resid_tp4": 62.9, "pred_tp5": 64.7, "resid_tp5": 96.8, "pred_tp6": 44.7, "resid_tp6": 116.8}}, {"type": "Feature", "geometry": {"type": "Point", "coordinates": [-91.4869648, 41.1993699]}, "properties": {"plot_id": "Crawfordsville-4351-10-13", "site_id": "Crawfordsville", "year": 2022, "actual": 176.76, "pred_records": 29.5, "resid_records": 147.3, "pred_tp1": 98.5, "resid_tp1": 78.2, "pred_tp2": 122.0, "resid_tp2": 54.7, "pred_tp3": 130.7, "resid_tp3": 46.0, "pred_tp4": 87.4, "resid_tp4": 89.4, "pred_tp5": 93.0, "resid_tp5": 83.8, "pred_tp6": 77.4, "resid_tp6": 99.3}}, {"type": "Feature", "geometry": {"type": "Point", "coordinates": [-91.4868915, 41.199369]}, "properties": {"plot_id": "Crawfordsville-4351-10-15", "site_id": "Crawfordsville", "year": 2022, "actual": 168.98, "pred_records": 29.5, "resid_records": 139.5, "pred_tp1": 92.6, "resid_tp1": 76.4, "pred_tp2": 112.1, "resid_tp2": 56.9, "pred_tp3": 127.3, "resid_tp3": 41.6, "pred_tp4": 79.9, "resid_tp4": 89.1, "pred_tp5": 74.0, "resid_tp5": 95.0, "pred_tp6": 71.5, "resid_tp6": 97.4}}, {"type": "Feature", "geometry": {"type": "Point", "coordinates": [-91.4868539, 41.1993685]}, "properties": {"plot_id": "Crawfordsville-4351-10-16", "site_id": "Crawfordsville", "year": 2022, "actual": 146.21, "pred_records": 29.5, "resid_records": 116.7, "pred_tp1": 93.2, "resid_tp1": 53.0, "pred_tp2": 124.6, "resid_tp2": 21.6, "pred_tp3": 134.6, "resid_tp3": 11.6, "pred_tp4": 79.5, "resid_tp4": 66.8, "pred_tp5": 72.8, "resid_tp5": 73.4, "pred_tp6": 69.3, "resid_tp6": 76.9}}, {"type": "Feature", "geometry": {"type": "Point", "coordinates": [-91.4868181, 41.1993694]}, "properties": {"plot_id": "Crawfordsville-4351-10-17", "site_id": "Crawfordsville", "year": 2022, "actual": 173.06, "pred_records": 29.5, "resid_records": 143.6, "pred_tp1": 91.1, "resid_tp1": 82.0, "pred_tp2": 119.2, "resid_tp2": 53.9, "pred_tp3": 126.0, "resid_tp3": 47.0, "pred_tp4": 86.5, "resid_tp4": 86.5, "pred_tp5": 96.2, "resid_tp5": 76.8, "pred_tp6": 89.8, "resid_tp6": 83.3}}, {"type": "Feature", "geometry": {"type": "Point", "coordinates": [-91.4867806, 41.1993689]}, "properties": {"plot_id": "Crawfordsville-4351-10-18", "site_id": "Crawfordsville", "year": 2022, "actual": 112.14, "pred_records": 1.7, "resid_records": 110.5, "pred_tp1": 91.4, "resid_tp1": 20.8, "pred_tp2": 102.4, "resid_tp2": 9.7, "pred_tp3": 118.7, "resid_tp3": -6.6, "pred_tp4": 75.2, "resid_tp4": 37.0, "pred_tp5": 65.8, "resid_tp5": 46.4, "pred_tp6": 64.8, "resid_tp6": 47.3}}, {"type": "Feature", "geometry": {"type": "Point", "coordinates": [-91.4867073, 41.1993679]}, "properties": {"plot_id": "Crawfordsville-4351-10-20", "site_id": "Crawfordsville", "year": 2022, "actual": 142.69, "pred_records": 29.5, "resid_records": 113.2, "pred_tp1": 100.1, "resid_tp1": 42.6, "pred_tp2": 118.6, "resid_tp2": 24.1, "pred_tp3": 129.9, "resid_tp3": 12.7, "pred_tp4": 80.9, "resid_tp4": 61.8, "pred_tp5": 83.2, "resid_tp5": 59.5, "pred_tp6": 68.6, "resid_tp6": 74.0}}, {"type": "Feature", "geometry": {"type": "Point", "coordinates": [-91.4869636, 41.199424]}, "properties": {"plot_id": "Crawfordsville-4351-11-13", "site_id": "Crawfordsville", "year": 2022, "actual": 186.2, "pred_records": 29.5, "resid_records": 156.7, "pred_tp1": 99.4, "resid_tp1": 86.8, "pred_tp2": 119.7, "resid_tp2": 66.5, "pred_tp3": 123.7, "resid_tp3": 62.5, "pred_tp4": 83.8, "resid_tp4": 102.4, "pred_tp5": 90.1, "resid_tp5": 96.1, "pred_tp6": 70.5, "resid_tp6": 115.7}}, {"type": "Feature", "geometry": {"type": "Point", "coordinates": [-91.4869278, 41.1994248]}, "properties": {"plot_id": "Crawfordsville-4351-11-14", "site_id": "Crawfordsville", "year": 2022, "actual": 180.9, "pred_records": 22.0, "resid_records": 158.9, "pred_tp1": 108.8, "resid_tp1": 72.1, "pred_tp2": 111.0, "resid_tp2": 69.9, "pred_tp3": 115.3, "resid_tp3": 65.6, "pred_tp4": 77.4, "resid_tp4": 103.5, "pred_tp5": 77.7, "resid_tp5": 103.2, "pred_tp6": 71.9, "resid_tp6": 109.0}}, {"type": "Feature", "geometry": {"type": "Point", "coordinates": [-91.4868902, 41.1994244]}, "properties": {"plot_id": "Crawfordsville-4351-11-15", "site_id": "Crawfordsville", "year": 2022, "actual": 145.08, "pred_records": 29.5, "resid_records": 115.6, "pred_tp1": 99.0, "resid_tp1": 46.1, "pred_tp2": 107.9, "resid_tp2": 37.2, "pred_tp3": 115.4, "resid_tp3": 29.7, "pred_tp4": 76.3, "resid_tp4": 68.8, "pred_tp5": 66.0, "resid_tp5": 79.1, "pred_tp6": 70.2, "resid_tp6": 74.9}}, {"type": "Feature", "geometry": {"type": "Point", "coordinates": [-91.4868545, 41.1994239]}, "properties": {"plot_id": "Crawfordsville-4351-11-16", "site_id": "Crawfordsville", "year": 2022, "actual": 195.96, "pred_records": 29.5, "resid_records": 166.5, "pred_tp1": 93.7, "resid_tp1": 102.2, "pred_tp2": 116.9, "resid_tp2": 79.0, "pred_tp3": 125.8, "resid_tp3": 70.2, "pred_tp4": 81.5, "resid_tp4": 114.4, "pred_tp5": 76.6, "resid_tp5": 119.4, "pred_tp6": 71.8, "resid_tp6": 124.1}}, {"type": "Feature", "geometry": {"type": "Point", "coordinates": [-91.4868169, 41.1994234]}, "properties": {"plot_id": "Crawfordsville-4351-11-17", "site_id": "Crawfordsville", "year": 2022, "actual": 167.22, "pred_records": 29.5, "resid_records": 137.7, "pred_tp1": 99.2, "resid_tp1": 68.0, "pred_tp2": 127.9, "resid_tp2": 39.4, "pred_tp3": 132.9, "resid_tp3": 34.3, "pred_tp4": 77.0, "resid_tp4": 90.3, "pred_tp5": 73.8, "resid_tp5": 93.4, "pred_tp6": 67.6, "resid_tp6": 99.7}}, {"type": "Feature", "geometry": {"type": "Point", "coordinates": [-91.4867811, 41.1994229]}, "properties": {"plot_id": "Crawfordsville-4351-11-18", "site_id": "Crawfordsville", "year": 2022, "actual": 148.2, "pred_records": 1.7, "resid_records": 146.5, "pred_tp1": 99.7, "resid_tp1": 48.5, "pred_tp2": 105.8, "resid_tp2": 42.4, "pred_tp3": 108.8, "resid_tp3": 39.4, "pred_tp4": 62.0, "resid_tp4": 86.2, "pred_tp5": 71.8, "resid_tp5": 76.4, "pred_tp6": 59.4, "resid_tp6": 88.8}}, {"type": "Feature", "geometry": {"type": "Point", "coordinates": [-91.4867435, 41.1994238]}, "properties": {"plot_id": "Crawfordsville-4351-11-19", "site_id": "Crawfordsville", "year": 2022, "actual": 163.8, "pred_records": 29.5, "resid_records": 134.3, "pred_tp1": 108.8, "resid_tp1": 55.0, "pred_tp2": 119.2, "resid_tp2": 44.6, "pred_tp3": 119.0, "resid_tp3": 44.8, "pred_tp4": 79.4, "resid_tp4": 84.4, "pred_tp5": 80.7, "resid_tp5": 83.1, "pred_tp6": 70.7, "resid_tp6": 93.1}}, {"type": "Feature", "geometry": {"type": "Point", "coordinates": [-91.486706, 41.1994233]}, "properties": {"plot_id": "Crawfordsville-4351-11-20", "site_id": "Crawfordsville", "year": 2022, "actual": 149.41, "pred_records": 29.5, "resid_records": 119.9, "pred_tp1": 93.7, "resid_tp1": 55.7, "pred_tp2": 118.4, "resid_tp2": 31.0, "pred_tp3": 120.9, "resid_tp3": 28.5, "pred_tp4": 86.7, "resid_tp4": 62.7, "pred_tp5": 88.4, "resid_tp5": 61.0, "pred_tp6": 75.6, "resid_tp6": 73.8}}, {"type": "Feature", "geometry": {"type": "Point", "coordinates": [-91.4869641, 41.1994794]}, "properties": {"plot_id": "Crawfordsville-4351-12-13", "site_id": "Crawfordsville", "year": 2022, "actual": 213.04, "pred_records": 30.8, "resid_records": 182.3, "pred_tp1": 101.7, "resid_tp1": 111.4, "pred_tp2": 130.2, "resid_tp2": 82.8, "pred_tp3": 145.3, "resid_tp3": 67.8, "pred_tp4": 99.4, "resid_tp4": 113.6, "pred_tp5": 97.9, "resid_tp5": 115.2, "pred_tp6": 84.5, "resid_tp6": 128.6}}, {"type": "Feature", "geometry": {"type": "Point", "coordinates": [-91.4869265, 41.1994789]}, "properties": {"plot_id": "Crawfordsville-4351-12-14", "site_id": "Crawfordsville", "year": 2022, "actual": 177.61, "pred_records": 35.9, "resid_records": 141.7, "pred_tp1": 102.0, "resid_tp1": 75.6, "pred_tp2": 120.2, "resid_tp2": 57.4, "pred_tp3": 125.9, "resid_tp3": 51.7, "pred_tp4": 87.3, "resid_tp4": 90.3, "pred_tp5": 86.8, "resid_tp5": 90.8, "pred_tp6": 77.6, "resid_tp6": 100.0}}, {"type": "Feature", "geometry": {"type": "Point", "coordinates": [-91.4868908, 41.1994784]}, "properties": {"plot_id": "Crawfordsville-4351-12-15", "site_id": "Crawfordsville", "year": 2022, "actual": 140.97, "pred_records": 30.7, "resid_records": 110.2, "pred_tp1": 93.4, "resid_tp1": 47.6, "pred_tp2": 102.9, "resid_tp2": 38.1, "pred_tp3": 110.8, "resid_tp3": 30.2, "pred_tp4": 75.5, "resid_tp4": 65.4, "pred_tp5": 74.8, "resid_tp5": 66.2, "pred_tp6": 72.2, "resid_tp6": 68.8}}, {"type": "Feature", "geometry": {"type": "Point", "coordinates": [-91.4868532, 41.1994779]}, "properties": {"plot_id": "Crawfordsville-4351-12-16", "site_id": "Crawfordsville", "year": 2022, "actual": 173.52, "pred_records": 29.5, "resid_records": 144.0, "pred_tp1": 97.4, "resid_tp1": 76.1, "pred_tp2": 114.8, "resid_tp2": 58.7, "pred_tp3": 126.5, "resid_tp3": 47.0, "pred_tp4": 81.8, "resid_tp4": 91.8, "pred_tp5": 73.2, "resid_tp5": 100.4, "pred_tp6": 74.8, "resid_tp6": 98.7}}, {"type": "Feature", "geometry": {"type": "Point", "coordinates": [-91.4868174, 41.1994788]}, "properties": {"plot_id": "Crawfordsville-4351-12-17", "site_id": "Crawfordsville", "year": 2022, "actual": 178.45, "pred_records": 38.1, "resid_records": 140.4, "pred_tp1": 78.5, "resid_tp1": 100.0, "pred_tp2": 124.0, "resid_tp2": 54.4, "pred_tp3": 136.0, "resid_tp3": 42.4, "pred_tp4": 87.6, "resid_tp4": 90.9, "pred_tp5": 77.9, "resid_tp5": 100.5, "pred_tp6": 74.0, "resid_tp6": 104.4}}, {"type": "Feature", "geometry": {"type": "Point", "coordinates": [-91.4867423, 41.1994778]}, "properties": {"plot_id": "Crawfordsville-4351-12-19", "site_id": "Crawfordsville", "year": 2022, "actual": 166.24, "pred_records": 29.5, "resid_records": 136.8, "pred_tp1": 90.2, "resid_tp1": 76.0, "pred_tp2": 116.4, "resid_tp2": 49.8, "pred_tp3": 120.8, "resid_tp3": 45.4, "pred_tp4": 78.4, "resid_tp4": 87.8, "pred_tp5": 74.3, "resid_tp5": 91.9, "pred_tp6": 64.5, "resid_tp6": 101.7}}, {"type": "Feature", "geometry": {"type": "Point", "coordinates": [-91.4867065, 41.1994787]}, "properties": {"plot_id": "Crawfordsville-4351-12-20", "site_id": "Crawfordsville", "year": 2022, "actual": 118.67, "pred_records": 3.5, "resid_records": 115.1, "pred_tp1": 77.1, "resid_tp1": 41.5, "pred_tp2": 85.5, "resid_tp2": 33.1, "pred_tp3": 96.3, "resid_tp3": 22.4, "pred_tp4": 65.5, "resid_tp4": 53.2, "pred_tp5": 69.2, "resid_tp5": 49.5, "pred_tp6": 68.1, "resid_tp6": 50.6}}, {"type": "Feature", "geometry": {"type": "Point", "coordinates": [-91.4869628, 41.1995334]}, "properties": {"plot_id": "Crawfordsville-4351-13-13", "site_id": "Crawfordsville", "year": 2022, "actual": 135.49, "pred_records": 25.2, "resid_records": 110.3, "pred_tp1": 96.3, "resid_tp1": 39.2, "pred_tp2": 116.3, "resid_tp2": 19.2, "pred_tp3": 126.6, "resid_tp3": 8.9, "pred_tp4": 80.2, "resid_tp4": 55.3, "pred_tp5": 73.0, "resid_tp5": 62.4, "pred_tp6": 63.1, "resid_tp6": 72.4}}, {"type": "Feature", "geometry": {"type": "Point", "coordinates": [-91.486927, 41.1995343]}, "properties": {"plot_id": "Crawfordsville-4351-13-14", "site_id": "Crawfordsville", "year": 2022, "actual": 175.93, "pred_records": 29.5, "resid_records": 146.4, "pred_tp1": 108.2, "resid_tp1": 67.8, "pred_tp2": 105.5, "resid_tp2": 70.4, "pred_tp3": 120.1, "resid_tp3": 55.8, "pred_tp4": 73.5, "resid_tp4": 102.4, "pred_tp5": 72.9, "resid_tp5": 103.1, "pred_tp6": 69.4, "resid_tp6": 106.5}}, {"type": "Feature", "geometry": {"type": "Point", "coordinates": [-91.4868895, 41.1995338]}, "properties": {"plot_id": "Crawfordsville-4351-13-15", "site_id": "Crawfordsville", "year": 2022, "actual": 166.25, "pred_records": 29.5, "resid_records": 136.8, "pred_tp1": 98.5, "resid_tp1": 67.7, "pred_tp2": 109.2, "resid_tp2": 57.0, "pred_tp3": 118.3, "resid_tp3": 48.0, "pred_tp4": 77.6, "resid_tp4": 88.7, "pred_tp5": 69.7, "resid_tp5": 96.6, "pred_tp6": 60.6, "resid_tp6": 105.6}}, {"type": "Feature", "geometry": {"type": "Point", "coordinates": [-91.4868537, 41.1995333]}, "properties": {"plot_id": "Crawfordsville-4351-13-16", "site_id": "Crawfordsville", "year": 2022, "actual": 205.12, "pred_records": 57.2, "resid_records": 147.9, "pred_tp1": 108.4, "resid_tp1": 96.7, "pred_tp2": 129.0, "resid_tp2": 76.1, "pred_tp3": 138.6, "resid_tp3": 66.5, "pred_tp4": 97.9, "resid_tp4": 107.2, "pred_tp5": 102.7, "resid_tp5": 102.4, "pred_tp6": 89.2, "resid_tp6": 115.9}}, {"type": "Feature", "geometry": {"type": "Point", "coordinates": [-91.4868162, 41.1995328]}, "properties": {"plot_id": "Crawfordsville-4351-13-17", "site_id": "Crawfordsville", "year": 2022, "actual": 186.59, "pred_records": 30.8, "resid_records": 155.8, "pred_tp1": 98.0, "resid_tp1": 88.6, "pred_tp2": 125.6, "resid_tp2": 61.0, "pred_tp3": 141.7, "resid_tp3": 44.9, "pred_tp4": 90.2, "resid_tp4": 96.4, "pred_tp5": 88.6, "resid_tp5": 98.0, "pred_tp6": 78.6, "resid_tp6": 108.0}}, {"type": "Feature", "geometry": {"type": "Point", "coordinates": [-91.4867786, 41.1995337]}, "properties": {"plot_id": "Crawfordsville-4351-13-18", "site_id": "Crawfordsville", "year": 2022, "actual": 167.55, "pred_records": 29.5, "resid_records": 138.1, "pred_tp1": 99.0, "resid_tp1": 68.5, "pred_tp2": 117.8, "resid_tp2": 49.7, "pred_tp3": 132.8, "resid_tp3": 34.8, "pred_tp4": 80.3, "resid_tp4": 87.3, "pred_tp5": 83.8, "resid_tp5": 83.8, "pred_tp6": 75.1, "resid_tp6": 92.5}}, {"type": "Feature", "geometry": {"type": "Point", "coordinates": [-91.4867428, 41.1995332]}, "properties": {"plot_id": "Crawfordsville-4351-13-19", "site_id": "Crawfordsville", "year": 2022, "actual": 93.85, "pred_records": 28.1, "resid_records": 65.8, "pred_tp1": 97.6, "resid_tp1": -3.8, "pred_tp2": 114.3, "resid_tp2": -20.5, "pred_tp3": 116.0, "resid_tp3": -22.2, "pred_tp4": 76.8, "resid_tp4": 17.0, "pred_tp5": 65.0, "resid_tp5": 28.9, "pred_tp6": 61.4, "resid_tp6": 32.5}}, {"type": "Feature", "geometry": {"type": "Point", "coordinates": [-91.4867053, 41.1995327]}, "properties": {"plot_id": "Crawfordsville-4351-13-20", "site_id": "Crawfordsville", "year": 2022, "actual": 107.28, "pred_records": 3.2, "resid_records": 104.1, "pred_tp1": 87.6, "resid_tp1": 19.7, "pred_tp2": 94.0, "resid_tp2": 13.3, "pred_tp3": 100.4, "resid_tp3": 6.9, "pred_tp4": 69.8, "resid_tp4": 37.5, "pred_tp5": 85.1, "resid_tp5": 22.2, "pred_tp6": 68.9, "resid_tp6": 38.3}}, {"type": "Feature", "geometry": {"type": "Point", "coordinates": [-91.4869634, 41.1995888]}, "properties": {"plot_id": "Crawfordsville-4351-14-13", "site_id": "Crawfordsville", "year": 2022, "actual": 136.89, "pred_records": 18.2, "resid_records": 118.7, "pred_tp1": 100.3, "resid_tp1": 36.6, "pred_tp2": 99.9, "resid_tp2": 37.0, "pred_tp3": 110.8, "resid_tp3": 26.1, "pred_tp4": 73.7, "resid_tp4": 63.2, "pred_tp5": 75.5, "resid_tp5": 61.4, "pred_tp6": 67.8, "resid_tp6": 69.1}}, {"type": "Feature", "geometry": {"type": "Point", "coordinates": [-91.4869258, 41.1995883]}, "properties": {"plot_id": "Crawfordsville-4351-14-14", "site_id": "Crawfordsville", "year": 2022, "actual": 154.43, "pred_records": 29.5, "resid_records": 124.9, "pred_tp1": 101.6, "resid_tp1": 52.9, "pred_tp2": 109.3, "resid_tp2": 45.1, "pred_tp3": 114.2, "resid_tp3": 40.2, "pred_tp4": 76.0, "resid_tp4": 78.5, "pred_tp5": 71.7, "resid_tp5": 82.7, "pred_tp6": 75.0, "resid_tp6": 79.4}}, {"type": "Feature", "geometry": {"type": "Point", "coordinates": [-91.48689, 41.1995892]}, "properties": {"plot_id": "Crawfordsville-4351-14-15", "site_id": "Crawfordsville", "year": 2022, "actual": 154.26, "pred_records": 29.5, "resid_records": 124.8, "pred_tp1": 102.2, "resid_tp1": 52.1, "pred_tp2": 106.9, "resid_tp2": 47.4, "pred_tp3": 130.0, "resid_tp3": 24.3, "pred_tp4": 85.0, "resid_tp4": 69.3, "pred_tp5": 83.5, "resid_tp5": 70.8, "pred_tp6": 73.2, "resid_tp6": 81.1}}, {"type": "Feature", "geometry": {"type": "Point", "coordinates": [-91.4868524, 41.1995887]}, "properties": {"plot_id": "Crawfordsville-4351-14-16", "site_id": "Crawfordsville", "year": 2022, "actual": 166.55, "pred_records": 29.5, "resid_records": 137.1, "pred_tp1": 98.6, "resid_tp1": 68.0, "pred_tp2": 113.8, "resid_tp2": 52.7, "pred_tp3": 129.4, "resid_tp3": 37.2, "pred_tp4": 81.8, "resid_tp4": 84.8, "pred_tp5": 78.1, "resid_tp5": 88.5, "pred_tp6": 74.2, "resid_tp6": 92.3}}, {"type": "Feature", "geometry": {"type": "Point", "coordinates": [-91.4868149, 41.1995882]}, "properties": {"plot_id": "Crawfordsville-4351-14-17", "site_id": "Crawfordsville", "year": 2022, "actual": 162.68, "pred_records": 29.5, "resid_records": 133.2, "pred_tp1": 96.6, "resid_tp1": 66.0, "pred_tp2": 110.4, "resid_tp2": 52.2, "pred_tp3": 112.3, "resid_tp3": 50.4, "pred_tp4": 72.9, "resid_tp4": 89.8, "pred_tp5": 78.3, "resid_tp5": 84.4, "pred_tp6": 67.2, "resid_tp6": 95.5}}, {"type": "Feature", "geometry": {"type": "Point", "coordinates": [-91.4867791, 41.1995877]}, "properties": {"plot_id": "Crawfordsville-4351-14-18", "site_id": "Crawfordsville", "year": 2022, "actual": 170.57, "pred_records": 29.5, "resid_records": 141.1, "pred_tp1": 95.7, "resid_tp1": 74.9, "pred_tp2": 114.3, "resid_tp2": 56.3, "pred_tp3": 126.4, "resid_tp3": 44.2, "pred_tp4": 85.2, "resid_tp4": 85.4, "pred_tp5": 82.5, "resid_tp5": 88.1, "pred_tp6": 73.4, "resid_tp6": 97.2}}, {"type": "Feature", "geometry": {"type": "Point", "coordinates": [-91.4867416, 41.1995872]}, "properties": {"plot_id": "Crawfordsville-4351-14-19", "site_id": "Crawfordsville", "year": 2022, "actual": 153.8, "pred_records": 29.5, "resid_records": 124.3, "pred_tp1": 103.7, "resid_tp1": 50.1, "pred_tp2": 125.8, "resid_tp2": 28.0, "pred_tp3": 134.0, "resid_tp3": 19.8, "pred_tp4": 82.8, "resid_tp4": 71.0, "pred_tp5": 82.8, "resid_tp5": 71.0, "pred_tp6": 71.0, "resid_tp6": 82.8}}, {"type": "Feature", "geometry": {"type": "Point", "coordinates": [-91.4867058, 41.1995881]}, "properties": {"plot_id": "Crawfordsville-4351-14-20", "site_id": "Crawfordsville", "year": 2022, "actual": 168.1, "pred_records": 38.1, "resid_records": 130.0, "pred_tp1": 89.0, "resid_tp1": 79.1, "pred_tp2": 121.8, "resid_tp2": 46.3, "pred_tp3": 129.4, "resid_tp3": 38.7, "pred_tp4": 88.6, "resid_tp4": 79.5, "pred_tp5": 82.4, "resid_tp5": 85.7, "pred_tp6": 83.1, "resid_tp6": 85.0}}, {"type": "Feature", "geometry": {"type": "Point", "coordinates": [-91.4869621, 41.1996442]}, "properties": {"plot_id": "Crawfordsville-4351-15-13", "site_id": "Crawfordsville", "year": 2022, "actual": 165.13, "pred_records": 29.5, "resid_records": 135.6, "pred_tp1": 106.5, "resid_tp1": 58.6, "pred_tp2": 112.9, "resid_tp2": 52.3, "pred_tp3": 122.9, "resid_tp3": 42.2, "pred_tp4": 80.6, "resid_tp4": 84.6, "pred_tp5": 86.1, "resid_tp5": 79.0, "pred_tp6": 70.0, "resid_tp6": 95.2}}, {"type": "Feature", "geometry": {"type": "Point", "coordinates": [-91.4869263, 41.1996437]}, "properties": {"plot_id": "Crawfordsville-4351-15-14", "site_id": "Crawfordsville", "year": 2022, "actual": 172.3, "pred_records": 28.9, "resid_records": 143.4, "pred_tp1": 102.3, "resid_tp1": 70.0, "pred_tp2": 104.4, "resid_tp2": 67.9, "pred_tp3": 117.4, "resid_tp3": 54.9, "pred_tp4": 73.2, "resid_tp4": 99.1, "pred_tp5": 76.2, "resid_tp5": 96.1, "pred_tp6": 75.6, "resid_tp6": 96.7}}, {"type": "Feature", "geometry": {"type": "Point", "coordinates": [-91.4868888, 41.1996432]}, "properties": {"plot_id": "Crawfordsville-4351-15-15", "site_id": "Crawfordsville", "year": 2022, "actual": 153.5, "pred_records": 30.7, "resid_records": 122.8, "pred_tp1": 94.3, "resid_tp1": 59.2, "pred_tp2": 106.3, "resid_tp2": 47.2, "pred_tp3": 119.4, "resid_tp3": 34.1, "pred_tp4": 71.4, "resid_tp4": 82.1, "pred_tp5": 71.4, "resid_tp5": 82.1, "pred_tp6": 72.6, "resid_tp6": 80.9}}, {"type": "Feature", "geometry": {"type": "Point", "coordinates": [-91.4868512, 41.1996427]}, "properties": {"plot_id": "Crawfordsville-4351-15-16", "site_id": "Crawfordsville", "year": 2022, "actual": 149.6, "pred_records": 43.9, "resid_records": 105.7, "pred_tp1": 93.2, "resid_tp1": 56.4, "pred_tp2": 124.6, "resid_tp2": 25.0, "pred_tp3": 133.1, "resid_tp3": 16.5, "pred_tp4": 77.1, "resid_tp4": 72.5, "pred_tp5": 67.0, "resid_tp5": 82.6, "pred_tp6": 72.6, "resid_tp6": 77.0}}, {"type": "Feature", "geometry": {"type": "Point", "coordinates": [-91.4868154, 41.1996423]}, "properties": {"plot_id": "Crawfordsville-4351-15-17", "site_id": "Crawfordsville", "year": 2022, "actual": 176.43, "pred_records": 29.5, "resid_records": 146.9, "pred_tp1": 108.1, "resid_tp1": 68.3, "pred_tp2": 119.4, "resid_tp2": 57.1, "pred_tp3": 126.8, "resid_tp3": 49.6, "pred_tp4": 78.7, "resid_tp4": 97.8, "pred_tp5": 70.0, "resid_tp5": 106.4, "pred_tp6": 67.3, "resid_tp6": 109.2}}, {"type": "Feature", "geometry": {"type": "Point", "coordinates": [-91.4867779, 41.1996431]}, "properties": {"plot_id": "Crawfordsville-4351-15-18", "site_id": "Crawfordsville", "year": 2022, "actual": 166.43, "pred_records": 23.9, "resid_records": 142.5, "pred_tp1": 99.8, "resid_tp1": 66.6, "pred_tp2": 116.7, "resid_tp2": 49.7, "pred_tp3": 131.9, "resid_tp3": 34.5, "pred_tp4": 90.6, "resid_tp4": 75.8, "pred_tp5": 98.5, "resid_tp5": 68.0, "pred_tp6": 91.7, "resid_tp6": 74.8}}, {"type": "Feature", "geometry": {"type": "Point", "coordinates": [-91.4867045, 41.1996421]}, "properties": {"plot_id": "Crawfordsville-4351-15-20", "site_id": "Crawfordsville", "year": 2022, "actual": 186.26, "pred_records": 29.5, "resid_records": 156.8, "pred_tp1": 94.8, "resid_tp1": 91.5, "pred_tp2": 115.4, "resid_tp2": 70.9, "pred_tp3": 123.8, "resid_tp3": 62.5, "pred_tp4": 79.6, "resid_tp4": 106.7, "pred_tp5": 79.0, "resid_tp5": 107.2, "pred_tp6": 66.3, "resid_tp6": 119.9}}, {"type": "Feature", "geometry": {"type": "Point", "coordinates": [-91.4869626, 41.1996982]}, "properties": {"plot_id": "Crawfordsville-4351-16-13", "site_id": "Crawfordsville", "year": 2022, "actual": 175.95, "pred_records": 29.5, "resid_records": 146.5, "pred_tp1": 105.2, "resid_tp1": 70.8, "pred_tp2": 119.7, "resid_tp2": 56.3, "pred_tp3": 126.8, "resid_tp3": 49.1, "pred_tp4": 94.3, "resid_tp4": 81.7, "pred_tp5": 95.1, "resid_tp5": 80.8, "pred_tp6": 82.1, "resid_tp6": 93.8}}, {"type": "Feature", "geometry": {"type": "Point", "coordinates": [-91.4869251, 41.1996977]}, "properties": {"plot_id": "Crawfordsville-4351-16-14", "site_id": "Crawfordsville", "year": 2022, "actual": 153.75, "pred_records": 35.9, "resid_records": 117.9, "pred_tp1": 96.7, "resid_tp1": 57.0, "pred_tp2": 116.1, "resid_tp2": 37.6, "pred_tp3": 112.6, "resid_tp3": 41.2, "pred_tp4": 83.0, "resid_tp4": 70.8, "pred_tp5": 91.4, "resid_tp5": 62.4, "pred_tp6": 74.2, "resid_tp6": 79.6}}, {"type": "Feature", "geometry": {"type": "Point", "coordinates": [-91.4868875, 41.1996986]}, "properties": {"plot_id": "Crawfordsville-4351-16-15", "site_id": "Crawfordsville", "year": 2022, "actual": 158.43, "pred_records": 29.5, "resid_records": 128.9, "pred_tp1": 99.6, "resid_tp1": 58.9, "pred_tp2": 106.6, "resid_tp2": 51.9, "pred_tp3": 110.8, "resid_tp3": 47.7, "pred_tp4": 79.0, "resid_tp4": 79.4, "pred_tp5": 64.5, "resid_tp5": 93.9, "pred_tp6": 62.4, "resid_tp6": 96.0}}, {"type": "Feature", "geometry": {"type": "Point", "coordinates": [-91.4868517, 41.1996981]}, "properties": {"plot_id": "Crawfordsville-4351-16-16", "site_id": "Crawfordsville", "year": 2022, "actual": 170.03, "pred_records": 29.5, "resid_records": 140.5, "pred_tp1": 98.1, "resid_tp1": 71.9, "pred_tp2": 112.5, "resid_tp2": 57.5, "pred_tp3": 123.5, "resid_tp3": 46.5, "pred_tp4": 76.3, "resid_tp4": 93.7, "pred_tp5": 77.3, "resid_tp5": 92.7, "pred_tp6": 69.1, "resid_tp6": 100.9}}, {"type": "Feature", "geometry": {"type": "Point", "coordinates": [-91.4868142, 41.1996976]}, "properties": {"plot_id": "Crawfordsville-4351-16-17", "site_id": "Crawfordsville", "year": 2022, "actual": 139.98, "pred_records": 1.7, "resid_records": 138.3, "pred_tp1": 94.5, "resid_tp1": 45.5, "pred_tp2": 104.0, "resid_tp2": 36.0, "pred_tp3": 112.8, "resid_tp3": 27.2, "pred_tp4": 71.7, "resid_tp4": 68.2, "pred_tp5": 70.5, "resid_tp5": 69.5, "pred_tp6": 60.3, "resid_tp6": 79.7}}, {"type": "Feature", "geometry": {"type": "Point", "coordinates": [-91.4867784, 41.1996972]}, "properties": {"plot_id": "Crawfordsville-4351-16-18", "site_id": "Crawfordsville", "year": 2022, "actual": 172.18, "pred_records": 29.5, "resid_records": 142.7, "pred_tp1": 91.6, "resid_tp1": 80.6, "pred_tp2": 129.4, "resid_tp2": 42.7, "pred_tp3": 132.1, "resid_tp3": 40.1, "pred_tp4": 89.7, "resid_tp4": 82.5, "pred_tp5": 100.3, "resid_tp5": 71.9, "pred_tp6": 96.0, "resid_tp6": 76.1}}, {"type": "Feature", "geometry": {"type": "Point", "coordinates": [-91.4867408, 41.199698]}, "properties": {"plot_id": "Crawfordsville-4351-16-19", "site_id": "Crawfordsville", "year": 2022, "actual": 139.6, "pred_records": 30.7, "resid_records": 108.9, "pred_tp1": 93.0, "resid_tp1": 46.6, "pred_tp2": 115.7, "resid_tp2": 23.9, "pred_tp3": 119.0, "resid_tp3": 20.6, "pred_tp4": 78.4, "resid_tp4": 61.2, "pred_tp5": 87.7, "resid_tp5": 51.9, "pred_tp6": 66.7, "resid_tp6": 72.9}}, {"type": "Feature", "geometry": {"type": "Point", "coordinates": [-91.4867033, 41.1996975]}, "properties": {"plot_id": "Crawfordsville-4351-16-20", "site_id": "Crawfordsville", "year": 2022, "actual": 176.39, "pred_records": 29.5, "resid_records": 146.9, "pred_tp1": 96.1, "resid_tp1": 80.3, "pred_tp2": 114.6, "resid_tp2": 61.8, "pred_tp3": 120.4, "resid_tp3": 55.9, "pred_tp4": 76.8, "resid_tp4": 99.6, "pred_tp5": 80.0, "resid_tp5": 96.4, "pred_tp6": 75.4, "resid_tp6": 100.9}}, {"type": "Feature", "geometry": {"type": "Point", "coordinates": [-91.4869613, 41.1997536]}, "properties": {"plot_id": "Crawfordsville-4351-17-13", "site_id": "Crawfordsville", "year": 2022, "actual": 177.27, "pred_records": 29.5, "resid_records": 147.8, "pred_tp1": 103.2, "resid_tp1": 74.1, "pred_tp2": 121.9, "resid_tp2": 55.4, "pred_tp3": 134.1, "resid_tp3": 43.2, "pred_tp4": 95.2, "resid_tp4": 82.0, "pred_tp5": 101.4, "resid_tp5": 75.9, "pred_tp6": 89.8, "resid_tp6": 87.5}}, {"type": "Feature", "geometry": {"type": "Point", "coordinates": [-91.486888, 41.1997526]}, "properties": {"plot_id": "Crawfordsville-4351-17-15", "site_id": "Crawfordsville", "year": 2022, "actual": 131.75, "pred_records": 29.5, "resid_records": 102.3, "pred_tp1": 94.7, "resid_tp1": 37.0, "pred_tp2": 111.3, "resid_tp2": 20.4, "pred_tp3": 118.2, "resid_tp3": 13.6, "pred_tp4": 77.8, "resid_tp4": 54.0, "pred_tp5": 74.3, "resid_tp5": 57.5, "pred_tp6": 75.1, "resid_tp6": 56.7}}, {"type": "Feature", "geometry": {"type": "Point", "coordinates": [-91.4868504, 41.1997535]}, "properties": {"plot_id": "Crawfordsville-4351-17-16", "site_id": "Crawfordsville", "year": 2022, "actual": 181.43, "pred_records": 29.5, "resid_records": 151.9, "pred_tp1": 98.5, "resid_tp1": 82.9, "pred_tp2": 117.4, "resid_tp2": 64.0, "pred_tp3": 124.7, "resid_tp3": 56.8, "pred_tp4": 75.9, "resid_tp4": 105.5, "pred_tp5": 82.3, "resid_tp5": 99.1, "pred_tp6": 67.7, "resid_tp6": 113.8}}, {"type": "Feature", "geometry": {"type": "Point", "coordinates": [-91.4868147, 41.199753]}, "properties": {"plot_id": "Crawfordsville-4351-17-17", "site_id": "Crawfordsville", "year": 2022, "actual": 158.71, "pred_records": 29.5, "resid_records": 129.2, "pred_tp1": 111.9, "resid_tp1": 46.8, "pred_tp2": 108.0, "resid_tp2": 50.8, "pred_tp3": 124.3, "resid_tp3": 34.4, "pred_tp4": 79.5, "resid_tp4": 79.2, "pred_tp5": 75.9, "resid_tp5": 82.8, "pred_tp6": 65.4, "resid_tp6": 93.3}}, {"type": "Feature", "geometry": {"type": "Point", "coordinates": [-91.4867771, 41.1997525]}, "properties": {"plot_id": "Crawfordsville-4351-17-18", "site_id": "Crawfordsville", "year": 2022, "actual": 149.87, "pred_records": 38.1, "resid_records": 111.8, "pred_tp1": 95.3, "resid_tp1": 54.5, "pred_tp2": 119.5, "resid_tp2": 30.3, "pred_tp3": 131.6, "resid_tp3": 18.3, "pred_tp4": 90.1, "resid_tp4": 59.8, "pred_tp5": 90.6, "resid_tp5": 59.3, "pred_tp6": 80.1, "resid_tp6": 69.8}}, {"type": "Feature", "geometry": {"type": "Point", "coordinates": [-91.4867396, 41.199752]}, "properties": {"plot_id": "Crawfordsville-4351-17-19", "site_id": "Crawfordsville", "year": 2022, "actual": 139.15, "pred_records": 29.5, "resid_records": 109.7, "pred_tp1": 98.5, "resid_tp1": 40.6, "pred_tp2": 117.5, "resid_tp2": 21.6, "pred_tp3": 121.8, "resid_tp3": 17.3, "pred_tp4": 92.4, "resid_tp4": 46.8, "pred_tp5": 92.5, "resid_tp5": 46.7, "pred_tp6": 75.3, "resid_tp6": 63.9}}, {"type": "Feature", "geometry": {"type": "Point", "coordinates": [-91.4867038, 41.1997516]}, "properties": {"plot_id": "Crawfordsville-4351-17-20", "site_id": "Crawfordsville", "year": 2022, "actual": 153.09, "pred_records": 29.5, "resid_records": 123.6, "pred_tp1": 101.7, "resid_tp1": 51.4, "pred_tp2": 119.7, "resid_tp2": 33.4, "pred_tp3": 118.2, "resid_tp3": 34.9, "pred_tp4": 75.3, "resid_tp4": 77.8, "pred_tp5": 72.4, "resid_tp5": 80.7, "pred_tp6": 70.2, "resid_tp6": 82.9}}, {"type": "Feature", "geometry": {"type": "Point", "coordinates": [-91.4869619, 41.199809]}, "properties": {"plot_id": "Crawfordsville-4351-18-13", "site_id": "Crawfordsville", "year": 2022, "actual": 172.03, "pred_records": 29.5, "resid_records": 142.5, "pred_tp1": 100.1, "resid_tp1": 72.0, "pred_tp2": 115.0, "resid_tp2": 57.0, "pred_tp3": 127.8, "resid_tp3": 44.2, "pred_tp4": 88.3, "resid_tp4": 83.7, "pred_tp5": 91.4, "resid_tp5": 80.6, "pred_tp6": 72.9, "resid_tp6": 99.1}}, {"type": "Feature", "geometry": {"type": "Point", "coordinates": [-91.4869243, 41.1998085]}, "properties": {"plot_id": "Crawfordsville-4351-18-14", "site_id": "Crawfordsville", "year": 2022, "actual": 128.17, "pred_records": 29.5, "resid_records": 98.7, "pred_tp1": 90.8, "resid_tp1": 37.4, "pred_tp2": 110.3, "resid_tp2": 17.9, "pred_tp3": 117.5, "resid_tp3": 10.7, "pred_tp4": 82.5, "resid_tp4": 45.6, "pred_tp5": 83.9, "resid_tp5": 44.3, "pred_tp6": 71.5, "resid_tp6": 56.7}}, {"type": "Feature", "geometry": {"type": "Point", "coordinates": [-91.4868868, 41.199808]}, "properties": {"plot_id": "Crawfordsville-4351-18-15", "site_id": "Crawfordsville", "year": 2022, "actual": 139.97, "pred_records": 29.5, "resid_records": 110.5, "pred_tp1": 98.9, "resid_tp1": 41.0, "pred_tp2": 114.3, "resid_tp2": 25.7, "pred_tp3": 116.9, "resid_tp3": 23.1, "pred_tp4": 76.2, "resid_tp4": 63.7, "pred_tp5": 76.6, "resid_tp5": 63.3, "pred_tp6": 68.2, "resid_tp6": 71.7}}, {"type": "Feature", "geometry": {"type": "Point", "coordinates": [-91.486851, 41.1998076]}, "properties": {"plot_id": "Crawfordsville-4351-18-16", "site_id": "Crawfordsville", "year": 2022, "actual": 153.1, "pred_records": 29.5, "resid_records": 123.6, "pred_tp1": 91.0, "resid_tp1": 62.1, "pred_tp2": 121.0, "resid_tp2": 32.1, "pred_tp3": 137.7, "resid_tp3": 15.4, "pred_tp4": 78.6, "resid_tp4": 74.5, "pred_tp5": 69.0, "resid_tp5": 84.1, "pred_tp6": 74.2, "resid_tp6": 78.9}}, {"type": "Feature", "geometry": {"type": "Point", "coordinates": [-91.4868134, 41.1998071]}, "properties": {"plot_id": "Crawfordsville-4351-18-17", "site_id": "Crawfordsville", "year": 2022, "actual": 173.79, "pred_records": 22.0, "resid_records": 151.8, "pred_tp1": 112.5, "resid_tp1": 61.3, "pred_tp2": 110.9, "resid_tp2": 62.9, "pred_tp3": 113.8, "resid_tp3": 60.0, "pred_tp4": 75.3, "resid_tp4": 98.5, "pred_tp5": 77.9, "resid_tp5": 95.8, "pred_tp6": 65.2, "resid_tp6": 108.6}}, {"type": "Feature", "geometry": {"type": "Point", "coordinates": [-91.4867777, 41.1998066]}, "properties": {"plot_id": "Crawfordsville-4351-18-18", "site_id": "Crawfordsville", "year": 2022, "actual": 139.2, "pred_records": 1.7, "resid_records": 137.5, "pred_tp1": 83.8, "resid_tp1": 55.4, "pred_tp2": 98.2, "resid_tp2": 41.0, "pred_tp3": 108.0, "resid_tp3": 31.2, "pred_tp4": 68.2, "resid_tp4": 71.0, "pred_tp5": 80.3, "resid_tp5": 58.9, "pred_tp6": 62.6, "resid_tp6": 76.6}}, {"type": "Feature", "geometry": {"type": "Point", "coordinates": [-91.4867401, 41.1998074]}, "properties": {"plot_id": "Crawfordsville-4351-18-19", "site_id": "Crawfordsville", "year": 2022, "actual": 127.91, "pred_records": 29.5, "resid_records": 98.4, "pred_tp1": 101.7, "resid_tp1": 26.2, "pred_tp2": 113.2, "resid_tp2": 14.8, "pred_tp3": 127.7, "resid_tp3": 0.2, "pred_tp4": 83.4, "resid_tp4": 44.5, "pred_tp5": 80.7, "resid_tp5": 47.2, "pred_tp6": 66.9, "resid_tp6": 61.0}}, {"type": "Feature", "geometry": {"type": "Point", "coordinates": [-91.4867025, 41.199807]}, "properties": {"plot_id": "Crawfordsville-4351-18-20", "site_id": "Crawfordsville", "year": 2022, "actual": 182.2, "pred_records": 25.2, "resid_records": 157.0, "pred_tp1": 93.3, "resid_tp1": 88.9, "pred_tp2": 109.0, "resid_tp2": 73.2, "pred_tp3": 118.8, "resid_tp3": 63.4, "pred_tp4": 77.3, "resid_tp4": 104.9, "pred_tp5": 76.6, "resid_tp5": 105.6, "pred_tp6": 67.5, "resid_tp6": 114.7}}, {"type": "Feature", "geometry": {"type": "Point", "coordinates": [-91.4869606, 41.199863]}, "properties": {"plot_id": "Crawfordsville-4351-19-13", "site_id": "Crawfordsville", "year": 2022, "actual": 146.0, "pred_records": 29.5, "resid_records": 116.5, "pred_tp1": 101.1, "resid_tp1": 44.9, "pred_tp2": 109.7, "resid_tp2": 36.3, "pred_tp3": 124.0, "resid_tp3": 22.0, "pred_tp4": 82.7, "resid_tp4": 63.3, "pred_tp5": 82.1, "resid_tp5": 63.9, "pred_tp6": 81.9, "resid_tp6": 64.1}}, {"type": "Feature", "geometry": {"type": "Point", "coordinates": [-91.4869231, 41.1998625]}, "properties": {"plot_id": "Crawfordsville-4351-19-14", "site_id": "Crawfordsville", "year": 2022, "actual": 116.63, "pred_records": 29.5, "resid_records": 87.1, "pred_tp1": 103.3, "resid_tp1": 13.3, "pred_tp2": 110.9, "resid_tp2": 5.7, "pred_tp3": 122.8, "resid_tp3": -6.2, "pred_tp4": 80.4, "resid_tp4": 36.2, "pred_tp5": 79.8, "resid_tp5": 36.9, "pred_tp6": 69.5, "resid_tp6": 47.1}}, {"type": "Feature", "geometry": {"type": "Point", "coordinates": [-91.4868873, 41.1998621]}, "properties": {"plot_id": "Crawfordsville-4351-19-15", "site_id": "Crawfordsville", "year": 2022, "actual": 158.94, "pred_records": 23.9, "resid_records": 135.0, "pred_tp1": 101.8, "resid_tp1": 57.2, "pred_tp2": 118.9, "resid_tp2": 40.0, "pred_tp3": 131.7, "resid_tp3": 27.3, "pred_tp4": 89.9, "resid_tp4": 69.0, "pred_tp5": 92.7, "resid_tp5": 66.3, "pred_tp6": 74.7, "resid_tp6": 84.2}}, {"type": "Feature", "geometry": {"type": "Point", "coordinates": [-91.4868497, 41.1998629]}, "properties": {"plot_id": "Crawfordsville-4351-19-16", "site_id": "Crawfordsville", "year": 2022, "actual": 185.19, "pred_records": 22.0, "resid_records": 163.2, "pred_tp1": 103.1, "resid_tp1": 82.1, "pred_tp2": 116.2, "resid_tp2": 68.9, "pred_tp3": 128.1, "resid_tp3": 57.1, "pred_tp4": 79.0, "resid_tp4": 106.2, "pred_tp5": 80.8, "resid_tp5": 104.4, "pred_tp6": 72.8, "resid_tp6": 112.4}}, {"type": "Feature", "geometry": {"type": "Point", "coordinates": [-91.4868139, 41.1998625]}, "properties": {"plot_id": "Crawfordsville-4351-19-17", "site_id": "Crawfordsville", "year": 2022, "actual": 220.6, "pred_records": 66.1, "resid_records": 154.5, "pred_tp1": 115.9, "resid_tp1": 104.7, "pred_tp2": 133.0, "resid_tp2": 87.6, "pred_tp3": 144.8, "resid_tp3": 75.8, "pred_tp4": 95.3, "resid_tp4": 125.3, "pred_tp5": 98.2, "resid_tp5": 122.4, "pred_tp6": 89.5, "resid_tp6": 131.1}}, {"type": "Feature", "geometry": {"type": "Point", "coordinates": [-91.4867764, 41.199862]}, "properties": {"plot_id": "Crawfordsville-4351-19-18", "site_id": "Crawfordsville", "year": 2022, "actual": 178.01, "pred_records": 29.5, "resid_records": 148.5, "pred_tp1": 106.9, "resid_tp1": 71.1, "pred_tp2": 112.9, "resid_tp2": 65.1, "pred_tp3": 130.0, "resid_tp3": 48.0, "pred_tp4": 82.5, "resid_tp4": 95.5, "pred_tp5": 87.7, "resid_tp5": 90.3, "pred_tp6": 73.7, "resid_tp6": 104.3}}, {"type": "Feature", "geometry": {"type": "Point", "coordinates": [-91.4867388, 41.1998615]}, "properties": {"plot_id": "Crawfordsville-4351-19-19", "site_id": "Crawfordsville", "year": 2022, "actual": 170.89, "pred_records": 35.9, "resid_records": 135.0, "pred_tp1": 98.9, "resid_tp1": 72.0, "pred_tp2": 120.1, "resid_tp2": 50.8, "pred_tp3": 133.3, "resid_tp3": 37.6, "pred_tp4": 88.2, "resid_tp4": 82.7, "pred_tp5": 95.4, "resid_tp5": 75.5, "pred_tp6": 78.4, "resid_tp6": 92.5}}, {"type": "Feature", "geometry": {"type": "Point", "coordinates": [-91.486703, 41.1998624]}, "properties": {"plot_id": "Crawfordsville-4351-19-20", "site_id": "Crawfordsville", "year": 2022, "actual": 183.73, "pred_records": 29.5, "resid_records": 154.2, "pred_tp1": 98.8, "resid_tp1": 84.9, "pred_tp2": 125.4, "resid_tp2": 58.3, "pred_tp3": 131.0, "resid_tp3": 52.7, "pred_tp4": 86.8, "resid_tp4": 96.9, "pred_tp5": 90.5, "resid_tp5": 93.3, "pred_tp6": 84.7, "resid_tp6": 99.1}}, {"type": "Feature", "geometry": {"type": "Point", "coordinates": [-91.4869678, 41.1989309]}, "properties": {"plot_id": "Crawfordsville-4351-2-13", "site_id": "Crawfordsville", "year": 2022, "actual": 179.36, "pred_records": 29.5, "resid_records": 149.9, "pred_tp1": 96.1, "resid_tp1": 83.3, "pred_tp2": 121.0, "resid_tp2": 58.4, "pred_tp3": 133.1, "resid_tp3": 46.3, "pred_tp4": 91.8, "resid_tp4": 87.5, "pred_tp5": 103.6, "resid_tp5": 75.8, "pred_tp6": 97.0, "resid_tp6": 82.3}}, {"type": "Feature", "geometry": {"type": "Point", "coordinates": [-91.4869302, 41.1989304]}, "properties": {"plot_id": "Crawfordsville-4351-2-14", "site_id": "Crawfordsville", "year": 2022, "actual": 174.04, "pred_records": 23.9, "resid_records": 150.1, "pred_tp1": 100.8, "resid_tp1": 73.2, "pred_tp2": 117.1, "resid_tp2": 57.0, "pred_tp3": 129.7, "resid_tp3": 44.3, "pred_tp4": 93.6, "resid_tp4": 80.4, "pred_tp5": 88.9, "resid_tp5": 85.1, "pred_tp6": 77.6, "resid_tp6": 96.4}}, {"type": "Feature", "geometry": {"type": "Point", "coordinates": [-91.4868945, 41.1989299]}, "properties": {"plot_id": "Crawfordsville-4351-2-15", "site_id": "Crawfordsville", "year": 2022, "actual": 216.44, "pred_records": 57.2, "resid_records": 159.2, "pred_tp1": 107.5, "resid_tp1": 108.9, "pred_tp2": 136.4, "resid_tp2": 80.0, "pred_tp3": 140.3, "resid_tp3": 76.1, "pred_tp4": 95.4, "resid_tp4": 121.0, "pred_tp5": 94.7, "resid_tp5": 121.8, "pred_tp6": 93.4, "resid_tp6": 123.0}}, {"type": "Feature", "geometry": {"type": "Point", "coordinates": [-91.4868587, 41.1989308]}, "properties": {"plot_id": "Crawfordsville-4351-2-16", "site_id": "Crawfordsville", "year": 2022, "actual": 150.92, "pred_records": 29.5, "resid_records": 121.4, "pred_tp1": 95.6, "resid_tp1": 55.3, "pred_tp2": 109.2, "resid_tp2": 41.7, "pred_tp3": 127.4, "resid_tp3": 23.6, "pred_tp4": 76.1, "resid_tp4": 74.8, "pred_tp5": 70.8, "resid_tp5": 80.1, "pred_tp6": 76.0, "resid_tp6": 74.9}}, {"type": "Feature", "geometry": {"type": "Point", "coordinates": [-91.4868211, 41.1989303]}, "properties": {"plot_id": "Crawfordsville-4351-2-17", "site_id": "Crawfordsville", "year": 2022, "actual": 168.4, "pred_records": 29.5, "resid_records": 138.9, "pred_tp1": 106.1, "resid_tp1": 62.3, "pred_tp2": 109.2, "resid_tp2": 59.2, "pred_tp3": 117.1, "resid_tp3": 51.3, "pred_tp4": 77.2, "resid_tp4": 91.2, "pred_tp5": 74.0, "resid_tp5": 94.4, "pred_tp6": 70.6, "resid_tp6": 97.8}}, {"type": "Feature", "geometry": {"type": "Point", "coordinates": [-91.4867478, 41.1989307]}, "properties": {"plot_id": "Crawfordsville-4351-2-19", "site_id": "Crawfordsville", "year": 2022, "actual": 113.16, "pred_records": 1.7, "resid_records": 111.5, "pred_tp1": 84.2, "resid_tp1": 28.9, "pred_tp2": 106.8, "resid_tp2": 6.4, "pred_tp3": 113.9, "resid_tp3": -0.8, "pred_tp4": 72.4, "resid_tp4": 40.7, "pred_tp5": 76.2, "resid_tp5": 37.0, "pred_tp6": 70.6, "resid_tp6": 42.5}}, {"type": "Feature", "geometry": {"type": "Point", "coordinates": [-91.486712, 41.1989302]}, "properties": {"plot_id": "Crawfordsville-4351-2-20", "site_id": "Crawfordsville", "year": 2022, "actual": 219.67, "pred_records": 22.0, "resid_records": 197.7, "pred_tp1": 106.7, "resid_tp1": 112.9, "pred_tp2": 124.3, "resid_tp2": 95.4, "pred_tp3": 138.7, "resid_tp3": 81.0, "pred_tp4": 93.2, "resid_tp4": 126.5, "pred_tp5": 96.6, "resid_tp5": 123.1, "pred_tp6": 93.8, "resid_tp6": 125.9}}, {"type": "Feature", "geometry": {"type": "Point", "coordinates": [-91.4869611, 41.1999184]}, "properties": {"plot_id": "Crawfordsville-4351-20-13", "site_id": "Crawfordsville", "year": 2022, "actual": 179.92, "pred_records": 29.5, "resid_records": 150.4, "pred_tp1": 103.5, "resid_tp1": 76.4, "pred_tp2": 116.7, "resid_tp2": 63.2, "pred_tp3": 116.3, "resid_tp3": 63.6, "pred_tp4": 81.7, "resid_tp4": 98.2, "pred_tp5": 80.2, "resid_tp5": 99.7, "pred_tp6": 69.2, "resid_tp6": 110.7}}, {"type": "Feature", "geometry": {"type": "Point", "coordinates": [-91.486886, 41.1999175]}, "properties": {"plot_id": "Crawfordsville-4351-20-15", "site_id": "Crawfordsville", "year": 2022, "actual": 144.39, "pred_records": 30.8, "resid_records": 113.6, "pred_tp1": 80.9, "resid_tp1": 63.5, "pred_tp2": 151.5, "resid_tp2": -7.2, "pred_tp3": 136.6, "resid_tp3": 7.8, "pred_tp4": 80.8, "resid_tp4": 63.6, "pred_tp5": 83.8, "resid_tp5": 60.6, "pred_tp6": 71.4, "resid_tp6": 73.0}}, {"type": "Feature", "geometry": {"type": "Point", "coordinates": [-91.4868503, 41.199917]}, "properties": {"plot_id": "Crawfordsville-4351-20-16", "site_id": "Crawfordsville", "year": 2022, "actual": 178.34, "pred_records": 34.8, "resid_records": 143.6, "pred_tp1": 95.3, "resid_tp1": 83.1, "pred_tp2": 117.2, "resid_tp2": 61.1, "pred_tp3": 133.3, "resid_tp3": 45.0, "pred_tp4": 78.9, "resid_tp4": 99.4, "pred_tp5": 82.5, "resid_tp5": 95.8, "pred_tp6": 79.0, "resid_tp6": 99.4}}, {"type": "Feature", "geometry": {"type": "Point", "coordinates": [-91.4868127, 41.1999178]}, "properties": {"plot_id": "Crawfordsville-4351-20-17", "site_id": "Crawfordsville", "year": 2022, "actual": 146.46, "pred_records": 29.5, "resid_records": 117.0, "pred_tp1": 109.7, "resid_tp1": 36.7, "pred_tp2": 106.0, "resid_tp2": 40.4, "pred_tp3": 126.5, "resid_tp3": 19.9, "pred_tp4": 77.4, "resid_tp4": 69.1, "pred_tp5": 80.5, "resid_tp5": 65.9, "pred_tp6": 75.5, "resid_tp6": 71.0}}, {"type": "Feature", "geometry": {"type": "Point", "coordinates": [-91.4867751, 41.1999173]}, "properties": {"plot_id": "Crawfordsville-4351-20-18", "site_id": "Crawfordsville", "year": 2022, "actual": 161.18, "pred_records": 29.5, "resid_records": 131.7, "pred_tp1": 98.7, "resid_tp1": 62.4, "pred_tp2": 108.2, "resid_tp2": 53.0, "pred_tp3": 122.8, "resid_tp3": 38.4, "pred_tp4": 76.6, "resid_tp4": 84.5, "pred_tp5": 79.8, "resid_tp5": 81.4, "pred_tp6": 71.5, "resid_tp6": 89.7}}, {"type": "Feature", "geometry": {"type": "Point", "coordinates": [-91.4867018, 41.1999164]}, "properties": {"plot_id": "Crawfordsville-4351-20-20", "site_id": "Crawfordsville", "year": 2022, "actual": 136.8, "pred_records": 3.5, "resid_records": 133.3, "pred_tp1": 87.9, "resid_tp1": 48.9, "pred_tp2": 92.4, "resid_tp2": 44.4, "pred_tp3": 99.9, "resid_tp3": 36.9, "pred_tp4": 66.4, "resid_tp4": 70.4, "pred_tp5": 78.1, "resid_tp5": 58.7, "pred_tp6": 71.2, "resid_tp6": 65.6}}, {"type": "Feature", "geometry": {"type": "Point", "coordinates": [-91.4869599, 41.1999725]}, "properties": {"plot_id": "Crawfordsville-4351-21-13", "site_id": "Crawfordsville", "year": 2022, "actual": 185.97, "pred_records": 34.2, "resid_records": 151.8, "pred_tp1": 88.3, "resid_tp1": 97.7, "pred_tp2": 115.5, "resid_tp2": 70.4, "pred_tp3": 131.8, "resid_tp3": 54.2, "pred_tp4": 89.4, "resid_tp4": 96.6, "pred_tp5": 101.0, "resid_tp5": 84.9, "pred_tp6": 84.6, "resid_tp6": 101.4}}, {"type": "Feature", "geometry": {"type": "Point", "coordinates": [-91.4869241, 41.1999734]}, "properties": {"plot_id": "Crawfordsville-4351-21-14", "site_id": "Crawfordsville", "year": 2022, "actual": 169.32, "pred_records": 39.1, "resid_records": 130.2, "pred_tp1": 104.6, "resid_tp1": 64.7, "pred_tp2": 117.8, "resid_tp2": 51.5, "pred_tp3": 136.0, "resid_tp3": 33.4, "pred_tp4": 93.0, "resid_tp4": 76.3, "pred_tp5": 96.3, "resid_tp5": 73.1, "pred_tp6": 88.3, "resid_tp6": 81.0}}, {"type": "Feature", "geometry": {"type": "Point", "coordinates": [-91.4868865, 41.1999729]}, "properties": {"plot_id": "Crawfordsville-4351-21-15", "site_id": "Crawfordsville", "year": 2022, "actual": 177.0, "pred_records": 29.5, "resid_records": 147.5, "pred_tp1": 92.1, "resid_tp1": 84.9, "pred_tp2": 120.8, "resid_tp2": 56.2, "pred_tp3": 139.7, "resid_tp3": 37.3, "pred_tp4": 80.9, "resid_tp4": 96.1, "pred_tp5": 80.4, "resid_tp5": 96.6, "pred_tp6": 72.9, "resid_tp6": 104.1}}, {"type": "Feature", "geometry": {"type": "Point", "coordinates": [-91.486849, 41.1999724]}, "properties": {"plot_id": "Crawfordsville-4351-21-16", "site_id": "Crawfordsville", "year": 2022, "actual": 217.34, "pred_records": 66.1, "resid_records": 151.3, "pred_tp1": 107.1, "resid_tp1": 110.2, "pred_tp2": 137.1, "resid_tp2": 80.3, "pred_tp3": 142.9, "resid_tp3": 74.5, "pred_tp4": 98.0, "resid_tp4": 119.3, "pred_tp5": 100.8, "resid_tp5": 116.5, "pred_tp6": 103.1, "resid_tp6": 114.3}}, {"type": "Feature", "geometry": {"type": "Point", "coordinates": [-91.4868132, 41.1999719]}, "properties": {"plot_id": "Crawfordsville-4351-21-17", "site_id": "Crawfordsville", "year": 2022, "actual": 166.55, "pred_records": 29.5, "resid_records": 137.1, "pred_tp1": 106.6, "resid_tp1": 59.9, "pred_tp2": 106.7, "resid_tp2": 59.8, "pred_tp3": 126.6, "resid_tp3": 39.9, "pred_tp4": 78.3, "resid_tp4": 88.3, "pred_tp5": 83.8, "resid_tp5": 82.8, "pred_tp6": 72.5, "resid_tp6": 94.1}}, {"type": "Feature", "geometry": {"type": "Point", "coordinates": [-91.4867757, 41.1999714]}, "properties": {"plot_id": "Crawfordsville-4351-21-18", "site_id": "Crawfordsville", "year": 2022, "actual": 176.08, "pred_records": 29.5, "resid_records": 146.6, "pred_tp1": 101.9, "resid_tp1": 74.1, "pred_tp2": 114.1, "resid_tp2": 62.0, "pred_tp3": 126.7, "resid_tp3": 49.4, "pred_tp4": 81.9, "resid_tp4": 94.1, "pred_tp5": 82.0, "resid_tp5": 94.1, "pred_tp6": 67.9, "resid_tp6": 108.2}}, {"type": "Feature", "geometry": {"type": "Point", "coordinates": [-91.4867381, 41.1999709]}, "properties": {"plot_id": "Crawfordsville-4351-21-19", "site_id": "Crawfordsville", "year": 2022, "actual": 144.76, "pred_records": 22.0, "resid_records": 122.8, "pred_tp1": 100.5, "resid_tp1": 44.3, "pred_tp2": 121.9, "resid_tp2": 22.9, "pred_tp3": 128.0, "resid_tp3": 16.8, "pred_tp4": 86.6, "resid_tp4": 58.2, "pred_tp5": 88.3, "resid_tp5": 56.5, "pred_tp6": 67.9, "resid_tp6": 76.9}}, {"type": "Feature", "geometry": {"type": "Point", "coordinates": [-91.4867005, 41.1999718]}, "properties": {"plot_id": "Crawfordsville-4351-21-20", "site_id": "Crawfordsville", "year": 2022, "actual": 158.89, "pred_records": 29.5, "resid_records": 129.4, "pred_tp1": 88.8, "resid_tp1": 70.1, "pred_tp2": 125.7, "resid_tp2": 33.2, "pred_tp3": 117.6, "resid_tp3": 41.3, "pred_tp4": 77.4, "resid_tp4": 81.5, "pred_tp5": 69.4, "resid_tp5": 89.5, "pred_tp6": 70.9, "resid_tp6": 88.0}}, {"type": "Feature", "geometry": {"type": "Point", "coordinates": [-91.4869604, 41.2000279]}, "properties": {"plot_id": "Crawfordsville-4351-22-13", "site_id": "Crawfordsville", "year": 2022, "actual": 186.68, "pred_records": 29.5, "resid_records": 157.2, "pred_tp1": 99.5, "resid_tp1": 87.1, "pred_tp2": 120.1, "resid_tp2": 66.6, "pred_tp3": 132.5, "resid_tp3": 54.2, "pred_tp4": 91.4, "resid_tp4": 95.3, "pred_tp5": 93.5, "resid_tp5": 93.2, "pred_tp6": 78.4, "resid_tp6": 108.3}}, {"type": "Feature", "geometry": {"type": "Point", "coordinates": [-91.4869228, 41.2000274]}, "properties": {"plot_id": "Crawfordsville-4351-22-14", "site_id": "Crawfordsville", "year": 2022, "actual": 171.0, "pred_records": 23.9, "resid_records": 147.1, "pred_tp1": 104.4, "resid_tp1": 66.6, "pred_tp2": 117.3, "resid_tp2": 53.7, "pred_tp3": 129.7, "resid_tp3": 41.3, "pred_tp4": 80.1, "resid_tp4": 90.9, "pred_tp5": 76.3, "resid_tp5": 94.7, "pred_tp6": 69.1, "resid_tp6": 101.9}}, {"type": "Feature", "geometry": {"type": "Point", "coordinates": [-91.4868853, 41.2000269]}, "properties": {"plot_id": "Crawfordsville-4351-22-15", "site_id": "Crawfordsville", "year": 2022, "actual": 102.22, "pred_records": 1.7, "resid_records": 100.6, "pred_tp1": 90.9, "resid_tp1": 11.3, "pred_tp2": 101.1, "resid_tp2": 1.1, "pred_tp3": 125.9, "resid_tp3": -23.7, "pred_tp4": 75.5, "resid_tp4": 26.7, "pred_tp5": 63.5, "resid_tp5": 38.7, "pred_tp6": 60.1, "resid_tp6": 42.2}}, {"type": "Feature", "geometry": {"type": "Point", "coordinates": [-91.4868495, 41.2000264]}, "properties": {"plot_id": "Crawfordsville-4351-22-16", "site_id": "Crawfordsville", "year": 2022, "actual": 175.75, "pred_records": 29.5, "resid_records": 146.3, "pred_tp1": 96.8, "resid_tp1": 79.0, "pred_tp2": 122.3, "resid_tp2": 53.4, "pred_tp3": 136.6, "resid_tp3": 39.1, "pred_tp4": 81.2, "resid_tp4": 94.5, "pred_tp5": 75.5, "resid_tp5": 100.3, "pred_tp6": 69.4, "resid_tp6": 106.4}}, {"type": "Feature", "geometry": {"type": "Point", "coordinates": [-91.4868119, 41.2000273]}, "properties": {"plot_id": "Crawfordsville-4351-22-17", "site_id": "Crawfordsville", "year": 2022, "actual": 132.22, "pred_records": 38.1, "resid_records": 94.1, "pred_tp1": 91.5, "resid_tp1": 40.7, "pred_tp2": 111.6, "resid_tp2": 20.7, "pred_tp3": 126.6, "resid_tp3": 5.6, "pred_tp4": 80.9, "resid_tp4": 51.3, "pred_tp5": 81.3, "resid_tp5": 50.9, "pred_tp6": 69.9, "resid_tp6": 62.4}}, {"type": "Feature", "geometry": {"type": "Point", "coordinates": [-91.4867744, 41.2000268]}, "properties": {"plot_id": "Crawfordsville-4351-22-18", "site_id": "Crawfordsville", "year": 2022, "actual": 150.61, "pred_records": 29.5, "resid_records": 121.1, "pred_tp1": 102.2, "resid_tp1": 48.4, "pred_tp2": 116.8, "resid_tp2": 33.8, "pred_tp3": 122.9, "resid_tp3": 27.7, "pred_tp4": 81.3, "resid_tp4": 69.3, "pred_tp5": 78.4, "resid_tp5": 72.2, "pred_tp6": 69.7, "resid_tp6": 80.9}}, {"type": "Feature", "geometry": {"type": "Point", "coordinates": [-91.4867368, 41.2000263]}, "properties": {"plot_id": "Crawfordsville-4351-22-19", "site_id": "Crawfordsville", "year": 2022, "actual": 140.82, "pred_records": 29.5, "resid_records": 111.3, "pred_tp1": 97.2, "resid_tp1": 43.6, "pred_tp2": 121.6, "resid_tp2": 19.2, "pred_tp3": 136.5, "resid_tp3": 4.3, "pred_tp4": 80.7, "resid_tp4": 60.1, "pred_tp5": 81.5, "resid_tp5": 59.3, "pred_tp6": 69.6, "resid_tp6": 71.2}}, {"type": "Feature", "geometry": {"type": "Point", "coordinates": [-91.4867011, 41.2000258]}, "properties": {"plot_id": "Crawfordsville-4351-22-20", "site_id": "Crawfordsville", "year": 2022, "actual": 172.64, "pred_records": 22.0, "resid_records": 150.7, "pred_tp1": 92.6, "resid_tp1": 80.1, "pred_tp2": 129.3, "resid_tp2": 43.3, "pred_tp3": 135.7, "resid_tp3": 37.0, "pred_tp4": 83.5, "resid_tp4": 89.1, "pred_tp5": 79.5, "resid_tp5": 93.1, "pred_tp6": 80.4, "resid_tp6": 92.2}}, {"type": "Feature", "geometry": {"type": "Point", "coordinates": [-91.4869592, 41.2000819]}, "properties": {"plot_id": "Crawfordsville-4351-23-13", "site_id": "Crawfordsville", "year": 2022, "actual": 188.5, "pred_records": 22.0, "resid_records": 166.5, "pred_tp1": 104.6, "resid_tp1": 83.9, "pred_tp2": 126.3, "resid_tp2": 62.2, "pred_tp3": 144.4, "resid_tp3": 44.1, "pred_tp4": 106.6, "resid_tp4": 81.9, "pred_tp5": 109.2, "resid_tp5": 79.3, "pred_tp6": 94.8, "resid_tp6": 93.7}}, {"type": "Feature", "geometry": {"type": "Point", "coordinates": [-91.4869216, 41.2000828]}, "properties": {"plot_id": "Crawfordsville-4351-23-14", "site_id": "Crawfordsville", "year": 2022, "actual": 148.25, "pred_records": 29.5, "resid_records": 118.8, "pred_tp1": 103.4, "resid_tp1": 44.9, "pred_tp2": 111.0, "resid_tp2": 37.3, "pred_tp3": 122.7, "resid_tp3": 25.5, "pred_tp4": 80.8, "resid_tp4": 67.5, "pred_tp5": 81.8, "resid_tp5": 66.4, "pred_tp6": 74.8, "resid_tp6": 73.4}}, {"type": "Feature", "geometry": {"type": "Point", "coordinates": [-91.4868858, 41.2000823]}, "properties": {"plot_id": "Crawfordsville-4351-23-15", "site_id": "Crawfordsville", "year": 2022, "actual": 178.87, "pred_records": 29.5, "resid_records": 149.4, "pred_tp1": 98.9, "resid_tp1": 80.0, "pred_tp2": 107.7, "resid_tp2": 71.1, "pred_tp3": 122.8, "resid_tp3": 56.1, "pred_tp4": 76.2, "resid_tp4": 102.6, "pred_tp5": 78.4, "resid_tp5": 100.5, "pred_tp6": 68.3, "resid_tp6": 110.6}}, {"type": "Feature", "geometry": {"type": "Point", "coordinates": [-91.4868482, 41.2000818]}, "properties": {"plot_id": "Crawfordsville-4351-23-16", "site_id": "Crawfordsville", "year": 2022, "actual": 151.08, "pred_records": 43.9, "resid_records": 107.2, "pred_tp1": 97.8, "resid_tp1": 53.3, "pred_tp2": 110.5, "resid_tp2": 40.6, "pred_tp3": 130.9, "resid_tp3": 20.2, "pred_tp4": 77.5, "resid_tp4": 73.6, "pred_tp5": 72.5, "resid_tp5": 78.6, "pred_tp6": 63.3, "resid_tp6": 87.8}}, {"type": "Feature", "geometry": {"type": "Point", "coordinates": [-91.4868107, 41.2000813]}, "properties": {"plot_id": "Crawfordsville-4351-23-17", "site_id": "Crawfordsville", "year": 2022, "actual": 167.11, "pred_records": 29.5, "resid_records": 137.6, "pred_tp1": 104.8, "resid_tp1": 62.3, "pred_tp2": 116.7, "resid_tp2": 50.5, "pred_tp3": 129.1, "resid_tp3": 38.0, "pred_tp4": 82.7, "resid_tp4": 84.4, "pred_tp5": 79.7, "resid_tp5": 87.4, "pred_tp6": 67.7, "resid_tp6": 99.4}}, {"type": "Feature", "geometry": {"type": "Point", "coordinates": [-91.4867749, 41.2000822]}, "properties": {"plot_id": "Crawfordsville-4351-23-18", "site_id": "Crawfordsville", "year": 2022, "actual": 163.62, "pred_records": 22.0, "resid_records": 141.7, "pred_tp1": 104.3, "resid_tp1": 59.4, "pred_tp2": 114.2, "resid_tp2": 49.4, "pred_tp3": 120.3, "resid_tp3": 43.3, "pred_tp4": 80.4, "resid_tp4": 83.2, "pred_tp5": 81.8, "resid_tp5": 81.8, "pred_tp6": 78.2, "resid_tp6": 85.5}}, {"type": "Feature", "geometry": {"type": "Point", "coordinates": [-91.4867373, 41.2000817]}, "properties": {"plot_id": "Crawfordsville-4351-23-19", "site_id": "Crawfordsville", "year": 2022, "actual": 149.03, "pred_records": 23.9, "resid_records": 125.1, "pred_tp1": 94.3, "resid_tp1": 54.7, "pred_tp2": 122.1, "resid_tp2": 27.0, "pred_tp3": 135.9, "resid_tp3": 13.1, "pred_tp4": 84.0, "resid_tp4": 65.1, "pred_tp5": 82.1, "resid_tp5": 66.9, "pred_tp6": 81.6, "resid_tp6": 67.4}}, {"type": "Feature", "geometry": {"type": "Point", "coordinates": [-91.4866998, 41.2000812]}, "properties": {"plot_id": "Crawfordsville-4351-23-20", "site_id": "Crawfordsville", "year": 2022, "actual": 171.27, "pred_records": 29.5, "resid_records": 141.8, "pred_tp1": 97.9, "resid_tp1": 73.4, "pred_tp2": 116.9, "resid_tp2": 54.4, "pred_tp3": 123.9, "resid_tp3": 47.3, "pred_tp4": 84.6, "resid_tp4": 86.7, "pred_tp5": 87.5, "resid_tp5": 83.7, "pred_tp6": 73.6, "resid_tp6": 97.6}}, {"type": "Feature", "geometry": {"type": "Point", "coordinates": [-91.4869665, 41.1989849]}, "properties": {"plot_id": "Crawfordsville-4351-3-13", "site_id": "Crawfordsville", "year": 2022, "actual": 149.88, "pred_records": 28.9, "resid_records": 120.9, "pred_tp1": 100.5, "resid_tp1": 49.4, "pred_tp2": 107.1, "resid_tp2": 42.8, "pred_tp3": 118.8, "resid_tp3": 31.1, "pred_tp4": 72.6, "resid_tp4": 77.2, "pred_tp5": 77.4, "resid_tp5": 72.5, "pred_tp6": 65.9, "resid_tp6": 84.0}}, {"type": "Feature", "geometry": {"type": "Point", "coordinates": [-91.4869307, 41.1989858]}, "properties": {"plot_id": "Crawfordsville-4351-3-14", "site_id": "Crawfordsville", "year": 2022, "actual": 134.4, "pred_records": 18.2, "resid_records": 116.2, "pred_tp1": 81.8, "resid_tp1": 52.6, "pred_tp2": 95.7, "resid_tp2": 38.7, "pred_tp3": 103.1, "resid_tp3": 31.3, "pred_tp4": 70.5, "resid_tp4": 63.9, "pred_tp5": 69.6, "resid_tp5": 64.8, "pred_tp6": 58.4, "resid_tp6": 76.0}}, {"type": "Feature", "geometry": {"type": "Point", "coordinates": [-91.486895, 41.1989853]}, "properties": {"plot_id": "Crawfordsville-4351-3-15", "site_id": "Crawfordsville", "year": 2022, "actual": 128.06, "pred_records": 29.5, "resid_records": 98.6, "pred_tp1": 109.4, "resid_tp1": 18.6, "pred_tp2": 106.4, "resid_tp2": 21.7, "pred_tp3": 113.4, "resid_tp3": 14.7, "pred_tp4": 75.6, "resid_tp4": 52.4, "pred_tp5": 73.9, "resid_tp5": 54.1, "pred_tp6": 68.9, "resid_tp6": 59.2}}, {"type": "Feature", "geometry": {"type": "Point", "coordinates": [-91.4868574, 41.1989848]}, "properties": {"plot_id": "Crawfordsville-4351-3-16", "site_id": "Crawfordsville", "year": 2022, "actual": 186.97, "pred_records": 29.5, "resid_records": 157.5, "pred_tp1": 93.5, "resid_tp1": 93.5, "pred_tp2": 116.1, "resid_tp2": 70.9, "pred_tp3": 122.5, "resid_tp3": 64.5, "pred_tp4": 77.5, "resid_tp4": 109.5, "pred_tp5": 81.0, "resid_tp5": 106.0, "pred_tp6": 67.5, "resid_tp6": 119.4}}, {"type": "Feature", "geometry": {"type": "Point", "coordinates": [-91.4868216, 41.1989857]}, "properties": {"plot_id": "Crawfordsville-4351-3-17", "site_id": "Crawfordsville", "year": 2022, "actual": 150.86, "pred_records": 38.1, "resid_records": 112.8, "pred_tp1": 92.1, "resid_tp1": 58.8, "pred_tp2": 109.5, "resid_tp2": 41.4, "pred_tp3": 129.5, "resid_tp3": 21.3, "pred_tp4": 77.9, "resid_tp4": 72.9, "pred_tp5": 72.0, "resid_tp5": 78.8, "pred_tp6": 65.7, "resid_tp6": 85.2}}, {"type": "Feature", "geometry": {"type": "Point", "coordinates": [-91.4867841, 41.1989852]}, "properties": {"plot_id": "Crawfordsville-4351-3-18", "site_id": "Crawfordsville", "year": 2022, "actual": 165.25, "pred_records": 29.5, "resid_records": 135.8, "pred_tp1": 99.1, "resid_tp1": 66.1, "pred_tp2": 114.6, "resid_tp2": 50.6, "pred_tp3": 124.8, "resid_tp3": 40.5, "pred_tp4": 80.8, "resid_tp4": 84.4, "pred_tp5": 78.8, "resid_tp5": 86.4, "pred_tp6": 74.6, "resid_tp6": 90.6}}, {"type": "Feature", "geometry": {"type": "Point", "coordinates": [-91.4867483, 41.1989847]}, "properties": {"plot_id": "Crawfordsville-4351-3-19", "site_id": "Crawfordsville", "year": 2022, "actual": 143.97, "pred_records": 29.5, "resid_records": 114.5, "pred_tp1": 90.3, "resid_tp1": 53.7, "pred_tp2": 127.0, "resid_tp2": 17.0, "pred_tp3": 130.8, "resid_tp3": 13.1, "pred_tp4": 77.4, "resid_tp4": 66.6, "pred_tp5": 75.4, "resid_tp5": 68.6, "pred_tp6": 75.6, "resid_tp6": 68.4}}, {"type": "Feature", "geometry": {"type": "Point", "coordinates": [-91.4867107, 41.1989842]}, "properties": {"plot_id": "Crawfordsville-4351-3-20", "site_id": "Crawfordsville", "year": 2022, "actual": 159.04, "pred_records": 29.5, "resid_records": 129.6, "pred_tp1": 99.8, "resid_tp1": 59.2, "pred_tp2": 114.6, "resid_tp2": 44.4, "pred_tp3": 127.3, "resid_tp3": 31.8, "pred_tp4": 76.3, "resid_tp4": 82.7, "pred_tp5": 79.3, "resid_tp5": 79.7, "pred_tp6": 74.9, "resid_tp6": 84.1}}, {"type": "Feature", "geometry": {"type": "Point", "coordinates": [-91.486967, 41.1990403]}, "properties": {"plot_id": "Crawfordsville-4351-4-13", "site_id": "Crawfordsville", "year": 2022, "actual": 157.41, "pred_records": 29.5, "resid_records": 127.9, "pred_tp1": 97.1, "resid_tp1": 60.3, "pred_tp2": 103.9, "resid_tp2": 53.6, "pred_tp3": 113.2, "resid_tp3": 44.2, "pred_tp4": 78.6, "resid_tp4": 78.8, "pred_tp5": 68.5, "resid_tp5": 88.9, "pred_tp6": 64.5, "resid_tp6": 92.9}}, {"type": "Feature", "geometry": {"type": "Point", "coordinates": [-91.4869295, 41.1990398]}, "properties": {"plot_id": "Crawfordsville-4351-4-14", "site_id": "Crawfordsville", "year": 2022, "actual": 136.66, "pred_records": 29.5, "resid_records": 107.2, "pred_tp1": 102.5, "resid_tp1": 34.2, "pred_tp2": 100.8, "resid_tp2": 35.9, "pred_tp3": 110.1, "resid_tp3": 26.6, "pred_tp4": 75.1, "resid_tp4": 61.5, "pred_tp5": 76.1, "resid_tp5": 60.6, "pred_tp6": 70.6, "resid_tp6": 66.0}}, {"type": "Feature", "geometry": {"type": "Point", "coordinates": [-91.4868937, 41.1990407]}, "properties": {"plot_id": "Crawfordsville-4351-4-15", "site_id": "Crawfordsville", "year": 2022, "actual": 171.97, "pred_records": 29.5, "resid_records": 142.5, "pred_tp1": 95.2, "resid_tp1": 76.8, "pred_tp2": 104.2, "resid_tp2": 67.8, "pred_tp3": 111.3, "resid_tp3": 60.7, "pred_tp4": 80.9, "resid_tp4": 91.0, "pred_tp5": 72.0, "resid_tp5": 100.0, "pred_tp6": 66.6, "resid_tp6": 105.4}}, {"type": "Feature", "geometry": {"type": "Point", "coordinates": [-91.4868579, 41.1990402]}, "properties": {"plot_id": "Crawfordsville-4351-4-16", "site_id": "Crawfordsville", "year": 2022, "actual": 187.1, "pred_records": 23.9, "resid_records": 163.2, "pred_tp1": 95.2, "resid_tp1": 91.9, "pred_tp2": 124.7, "resid_tp2": 62.4, "pred_tp3": 135.5, "resid_tp3": 51.6, "pred_tp4": 86.8, "resid_tp4": 100.3, "pred_tp5": 93.2, "resid_tp5": 93.9, "pred_tp6": 84.4, "resid_tp6": 102.7}}, {"type": "Feature", "geometry": {"type": "Point", "coordinates": [-91.4868204, 41.1990397]}, "properties": {"plot_id": "Crawfordsville-4351-4-17", "site_id": "Crawfordsville", "year": 2022, "actual": 166.45, "pred_records": 30.7, "resid_records": 135.7, "pred_tp1": 90.4, "resid_tp1": 76.1, "pred_tp2": 109.0, "resid_tp2": 57.4, "pred_tp3": 130.1, "resid_tp3": 36.3, "pred_tp4": 78.1, "resid_tp4": 88.4, "pred_tp5": 76.1, "resid_tp5": 90.4, "pred_tp6": 72.7, "resid_tp6": 93.8}}, {"type": "Feature", "geometry": {"type": "Point", "coordinates": [-91.4867113, 41.1990396]}, "properties": {"plot_id": "Crawfordsville-4351-4-20", "site_id": "Crawfordsville", "year": 2022, "actual": 130.76, "pred_records": 28.1, "resid_records": 102.7, "pred_tp1": 104.0, "resid_tp1": 26.8, "pred_tp2": 107.0, "resid_tp2": 23.8, "pred_tp3": 125.6, "resid_tp3": 5.1, "pred_tp4": 74.5, "resid_tp4": 56.3, "pred_tp5": 74.6, "resid_tp5": 56.2, "pred_tp6": 65.9, "resid_tp6": 64.9}}, {"type": "Feature", "geometry": {"type": "Point", "coordinates": [-91.4869658, 41.1990957]}, "properties": {"plot_id": "Crawfordsville-4351-5-13", "site_id": "Crawfordsville", "year": 2022, "actual": 176.74, "pred_records": 22.0, "resid_records": 154.8, "pred_tp1": 96.7, "resid_tp1": 80.0, "pred_tp2": 117.9, "resid_tp2": 58.8, "pred_tp3": 135.1, "resid_tp3": 41.7, "pred_tp4": 85.4, "resid_tp4": 91.3, "pred_tp5": 79.9, "resid_tp5": 96.9, "pred_tp6": 71.9, "resid_tp6": 104.9}}, {"type": "Feature", "geometry": {"type": "Point", "coordinates": [-91.48693, 41.1990952]}, "properties": {"plot_id": "Crawfordsville-4351-5-14", "site_id": "Crawfordsville", "year": 2022, "actual": 169.34, "pred_records": 29.5, "resid_records": 139.9, "pred_tp1": 91.1, "resid_tp1": 78.2, "pred_tp2": 116.1, "resid_tp2": 53.3, "pred_tp3": 131.3, "resid_tp3": 38.0, "pred_tp4": 88.7, "resid_tp4": 80.7, "pred_tp5": 94.3, "resid_tp5": 75.0, "pred_tp6": 80.1, "resid_tp6": 89.3}}, {"type": "Feature", "geometry": {"type": "Point", "coordinates": [-91.4868925, 41.1990947]}, "properties": {"plot_id": "Crawfordsville-4351-5-15", "site_id": "Crawfordsville", "year": 2022, "actual": 158.61, "pred_records": 29.5, "resid_records": 129.1, "pred_tp1": 108.7, "resid_tp1": 49.9, "pred_tp2": 109.5, "resid_tp2": 49.1, "pred_tp3": 120.3, "resid_tp3": 38.3, "pred_tp4": 76.6, "resid_tp4": 82.0, "pred_tp5": 82.4, "resid_tp5": 76.2, "pred_tp6": 72.9, "resid_tp6": 85.7}}, {"type": "Feature", "geometry": {"type": "Point", "coordinates": [-91.4868567, 41.1990942]}, "properties": {"plot_id": "Crawfordsville-4351-5-16", "site_id": "Crawfordsville", "year": 2022, "actual": 149.07, "pred_records": 29.5, "resid_records": 119.6, "pred_tp1": 103.4, "resid_tp1": 45.7, "pred_tp2": 108.5, "resid_tp2": 40.5, "pred_tp3": 122.1, "resid_tp3": 27.0, "pred_tp4": 82.6, "resid_tp4": 66.4, "pred_tp5": 71.7, "resid_tp5": 77.4, "pred_tp6": 63.9, "resid_tp6": 85.1}}, {"type": "Feature", "geometry": {"type": "Point", "coordinates": [-91.4868209, 41.1990951]}, "properties": {"plot_id": "Crawfordsville-4351-5-17", "site_id": "Crawfordsville", "year": 2022, "actual": 180.64, "pred_records": 29.5, "resid_records": 151.2, "pred_tp1": 98.3, "resid_tp1": 82.4, "pred_tp2": 111.1, "resid_tp2": 69.6, "pred_tp3": 125.3, "resid_tp3": 55.4, "pred_tp4": 76.6, "resid_tp4": 104.0, "pred_tp5": 74.2, "resid_tp5": 106.5, "pred_tp6": 62.9, "resid_tp6": 117.7}}, {"type": "Feature", "geometry": {"type": "Point", "coordinates": [-91.4867833, 41.1990946]}, "properties": {"plot_id": "Crawfordsville-4351-5-18", "site_id": "Crawfordsville", "year": 2022, "actual": 173.04, "pred_records": 22.0, "resid_records": 151.1, "pred_tp1": 94.5, "resid_tp1": 78.6, "pred_tp2": 127.2, "resid_tp2": 45.9, "pred_tp3": 134.4, "resid_tp3": 38.7, "pred_tp4": 85.0, "resid_tp4": 88.1, "pred_tp5": 81.1, "resid_tp5": 92.0, "pred_tp6": 82.4, "resid_tp6": 90.6}}, {"type": "Feature", "geometry": {"type": "Point", "coordinates": [-91.4867476, 41.1990942]}, "properties": {"plot_id": "Crawfordsville-4351-5-19", "site_id": "Crawfordsville", "year": 2022, "actual": 148.96, "pred_records": 29.5, "resid_records": 119.5, "pred_tp1": 95.5, "resid_tp1": 53.5, "pred_tp2": 117.7, "resid_tp2": 31.2, "pred_tp3": 122.1, "resid_tp3": 26.9, "pred_tp4": 76.8, "resid_tp4": 72.1, "pred_tp5": 76.8, "resid_tp5": 72.1, "pred_tp6": 68.5, "resid_tp6": 80.4}}, {"type": "Feature", "geometry": {"type": "Point", "coordinates": [-91.48671, 41.199095]}, "properties": {"plot_id": "Crawfordsville-4351-5-20", "site_id": "Crawfordsville", "year": 2022, "actual": 144.46, "pred_records": 34.8, "resid_records": 109.7, "pred_tp1": 103.0, "resid_tp1": 41.5, "pred_tp2": 121.0, "resid_tp2": 23.5, "pred_tp3": 137.6, "resid_tp3": 6.9, "pred_tp4": 80.9, "resid_tp4": 63.5, "pred_tp5": 80.6, "resid_tp5": 63.8, "pred_tp6": 77.1, "resid_tp6": 67.4}}, {"type": "Feature", "geometry": {"type": "Point", "coordinates": [-91.4869663, 41.1991497]}, "properties": {"plot_id": "Crawfordsville-4351-6-13", "site_id": "Crawfordsville", "year": 2022, "actual": 199.77, "pred_records": 29.5, "resid_records": 170.3, "pred_tp1": 99.1, "resid_tp1": 100.7, "pred_tp2": 119.6, "resid_tp2": 80.2, "pred_tp3": 123.9, "resid_tp3": 75.9, "pred_tp4": 78.1, "resid_tp4": 121.7, "pred_tp5": 83.5, "resid_tp5": 116.3, "pred_tp6": 67.1, "resid_tp6": 132.7}}, {"type": "Feature", "geometry": {"type": "Point", "coordinates": [-91.4869288, 41.1991492]}, "properties": {"plot_id": "Crawfordsville-4351-6-14", "site_id": "Crawfordsville", "year": 2022, "actual": 157.06, "pred_records": 23.9, "resid_records": 133.1, "pred_tp1": 94.4, "resid_tp1": 62.7, "pred_tp2": 128.3, "resid_tp2": 28.8, "pred_tp3": 139.3, "resid_tp3": 17.7, "pred_tp4": 79.5, "resid_tp4": 77.6, "pred_tp5": 78.1, "resid_tp5": 79.0, "pred_tp6": 82.3, "resid_tp6": 74.8}}, {"type": "Feature", "geometry": {"type": "Point", "coordinates": [-91.4868554, 41.1991496]}, "properties": {"plot_id": "Crawfordsville-4351-6-16", "site_id": "Crawfordsville", "year": 2022, "actual": 170.1, "pred_records": 22.0, "resid_records": 148.1, "pred_tp1": 106.3, "resid_tp1": 63.8, "pred_tp2": 111.9, "resid_tp2": 58.2, "pred_tp3": 120.5, "resid_tp3": 49.6, "pred_tp4": 85.8, "resid_tp4": 84.3, "pred_tp5": 87.8, "resid_tp5": 82.3, "pred_tp6": 76.7, "resid_tp6": 93.4}}, {"type": "Feature", "geometry": {"type": "Point", "coordinates": [-91.4868196, 41.1991491]}, "properties": {"plot_id": "Crawfordsville-4351-6-17", "site_id": "Crawfordsville", "year": 2022, "actual": 142.42, "pred_records": 29.5, "resid_records": 112.9, "pred_tp1": 93.7, "resid_tp1": 48.7, "pred_tp2": 115.8, "resid_tp2": 26.7, "pred_tp3": 125.7, "resid_tp3": 16.7, "pred_tp4": 90.8, "resid_tp4": 51.6, "pred_tp5": 97.3, "resid_tp5": 45.1, "pred_tp6": 72.5, "resid_tp6": 69.9}}, {"type": "Feature", "geometry": {"type": "Point", "coordinates": [-91.4867838, 41.19915]}, "properties": {"plot_id": "Crawfordsville-4351-6-18", "site_id": "Crawfordsville", "year": 2022, "actual": 189.04, "pred_records": 38.1, "resid_records": 151.0, "pred_tp1": 99.7, "resid_tp1": 89.3, "pred_tp2": 117.2, "resid_tp2": 71.8, "pred_tp3": 129.6, "resid_tp3": 59.4, "pred_tp4": 89.6, "resid_tp4": 99.5, "pred_tp5": 91.4, "resid_tp5": 97.6, "pred_tp6": 81.3, "resid_tp6": 107.7}}, {"type": "Feature", "geometry": {"type": "Point", "coordinates": [-91.4867463, 41.1991495]}, "properties": {"plot_id": "Crawfordsville-4351-6-19", "site_id": "Crawfordsville", "year": 2022, "actual": 174.16, "pred_records": 29.5, "resid_records": 144.7, "pred_tp1": 101.3, "resid_tp1": 72.9, "pred_tp2": 106.6, "resid_tp2": 67.6, "pred_tp3": 119.7, "resid_tp3": 54.5, "pred_tp4": 79.3, "resid_tp4": 94.9, "pred_tp5": 83.7, "resid_tp5": 90.5, "pred_tp6": 72.8, "resid_tp6": 101.4}}, {"type": "Feature", "geometry": {"type": "Point", "coordinates": [-91.4867087, 41.199149]}, "properties": {"plot_id": "Crawfordsville-4351-6-20", "site_id": "Crawfordsville", "year": 2022, "actual": 159.12, "pred_records": 29.5, "resid_records": 129.6, "pred_tp1": 106.5, "resid_tp1": 52.6, "pred_tp2": 110.1, "resid_tp2": 49.0, "pred_tp3": 129.1, "resid_tp3": 30.1, "pred_tp4": 82.2, "resid_tp4": 76.9, "pred_tp5": 78.9, "resid_tp5": 80.2, "pred_tp6": 74.3, "resid_tp6": 84.9}}, {"type": "Feature", "geometry": {"type": "Point", "coordinates": [-91.486965, 41.1992051]}, "properties": {"plot_id": "Crawfordsville-4351-7-13", "site_id": "Crawfordsville", "year": 2022, "actual": 177.23, "pred_records": 23.9, "resid_records": 153.3, "pred_tp1": 103.3, "resid_tp1": 74.0, "pred_tp2": 113.9, "resid_tp2": 63.3, "pred_tp3": 129.6, "resid_tp3": 47.6, "pred_tp4": 82.3, "resid_tp4": 94.9, "pred_tp5": 74.7, "resid_tp5": 102.5, "pred_tp6": 71.2, "resid_tp6": 106.1}}, {"type": "Feature", "geometry": {"type": "Point", "coordinates": [-91.4869293, 41.1992046]}, "properties": {"plot_id": "Crawfordsville-4351-7-14", "site_id": "Crawfordsville", "year": 2022, "actual": 148.69, "pred_records": 29.5, "resid_records": 119.2, "pred_tp1": 102.0, "resid_tp1": 46.7, "pred_tp2": 113.8, "resid_tp2": 34.9, "pred_tp3": 122.6, "resid_tp3": 26.0, "pred_tp4": 80.1, "resid_tp4": 68.6, "pred_tp5": 81.6, "resid_tp5": 67.1, "pred_tp6": 76.7, "resid_tp6": 72.0}}, {"type": "Feature", "geometry": {"type": "Point", "coordinates": [-91.4868559, 41.199205]}, "properties": {"plot_id": "Crawfordsville-4351-7-16", "site_id": "Crawfordsville", "year": 2022, "actual": 178.07, "pred_records": 29.5, "resid_records": 148.6, "pred_tp1": 100.5, "resid_tp1": 77.5, "pred_tp2": 110.3, "resid_tp2": 67.7, "pred_tp3": 122.0, "resid_tp3": 56.1, "pred_tp4": 78.7, "resid_tp4": 99.4, "pred_tp5": 81.2, "resid_tp5": 96.9, "pred_tp6": 72.4, "resid_tp6": 105.7}}, {"type": "Feature", "geometry": {"type": "Point", "coordinates": [-91.4868184, 41.1992045]}, "properties": {"plot_id": "Crawfordsville-4351-7-17", "site_id": "Crawfordsville", "year": 2022, "actual": 189.57, "pred_records": 29.5, "resid_records": 160.1, "pred_tp1": 100.6, "resid_tp1": 89.0, "pred_tp2": 118.5, "resid_tp2": 71.1, "pred_tp3": 133.9, "resid_tp3": 55.7, "pred_tp4": 80.5, "resid_tp4": 109.0, "pred_tp5": 78.1, "resid_tp5": 111.5, "pred_tp6": 65.4, "resid_tp6": 124.2}}, {"type": "Feature", "geometry": {"type": "Point", "coordinates": [-91.4867826, 41.1992041]}, "properties": {"plot_id": "Crawfordsville-4351-7-18", "site_id": "Crawfordsville", "year": 2022, "actual": 143.78, "pred_records": 29.5, "resid_records": 114.3, "pred_tp1": 98.6, "resid_tp1": 45.2, "pred_tp2": 110.8, "resid_tp2": 33.0, "pred_tp3": 130.3, "resid_tp3": 13.5, "pred_tp4": 85.1, "resid_tp4": 58.7, "pred_tp5": 79.7, "resid_tp5": 64.1, "pred_tp6": 68.5, "resid_tp6": 75.3}}, {"type": "Feature", "geometry": {"type": "Point", "coordinates": [-91.486745, 41.1992036]}, "properties": {"plot_id": "Crawfordsville-4351-7-19", "site_id": "Crawfordsville", "year": 2022, "actual": 182.53, "pred_records": 66.1, "resid_records": 116.4, "pred_tp1": 108.4, "resid_tp1": 74.2, "pred_tp2": 122.4, "resid_tp2": 60.1, "pred_tp3": 134.5, "resid_tp3": 48.1, "pred_tp4": 98.1, "resid_tp4": 84.4, "pred_tp5": 99.3, "resid_tp5": 83.3, "pred_tp6": 95.7, "resid_tp6": 86.8}}, {"type": "Feature", "geometry": {"type": "Point", "coordinates": [-91.4867092, 41.1992044]}, "properties": {"plot_id": "Crawfordsville-4351-7-20", "site_id": "Crawfordsville", "year": 2022, "actual": 188.59, "pred_records": 66.1, "resid_records": 122.5, "pred_tp1": 107.2, "resid_tp1": 81.4, "pred_tp2": 126.8, "resid_tp2": 61.8, "pred_tp3": 138.4, "resid_tp3": 50.2, "pred_tp4": 95.6, "resid_tp4": 93.0, "pred_tp5": 100.1, "resid_tp5": 88.5, "pred_tp6": 96.1, "resid_tp6": 92.5}}, {"type": "Feature", "geometry": {"type": "Point", "coordinates": [-91.4869656, 41.1992592]}, "properties": {"plot_id": "Crawfordsville-4351-8-13", "site_id": "Crawfordsville", "year": 2022, "actual": 168.84, "pred_records": 29.5, "resid_records": 139.4, "pred_tp1": 96.5, "resid_tp1": 72.3, "pred_tp2": 127.2, "resid_tp2": 41.7, "pred_tp3": 137.2, "resid_tp3": 31.7, "pred_tp4": 82.8, "resid_tp4": 86.0, "pred_tp5": 79.9, "resid_tp5": 89.0, "pred_tp6": 74.8, "resid_tp6": 94.0}}, {"type": "Feature", "geometry": {"type": "Point", "coordinates": [-91.486928, 41.19926]}, "properties": {"plot_id": "Crawfordsville-4351-8-14", "site_id": "Crawfordsville", "year": 2022, "actual": 164.27, "pred_records": 29.5, "resid_records": 134.8, "pred_tp1": 102.5, "resid_tp1": 61.8, "pred_tp2": 119.8, "resid_tp2": 44.5, "pred_tp3": 130.2, "resid_tp3": 34.1, "pred_tp4": 78.3, "resid_tp4": 86.0, "pred_tp5": 73.2, "resid_tp5": 91.0, "pred_tp6": 65.1, "resid_tp6": 99.2}}, {"type": "Feature", "geometry": {"type": "Point", "coordinates": [-91.4868922, 41.1992595]}, "properties": {"plot_id": "Crawfordsville-4351-8-15", "site_id": "Crawfordsville", "year": 2022, "actual": 151.06, "pred_records": 29.5, "resid_records": 121.6, "pred_tp1": 105.8, "resid_tp1": 45.2, "pred_tp2": 110.7, "resid_tp2": 40.3, "pred_tp3": 123.1, "resid_tp3": 27.9, "pred_tp4": 72.3, "resid_tp4": 78.7, "pred_tp5": 74.9, "resid_tp5": 76.2, "pred_tp6": 74.5, "resid_tp6": 76.5}}, {"type": "Feature", "geometry": {"type": "Point", "coordinates": [-91.4868547, 41.199259]}, "properties": {"plot_id": "Crawfordsville-4351-8-16", "site_id": "Crawfordsville", "year": 2022, "actual": 169.61, "pred_records": 29.5, "resid_records": 140.1, "pred_tp1": 88.5, "resid_tp1": 81.1, "pred_tp2": 111.6, "resid_tp2": 58.1, "pred_tp3": 125.3, "resid_tp3": 44.3, "pred_tp4": 81.7, "resid_tp4": 87.9, "pred_tp5": 80.6, "resid_tp5": 89.0, "pred_tp6": 69.2, "resid_tp6": 100.4}}, {"type": "Feature", "geometry": {"type": "Point", "coordinates": [-91.4868189, 41.1992586]}, "properties": {"plot_id": "Crawfordsville-4351-8-17", "site_id": "Crawfordsville", "year": 2022, "actual": 159.75, "pred_records": 29.5, "resid_records": 130.3, "pred_tp1": 91.7, "resid_tp1": 68.1, "pred_tp2": 121.6, "resid_tp2": 38.2, "pred_tp3": 127.4, "resid_tp3": 32.3, "pred_tp4": 88.3, "resid_tp4": 71.4, "pred_tp5": 83.9, "resid_tp5": 75.9, "pred_tp6": 79.7, "resid_tp6": 80.0}}, {"type": "Feature", "geometry": {"type": "Point", "coordinates": [-91.4867813, 41.1992594]}, "properties": {"plot_id": "Crawfordsville-4351-8-18", "site_id": "Crawfordsville", "year": 2022, "actual": 191.8, "pred_records": 34.2, "resid_records": 157.6, "pred_tp1": 82.9, "resid_tp1": 108.9, "pred_tp2": 120.2, "resid_tp2": 71.6, "pred_tp3": 130.5, "resid_tp3": 61.3, "pred_tp4": 89.1, "resid_tp4": 102.7, "pred_tp5": 96.0, "resid_tp5": 95.8, "pred_tp6": 85.9, "resid_tp6": 105.9}}, {"type": "Feature", "geometry": {"type": "Point", "coordinates": [-91.486708, 41.1992585]}, "properties": {"plot_id": "Crawfordsville-4351-8-20", "site_id": "Crawfordsville", "year": 2022, "actual": 138.32, "pred_records": 30.8, "resid_records": 107.5, "pred_tp1": 100.2, "resid_tp1": 38.2, "pred_tp2": 120.8, "resid_tp2": 17.5, "pred_tp3": 134.4, "resid_tp3": 3.9, "pred_tp4": 92.5, "resid_tp4": 45.8, "pred_tp5": 98.5, "resid_tp5": 39.8, "pred_tp6": 83.6, "resid_tp6": 54.7}}, {"type": "Feature", "geometry": {"type": "Point", "coordinates": [-91.4869643, 41.1993145]}, "properties": {"plot_id": "Crawfordsville-4351-9-13", "site_id": "Crawfordsville", "year": 2022, "actual": 178.83, "pred_records": 29.5, "resid_records": 149.3, "pred_tp1": 98.1, "resid_tp1": 80.8, "pred_tp2": 118.5, "resid_tp2": 60.3, "pred_tp3": 127.0, "resid_tp3": 51.8, "pred_tp4": 93.5, "resid_tp4": 85.3, "pred_tp5": 93.2, "resid_tp5": 85.6, "pred_tp6": 80.9, "resid_tp6": 98.0}}, {"type": "Feature", "geometry": {"type": "Point", "coordinates": [-91.4869285, 41.1993141]}, "properties": {"plot_id": "Crawfordsville-4351-9-14", "site_id": "Crawfordsville", "year": 2022, "actual": 170.28, "pred_records": 22.0, "resid_records": 148.3, "pred_tp1": 105.4, "resid_tp1": 64.9, "pred_tp2": 111.2, "resid_tp2": 59.1, "pred_tp3": 123.9, "resid_tp3": 46.4, "pred_tp4": 77.9, "resid_tp4": 92.4, "pred_tp5": 82.3, "resid_tp5": 88.0, "pred_tp6": 74.5, "resid_tp6": 95.8}}, {"type": "Feature", "geometry": {"type": "Point", "coordinates": [-91.486891, 41.1993136]}, "properties": {"plot_id": "Crawfordsville-4351-9-15", "site_id": "Crawfordsville", "year": 2022, "actual": 179.83, "pred_records": 29.5, "resid_records": 150.3, "pred_tp1": 112.5, "resid_tp1": 67.4, "pred_tp2": 106.5, "resid_tp2": 73.4, "pred_tp3": 126.0, "resid_tp3": 53.8, "pred_tp4": 75.6, "resid_tp4": 104.3, "pred_tp5": 73.4, "resid_tp5": 106.4, "pred_tp6": 70.5, "resid_tp6": 109.4}}, {"type": "Feature", "geometry": {"type": "Point", "coordinates": [-91.4868552, 41.1993144]}, "properties": {"plot_id": "Crawfordsville-4351-9-16", "site_id": "Crawfordsville", "year": 2022, "actual": 132.5, "pred_records": 29.5, "resid_records": 103.0, "pred_tp1": 100.9, "resid_tp1": 31.6, "pred_tp2": 114.8, "resid_tp2": 17.7, "pred_tp3": 129.2, "resid_tp3": 3.3, "pred_tp4": 79.7, "resid_tp4": 52.8, "pred_tp5": 74.3, "resid_tp5": 58.2, "pred_tp6": 68.4, "resid_tp6": 64.1}}, {"type": "Feature", "geometry": {"type": "Point", "coordinates": [-91.4868176, 41.199314]}, "properties": {"plot_id": "Crawfordsville-4351-9-17", "site_id": "Crawfordsville", "year": 2022, "actual": 118.11, "pred_records": 3.2, "resid_records": 114.9, "pred_tp1": 92.4, "resid_tp1": 25.7, "pred_tp2": 95.4, "resid_tp2": 22.8, "pred_tp3": 116.4, "resid_tp3": 1.7, "pred_tp4": 66.6, "resid_tp4": 51.5, "pred_tp5": 83.2, "resid_tp5": 34.9, "pred_tp6": 63.4, "resid_tp6": 54.7}}, {"type": "Feature", "geometry": {"type": "Point", "coordinates": [-91.4867819, 41.1993135]}, "properties": {"plot_id": "Crawfordsville-4351-9-18", "site_id": "Crawfordsville", "year": 2022, "actual": 168.49, "pred_records": 29.5, "resid_records": 139.0, "pred_tp1": 101.4, "resid_tp1": 67.1, "pred_tp2": 117.1, "resid_tp2": 51.4, "pred_tp3": 128.5, "resid_tp3": 39.9, "pred_tp4": 78.3, "resid_tp4": 90.1, "pred_tp5": 78.6, "resid_tp5": 89.9, "pred_tp6": 70.5, "resid_tp6": 97.9}}, {"type": "Feature", "geometry": {"type": "Point", "coordinates": [-91.4867443, 41.1993143]}, "properties": {"plot_id": "Crawfordsville-4351-9-19", "site_id": "Crawfordsville", "year": 2022, "actual": 156.43, "pred_records": 29.5, "resid_records": 126.9, "pred_tp1": 97.4, "resid_tp1": 59.0, "pred_tp2": 124.0, "resid_tp2": 32.5, "pred_tp3": 137.5, "resid_tp3": 19.0, "pred_tp4": 81.5, "resid_tp4": 74.9, "pred_tp5": 81.9, "resid_tp5": 74.5, "pred_tp6": 69.0, "resid_tp6": 87.4}}, {"type": "Feature", "geometry": {"type": "Point", "coordinates": [-91.4867085, 41.1993139]}, "properties": {"plot_id": "Crawfordsville-4351-9-20", "site_id": "Crawfordsville", "year": 2022, "actual": 154.93, "pred_records": 35.9, "resid_records": 119.1, "pred_tp1": 95.9, "resid_tp1": 59.0, "pred_tp2": 118.5, "resid_tp2": 36.4, "pred_tp3": 122.6, "resid_tp3": 32.3, "pred_tp4": 78.5, "resid_tp4": 76.5, "pred_tp5": 81.8, "resid_tp5": 73.2, "pred_tp6": 69.2, "resid_tp6": 85.7}}, {"type": "Feature", "geometry": {"type": "Point", "coordinates": [-91.4873601, 41.1993738]}, "properties": {"plot_id": "Crawfordsville-4352-10-2", "site_id": "Crawfordsville", "year": 2022, "actual": 162.19, "pred_records": 36.9, "resid_records": 125.3, "pred_tp1": 129.5, "resid_tp1": 32.7, "pred_tp2": 132.3, "resid_tp2": 29.9, "pred_tp3": 145.6, "resid_tp3": 16.6, "pred_tp4": 95.6, "resid_tp4": 66.5, "pred_tp5": 83.3, "resid_tp5": 78.9, "pred_tp6": 82.4, "resid_tp6": 79.8}}, {"type": "Feature", "geometry": {"type": "Point", "coordinates": [-91.4873243, 41.1993733]}, "properties": {"plot_id": "Crawfordsville-4352-10-3", "site_id": "Crawfordsville", "year": 2022, "actual": 140.08, "pred_records": 45.3, "resid_records": 94.7, "pred_tp1": 119.0, "resid_tp1": 21.1, "pred_tp2": 135.7, "resid_tp2": 4.3, "pred_tp3": 148.3, "resid_tp3": -8.3, "pred_tp4": 94.3, "resid_tp4": 45.8, "pred_tp5": 75.8, "resid_tp5": 64.3, "pred_tp6": 90.4, "resid_tp6": 49.6}}, {"type": "Feature", "geometry": {"type": "Point", "coordinates": [-91.487251, 41.1993723]}, "properties": {"plot_id": "Crawfordsville-4352-10-5", "site_id": "Crawfordsville", "year": 2022, "actual": 117.2, "pred_records": 53.1, "resid_records": 64.1, "pred_tp1": 114.3, "resid_tp1": 2.9, "pred_tp2": 126.7, "resid_tp2": -9.5, "pred_tp3": 141.9, "resid_tp3": -24.7, "pred_tp4": 89.2, "resid_tp4": 28.0, "pred_tp5": 72.2, "resid_tp5": 45.0, "pred_tp6": 72.8, "resid_tp6": 44.4}}, {"type": "Feature", "geometry": {"type": "Point", "coordinates": [-91.4872152, 41.1993719]}, "properties": {"plot_id": "Crawfordsville-4352-10-6", "site_id": "Crawfordsville", "year": 2022, "actual": 197.93, "pred_records": 45.3, "resid_records": 152.6, "pred_tp1": 121.5, "resid_tp1": 76.4, "pred_tp2": 135.5, "resid_tp2": 62.4, "pred_tp3": 144.4, "resid_tp3": 53.5, "pred_tp4": 97.1, "resid_tp4": 100.9, "pred_tp5": 94.2, "resid_tp5": 103.7, "pred_tp6": 80.6, "resid_tp6": 117.3}}, {"type": "Feature", "geometry": {"type": "Point", "coordinates": [-91.4871795, 41.1993714]}, "properties": {"plot_id": "Crawfordsville-4352-10-7", "site_id": "Crawfordsville", "year": 2022, "actual": 153.77, "pred_records": 51.9, "resid_records": 101.8, "pred_tp1": 111.1, "resid_tp1": 42.7, "pred_tp2": 117.3, "resid_tp2": 36.4, "pred_tp3": 133.7, "resid_tp3": 20.1, "pred_tp4": 91.7, "resid_tp4": 62.1, "pred_tp5": 83.4, "resid_tp5": 70.4, "pred_tp6": 77.7, "resid_tp6": 76.0}}, {"type": "Feature", "geometry": {"type": "Point", "coordinates": [-91.4871437, 41.1993709]}, "properties": {"plot_id": "Crawfordsville-4352-10-8", "site_id": "Crawfordsville", "year": 2022, "actual": 140.93, "pred_records": 51.9, "resid_records": 89.0, "pred_tp1": 111.9, "resid_tp1": 29.0, "pred_tp2": 123.2, "resid_tp2": 17.7, "pred_tp3": 141.1, "resid_tp3": -0.2, "pred_tp4": 95.0, "resid_tp4": 46.0, "pred_tp5": 84.7, "resid_tp5": 56.2, "pred_tp6": 79.4, "resid_tp6": 61.5}}, {"type": "Feature", "geometry": {"type": "Point", "coordinates": [-91.4873249, 41.1994274]}, "properties": {"plot_id": "Crawfordsville-4352-11-3", "site_id": "Crawfordsville", "year": 2022, "actual": 131.41, "pred_records": 26.0, "resid_records": 105.4, "pred_tp1": 99.1, "resid_tp1": 32.3, "pred_tp2": 124.3, "resid_tp2": 7.1, "pred_tp3": 132.1, "resid_tp3": -0.7, "pred_tp4": 81.5, "resid_tp4": 49.9, "pred_tp5": 72.4, "resid_tp5": 59.0, "pred_tp6": 77.7, "resid_tp6": 53.7}}, {"type": "Feature", "geometry": {"type": "Point", "coordinates": [-91.4872873, 41.1994269]}, "properties": {"plot_id": "Crawfordsville-4352-11-4", "site_id": "Crawfordsville", "year": 2022, "actual": 132.16, "pred_records": 39.0, "resid_records": 93.1, "pred_tp1": 109.9, "resid_tp1": 22.2, "pred_tp2": 132.2, "resid_tp2": -0.0, "pred_tp3": 149.8, "resid_tp3": -17.6, "pred_tp4": 96.9, "resid_tp4": 35.3, "pred_tp5": 75.9, "resid_tp5": 56.2, "pred_tp6": 87.3, "resid_tp6": 44.8}}, {"type": "Feature", "geometry": {"type": "Point", "coordinates": [-91.4872515, 41.1994264]}, "properties": {"plot_id": "Crawfordsville-4352-11-5", "site_id": "Crawfordsville", "year": 2022, "actual": 174.99, "pred_records": 45.3, "resid_records": 129.7, "pred_tp1": 124.9, "resid_tp1": 50.1, "pred_tp2": 125.9, "resid_tp2": 49.0, "pred_tp3": 132.7, "resid_tp3": 42.3, "pred_tp4": 88.8, "resid_tp4": 86.2, "pred_tp5": 75.4, "resid_tp5": 99.5, "pred_tp6": 80.4, "resid_tp6": 94.6}}, {"type": "Feature", "geometry": {"type": "Point", "coordinates": [-91.4872158, 41.1994259]}, "properties": {"plot_id": "Crawfordsville-4352-11-6", "site_id": "Crawfordsville", "year": 2022, "actual": 177.0, "pred_records": 45.3, "resid_records": 131.7, "pred_tp1": 125.0, "resid_tp1": 52.0, "pred_tp2": 128.6, "resid_tp2": 48.4, "pred_tp3": 140.9, "resid_tp3": 36.1, "pred_tp4": 93.6, "resid_tp4": 83.4, "pred_tp5": 79.7, "resid_tp5": 97.3, "pred_tp6": 77.3, "resid_tp6": 99.7}}, {"type": "Feature", "geometry": {"type": "Point", "coordinates": [-91.4871782, 41.1994254]}, "properties": {"plot_id": "Crawfordsville-4352-11-7", "site_id": "Crawfordsville", "year": 2022, "actual": 203.86, "pred_records": 39.0, "resid_records": 164.8, "pred_tp1": 122.1, "resid_tp1": 81.7, "pred_tp2": 131.0, "resid_tp2": 72.8, "pred_tp3": 150.6, "resid_tp3": 53.2, "pred_tp4": 104.3, "resid_tp4": 99.5, "pred_tp5": 97.8, "resid_tp5": 106.0, "pred_tp6": 99.1, "resid_tp6": 104.8}}, {"type": "Feature", "geometry": {"type": "Point", "coordinates": [-91.4871424, 41.199425]}, "properties": {"plot_id": "Crawfordsville-4352-11-8", "site_id": "Crawfordsville", "year": 2022, "actual": 143.4, "pred_records": 45.3, "resid_records": 98.1, "pred_tp1": 116.2, "resid_tp1": 27.2, "pred_tp2": 128.9, "resid_tp2": 14.5, "pred_tp3": 125.7, "resid_tp3": 17.7, "pred_tp4": 91.9, "resid_tp4": 51.5, "pred_tp5": 79.3, "resid_tp5": 64.1, "pred_tp6": 78.0, "resid_tp6": 65.4}}, {"type": "Feature", "geometry": {"type": "Point", "coordinates": [-91.4871067, 41.1994245]}, "properties": {"plot_id": "Crawfordsville-4352-11-9", "site_id": "Crawfordsville", "year": 2022, "actual": 178.59, "pred_records": 39.0, "resid_records": 139.6, "pred_tp1": 124.3, "resid_tp1": 54.3, "pred_tp2": 131.8, "resid_tp2": 46.8, "pred_tp3": 142.7, "resid_tp3": 35.9, "pred_tp4": 95.5, "resid_tp4": 83.1, "pred_tp5": 85.7, "resid_tp5": 92.9, "pred_tp6": 82.8, "resid_tp6": 95.8}}, {"type": "Feature", "geometry": {"type": "Point", "coordinates": [-91.4873593, 41.1994832]}, "properties": {"plot_id": "Crawfordsville-4352-12-2", "site_id": "Crawfordsville", "year": 2022, "actual": 171.34, "pred_records": 49.1, "resid_records": 122.2, "pred_tp1": 119.9, "resid_tp1": 51.5, "pred_tp2": 129.8, "resid_tp2": 41.5, "pred_tp3": 131.2, "resid_tp3": 40.2, "pred_tp4": 89.7, "resid_tp4": 81.6, "pred_tp5": 92.1, "resid_tp5": 79.3, "pred_tp6": 87.0, "resid_tp6": 84.4}}, {"type": "Feature", "geometry": {"type": "Point", "coordinates": [-91.4873236, 41.1994827]}, "properties": {"plot_id": "Crawfordsville-4352-12-3", "site_id": "Crawfordsville", "year": 2022, "actual": 179.28, "pred_records": 45.3, "resid_records": 134.0, "pred_tp1": 119.3, "resid_tp1": 59.9, "pred_tp2": 128.5, "resid_tp2": 50.8, "pred_tp3": 125.3, "resid_tp3": 54.0, "pred_tp4": 92.9, "resid_tp4": 86.3, "pred_tp5": 77.3, "resid_tp5": 102.0, "pred_tp6": 74.9, "resid_tp6": 104.3}}, {"type": "Feature", "geometry": {"type": "Point", "coordinates": [-91.4872878, 41.1994823]}, "properties": {"plot_id": "Crawfordsville-4352-12-4", "site_id": "Crawfordsville", "year": 2022, "actual": 187.79, "pred_records": 36.9, "resid_records": 150.9, "pred_tp1": 122.1, "resid_tp1": 65.7, "pred_tp2": 135.5, "resid_tp2": 52.3, "pred_tp3": 149.4, "resid_tp3": 38.4, "pred_tp4": 99.9, "resid_tp4": 87.9, "pred_tp5": 96.6, "resid_tp5": 91.2, "pred_tp6": 89.0, "resid_tp6": 98.7}}, {"type": "Feature", "geometry": {"type": "Point", "coordinates": [-91.487252, 41.1994818]}, "properties": {"plot_id": "Crawfordsville-4352-12-5", "site_id": "Crawfordsville", "year": 2022, "actual": 157.16, "pred_records": 36.9, "resid_records": 120.2, "pred_tp1": 117.1, "resid_tp1": 40.0, "pred_tp2": 139.8, "resid_tp2": 17.3, "pred_tp3": 150.1, "resid_tp3": 7.0, "pred_tp4": 89.9, "resid_tp4": 67.3, "pred_tp5": 78.3, "resid_tp5": 78.8, "pred_tp6": 88.6, "resid_tp6": 68.6}}, {"type": "Feature", "geometry": {"type": "Point", "coordinates": [-91.4872145, 41.1994813]}, "properties": {"plot_id": "Crawfordsville-4352-12-6", "site_id": "Crawfordsville", "year": 2022, "actual": 171.94, "pred_records": 39.0, "resid_records": 132.9, "pred_tp1": 118.9, "resid_tp1": 53.0, "pred_tp2": 120.6, "resid_tp2": 51.3, "pred_tp3": 127.4, "resid_tp3": 44.5, "pred_tp4": 94.6, "resid_tp4": 77.4, "pred_tp5": 79.9, "resid_tp5": 92.0, "pred_tp6": 83.1, "resid_tp6": 88.8}}, {"type": "Feature", "geometry": {"type": "Point", "coordinates": [-91.4871787, 41.1994808]}, "properties": {"plot_id": "Crawfordsville-4352-12-7", "site_id": "Crawfordsville", "year": 2022, "actual": 175.09, "pred_records": 45.3, "resid_records": 129.8, "pred_tp1": 117.3, "resid_tp1": 57.8, "pred_tp2": 132.4, "resid_tp2": 42.7, "pred_tp3": 139.4, "resid_tp3": 35.7, "pred_tp4": 95.3, "resid_tp4": 79.8, "pred_tp5": 85.5, "resid_tp5": 89.6, "pred_tp6": 75.0, "resid_tp6": 100.1}}, {"type": "Feature", "geometry": {"type": "Point", "coordinates": [-91.487143, 41.1994804]}, "properties": {"plot_id": "Crawfordsville-4352-12-8", "site_id": "Crawfordsville", "year": 2022, "actual": 135.91, "pred_records": 45.3, "resid_records": 90.6, "pred_tp1": 114.0, "resid_tp1": 21.9, "pred_tp2": 133.8, "resid_tp2": 2.1, "pred_tp3": 141.8, "resid_tp3": -5.9, "pred_tp4": 98.9, "resid_tp4": 37.0, "pred_tp5": 86.9, "resid_tp5": 49.0, "pred_tp6": 88.1, "resid_tp6": 47.8}}, {"type": "Feature", "geometry": {"type": "Point", "coordinates": [-91.4871054, 41.1994799]}, "properties": {"plot_id": "Crawfordsville-4352-12-9", "site_id": "Crawfordsville", "year": 2022, "actual": 174.89, "pred_records": 45.3, "resid_records": 129.6, "pred_tp1": 118.6, "resid_tp1": 56.3, "pred_tp2": 142.3, "resid_tp2": 32.6, "pred_tp3": 146.4, "resid_tp3": 28.5, "pred_tp4": 106.6, "resid_tp4": 68.2, "pred_tp5": 105.3, "resid_tp5": 69.5, "pred_tp6": 104.3, "resid_tp6": 70.6}}, {"type": "Feature", "geometry": {"type": "Point", "coordinates": [-91.4873599, 41.1995386]}, "properties": {"plot_id": "Crawfordsville-4352-13-2", "site_id": "Crawfordsville", "year": 2022, "actual": 137.12, "pred_records": 45.3, "resid_records": 91.8, "pred_tp1": 118.6, "resid_tp1": 18.5, "pred_tp2": 135.6, "resid_tp2": 1.5, "pred_tp3": 151.3, "resid_tp3": -14.2, "pred_tp4": 92.7, "resid_tp4": 44.5, "pred_tp5": 83.2, "resid_tp5": 53.9, "pred_tp6": 89.3, "resid_tp6": 47.8}}, {"type": "Feature", "geometry": {"type": "Point", "coordinates": [-91.4873223, 41.1995381]}, "properties": {"plot_id": "Crawfordsville-4352-13-3", "site_id": "Crawfordsville", "year": 2022, "actual": 161.64, "pred_records": 45.3, "resid_records": 116.4, "pred_tp1": 112.1, "resid_tp1": 49.5, "pred_tp2": 124.1, "resid_tp2": 37.6, "pred_tp3": 133.7, "resid_tp3": 27.9, "pred_tp4": 92.4, "resid_tp4": 69.3, "pred_tp5": 78.7, "resid_tp5": 83.0, "pred_tp6": 81.5, "resid_tp6": 80.1}}, {"type": "Feature", "geometry": {"type": "Point", "coordinates": [-91.4872865, 41.1995376]}, "properties": {"plot_id": "Crawfordsville-4352-13-4", "site_id": "Crawfordsville", "year": 2022, "actual": 163.22, "pred_records": 45.3, "resid_records": 117.9, "pred_tp1": 127.0, "resid_tp1": 36.2, "pred_tp2": 125.2, "resid_tp2": 38.0, "pred_tp3": 139.6, "resid_tp3": 23.6, "pred_tp4": 90.7, "resid_tp4": 72.5, "pred_tp5": 87.5, "resid_tp5": 75.7, "pred_tp6": 84.9, "resid_tp6": 78.4}}, {"type": "Feature", "geometry": {"type": "Point", "coordinates": [-91.4872508, 41.1995372]}, "properties": {"plot_id": "Crawfordsville-4352-13-5", "site_id": "Crawfordsville", "year": 2022, "actual": 167.07, "pred_records": 45.3, "resid_records": 121.8, "pred_tp1": 125.0, "resid_tp1": 42.1, "pred_tp2": 134.6, "resid_tp2": 32.5, "pred_tp3": 147.0, "resid_tp3": 20.1, "pred_tp4": 93.7, "resid_tp4": 73.3, "pred_tp5": 80.6, "resid_tp5": 86.5, "pred_tp6": 77.1, "resid_tp6": 89.9}}, {"type": "Feature", "geometry": {"type": "Point", "coordinates": [-91.487215, 41.1995367]}, "properties": {"plot_id": "Crawfordsville-4352-13-6", "site_id": "Crawfordsville", "year": 2022, "actual": 154.9, "pred_records": 41.7, "resid_records": 113.2, "pred_tp1": 94.7, "resid_tp1": 60.2, "pred_tp2": 112.7, "resid_tp2": 42.2, "pred_tp3": 121.3, "resid_tp3": 33.6, "pred_tp4": 86.1, "resid_tp4": 68.8, "pred_tp5": 83.3, "resid_tp5": 71.6, "pred_tp6": 71.1, "resid_tp6": 83.8}}, {"type": "Feature", "geometry": {"type": "Point", "coordinates": [-91.4871792, 41.1995362]}, "properties": {"plot_id": "Crawfordsville-4352-13-7", "site_id": "Crawfordsville", "year": 2022, "actual": 131.06, "pred_records": 53.1, "resid_records": 78.0, "pred_tp1": 107.0, "resid_tp1": 24.1, "pred_tp2": 118.9, "resid_tp2": 12.1, "pred_tp3": 126.6, "resid_tp3": 4.5, "pred_tp4": 87.7, "resid_tp4": 43.4, "pred_tp5": 68.9, "resid_tp5": 62.1, "pred_tp6": 70.4, "resid_tp6": 60.6}}, {"type": "Feature", "geometry": {"type": "Point", "coordinates": [-91.4871417, 41.1995357]}, "properties": {"plot_id": "Crawfordsville-4352-13-8", "site_id": "Crawfordsville", "year": 2022, "actual": 139.44, "pred_records": 45.3, "resid_records": 94.2, "pred_tp1": 107.7, "resid_tp1": 31.7, "pred_tp2": 121.5, "resid_tp2": 17.9, "pred_tp3": 128.9, "resid_tp3": 10.5, "pred_tp4": 91.8, "resid_tp4": 47.7, "pred_tp5": 80.1, "resid_tp5": 59.4, "pred_tp6": 84.8, "resid_tp6": 54.6}}, {"type": "Feature", "geometry": {"type": "Point", "coordinates": [-91.4871059, 41.1995353]}, "properties": {"plot_id": "Crawfordsville-4352-13-9", "site_id": "Crawfordsville", "year": 2022, "actual": 128.72, "pred_records": 37.7, "resid_records": 91.0, "pred_tp1": 109.8, "resid_tp1": 18.9, "pred_tp2": 125.0, "resid_tp2": 3.7, "pred_tp3": 136.4, "resid_tp3": -7.7, "pred_tp4": 92.4, "resid_tp4": 36.3, "pred_tp5": 76.0, "resid_tp5": 52.8, "pred_tp6": 79.1, "resid_tp6": 49.6}}, {"type": "Feature", "geometry": {"type": "Point", "coordinates": [-91.4873228, 41.1995922]}, "properties": {"plot_id": "Crawfordsville-4352-14-3", "site_id": "Crawfordsville", "year": 2022, "actual": 145.31, "pred_records": 45.3, "resid_records": 100.0, "pred_tp1": 130.4, "resid_tp1": 14.9, "pred_tp2": 135.1, "resid_tp2": 10.2, "pred_tp3": 146.0, "resid_tp3": -0.7, "pred_tp4": 92.7, "resid_tp4": 52.6, "pred_tp5": 86.3, "resid_tp5": 59.0, "pred_tp6": 87.0, "resid_tp6": 58.3}}, {"type": "Feature", "geometry": {"type": "Point", "coordinates": [-91.4872871, 41.1995917]}, "properties": {"plot_id": "Crawfordsville-4352-14-4", "site_id": "Crawfordsville", "year": 2022, "actual": 211.33, "pred_records": 97.8, "resid_records": 113.5, "pred_tp1": 132.6, "resid_tp1": 78.7, "pred_tp2": 146.0, "resid_tp2": 65.3, "pred_tp3": 156.5, "resid_tp3": 54.9, "pred_tp4": 108.5, "resid_tp4": 102.8, "pred_tp5": 100.6, "resid_tp5": 110.7, "pred_tp6": 102.7, "resid_tp6": 108.7}}, {"type": "Feature", "geometry": {"type": "Point", "coordinates": [-91.4872495, 41.1995912]}, "properties": {"plot_id": "Crawfordsville-4352-14-5", "site_id": "Crawfordsville", "year": 2022, "actual": 167.2, "pred_records": 45.3, "resid_records": 121.9, "pred_tp1": 115.7, "resid_tp1": 51.5, "pred_tp2": 132.6, "resid_tp2": 34.6, "pred_tp3": 143.0, "resid_tp3": 24.2, "pred_tp4": 96.1, "resid_tp4": 71.1, "pred_tp5": 99.1, "resid_tp5": 68.1, "pred_tp6": 87.0, "resid_tp6": 80.2}}, {"type": "Feature", "geometry": {"type": "Point", "coordinates": [-91.4872138, 41.1995907]}, "properties": {"plot_id": "Crawfordsville-4352-14-6", "site_id": "Crawfordsville", "year": 2022, "actual": 171.5, "pred_records": 45.3, "resid_records": 126.2, "pred_tp1": 118.9, "resid_tp1": 52.6, "pred_tp2": 127.9, "resid_tp2": 43.6, "pred_tp3": 135.4, "resid_tp3": 36.1, "pred_tp4": 102.9, "resid_tp4": 68.6, "pred_tp5": 105.9, "resid_tp5": 65.6, "pred_tp6": 86.1, "resid_tp6": 85.4}}, {"type": "Feature", "geometry": {"type": "Point", "coordinates": [-91.4871422, 41.1995898]}, "properties": {"plot_id": "Crawfordsville-4352-14-8", "site_id": "Crawfordsville", "year": 2022, "actual": 159.17, "pred_records": 45.3, "resid_records": 113.9, "pred_tp1": 110.0, "resid_tp1": 49.1, "pred_tp2": 130.0, "resid_tp2": 29.1, "pred_tp3": 137.7, "resid_tp3": 21.5, "pred_tp4": 92.2, "resid_tp4": 67.0, "pred_tp5": 81.2, "resid_tp5": 78.0, "pred_tp6": 81.0, "resid_tp6": 78.2}}, {"type": "Feature", "geometry": {"type": "Point", "coordinates": [-91.4871065, 41.1995893]}, "properties": {"plot_id": "Crawfordsville-4352-14-9", "site_id": "Crawfordsville", "year": 2022, "actual": 149.54, "pred_records": 45.3, "resid_records": 104.3, "pred_tp1": 122.0, "resid_tp1": 27.6, "pred_tp2": 131.7, "resid_tp2": 17.8, "pred_tp3": 140.8, "resid_tp3": 8.7, "pred_tp4": 103.9, "resid_tp4": 45.7, "pred_tp5": 104.7, "resid_tp5": 44.8, "pred_tp6": 88.5, "resid_tp6": 61.1}}, {"type": "Feature", "geometry": {"type": "Point", "coordinates": [-91.4873592, 41.1996467]}, "properties": {"plot_id": "Crawfordsville-4352-15-2", "site_id": "Crawfordsville", "year": 2022, "actual": 159.62, "pred_records": 45.3, "resid_records": 114.3, "pred_tp1": 116.6, "resid_tp1": 43.0, "pred_tp2": 121.4, "resid_tp2": 38.3, "pred_tp3": 131.3, "resid_tp3": 28.3, "pred_tp4": 90.9, "resid_tp4": 68.7, "pred_tp5": 88.5, "resid_tp5": 71.1, "pred_tp6": 83.9, "resid_tp6": 75.7}}, {"type": "Feature", "geometry": {"type": "Point", "coordinates": [-91.4873234, 41.1996462]}, "properties": {"plot_id": "Crawfordsville-4352-15-3", "site_id": "Crawfordsville", "year": 2022, "actual": 164.02, "pred_records": 45.3, "resid_records": 118.7, "pred_tp1": 126.6, "resid_tp1": 37.4, "pred_tp2": 131.0, "resid_tp2": 33.0, "pred_tp3": 134.7, "resid_tp3": 29.3, "pred_tp4": 86.7, "resid_tp4": 77.3, "pred_tp5": 75.8, "resid_tp5": 88.2, "pred_tp6": 81.9, "resid_tp6": 82.1}}, {"type": "Feature", "geometry": {"type": "Point", "coordinates": [-91.4872858, 41.1996457]}, "properties": {"plot_id": "Crawfordsville-4352-15-4", "site_id": "Crawfordsville", "year": 2022, "actual": 168.96, "pred_records": 45.3, "resid_records": 123.7, "pred_tp1": 122.5, "resid_tp1": 46.4, "pred_tp2": 129.1, "resid_tp2": 39.9, "pred_tp3": 143.9, "resid_tp3": 25.1, "pred_tp4": 91.9, "resid_tp4": 77.1, "pred_tp5": 85.8, "resid_tp5": 83.1, "pred_tp6": 84.2, "resid_tp6": 84.8}}, {"type": "Feature", "geometry": {"type": "Point", "coordinates": [-91.4872501, 41.1996453]}, "properties": {"plot_id": "Crawfordsville-4352-15-5", "site_id": "Crawfordsville", "year": 2022, "actual": 121.84, "pred_records": 26.0, "resid_records": 95.9, "pred_tp1": 102.2, "resid_tp1": 19.6, "pred_tp2": 109.3, "resid_tp2": 12.5, "pred_tp3": 120.4, "resid_tp3": 1.4, "pred_tp4": 75.4, "resid_tp4": 46.5, "pred_tp5": 76.6, "resid_tp5": 45.2, "pred_tp6": 72.7, "resid_tp6": 49.2}}, {"type": "Feature", "geometry": {"type": "Point", "coordinates": [-91.4872143, 41.1996448]}, "properties": {"plot_id": "Crawfordsville-4352-15-6", "site_id": "Crawfordsville", "year": 2022, "actual": 127.0, "pred_records": 26.6, "resid_records": 100.4, "pred_tp1": 104.3, "resid_tp1": 22.7, "pred_tp2": 117.3, "resid_tp2": 9.7, "pred_tp3": 122.9, "resid_tp3": 4.1, "pred_tp4": 73.3, "resid_tp4": 53.7, "pred_tp5": 81.7, "resid_tp5": 45.3, "pred_tp6": 73.0, "resid_tp6": 54.0}}, {"type": "Feature", "geometry": {"type": "Point", "coordinates": [-91.4871767, 41.1996443]}, "properties": {"plot_id": "Crawfordsville-4352-15-7", "site_id": "Crawfordsville", "year": 2022, "actual": 171.94, "pred_records": 37.7, "resid_records": 134.2, "pred_tp1": 109.0, "resid_tp1": 63.0, "pred_tp2": 122.9, "resid_tp2": 49.1, "pred_tp3": 130.7, "resid_tp3": 41.2, "pred_tp4": 92.2, "resid_tp4": 79.8, "pred_tp5": 80.2, "resid_tp5": 91.7, "pred_tp6": 77.6, "resid_tp6": 94.4}}, {"type": "Feature", "geometry": {"type": "Point", "coordinates": [-91.487141, 41.1996438]}, "properties": {"plot_id": "Crawfordsville-4352-15-8", "site_id": "Crawfordsville", "year": 2022, "actual": 158.48, "pred_records": 36.9, "resid_records": 121.6, "pred_tp1": 116.0, "resid_tp1": 42.5, "pred_tp2": 145.5, "resid_tp2": 13.0, "pred_tp3": 151.7, "resid_tp3": 6.7, "pred_tp4": 93.9, "resid_tp4": 64.6, "pred_tp5": 77.2, "resid_tp5": 81.3, "pred_tp6": 93.5, "resid_tp6": 65.0}}, {"type": "Feature", "geometry": {"type": "Point", "coordinates": [-91.4871052, 41.1996434]}, "properties": {"plot_id": "Crawfordsville-4352-15-9", "site_id": "Crawfordsville", "year": 2022, "actual": 181.7, "pred_records": 45.3, "resid_records": 136.4, "pred_tp1": 121.2, "resid_tp1": 60.5, "pred_tp2": 131.6, "resid_tp2": 50.1, "pred_tp3": 140.2, "resid_tp3": 41.5, "pred_tp4": 91.6, "resid_tp4": 90.1, "pred_tp5": 84.9, "resid_tp5": 96.8, "pred_tp6": 79.2, "resid_tp6": 102.5}}, {"type": "Feature", "geometry": {"type": "Point", "coordinates": [-91.4873579, 41.1997021]}, "properties": {"plot_id": "Crawfordsville-4352-16-2", "site_id": "Crawfordsville", "year": 2022, "actual": 149.55, "pred_records": 45.3, "resid_records": 104.3, "pred_tp1": 120.4, "resid_tp1": 29.1, "pred_tp2": 131.4, "resid_tp2": 18.2, "pred_tp3": 147.2, "resid_tp3": 2.3, "pred_tp4": 90.0, "resid_tp4": 59.5, "pred_tp5": 84.5, "resid_tp5": 65.1, "pred_tp6": 85.3, "resid_tp6": 64.2}}, {"type": "Feature", "geometry": {"type": "Point", "coordinates": [-91.4873221, 41.1997016]}, "properties": {"plot_id": "Crawfordsville-4352-16-3", "site_id": "Crawfordsville", "year": 2022, "actual": 166.74, "pred_records": 38.5, "resid_records": 128.2, "pred_tp1": 113.1, "resid_tp1": 53.6, "pred_tp2": 119.8, "resid_tp2": 47.0, "pred_tp3": 133.8, "resid_tp3": 33.0, "pred_tp4": 86.6, "resid_tp4": 80.1, "pred_tp5": 86.3, "resid_tp5": 80.5, "pred_tp6": 74.3, "resid_tp6": 92.4}}, {"type": "Feature", "geometry": {"type": "Point", "coordinates": [-91.4872863, 41.1997011]}, "properties": {"plot_id": "Crawfordsville-4352-16-4", "site_id": "Crawfordsville", "year": 2022, "actual": 178.31, "pred_records": 59.2, "resid_records": 119.1, "pred_tp1": 119.8, "resid_tp1": 58.5, "pred_tp2": 130.1, "resid_tp2": 48.2, "pred_tp3": 147.7, "resid_tp3": 30.6, "pred_tp4": 94.8, "resid_tp4": 83.5, "pred_tp5": 89.8, "resid_tp5": 88.5, "pred_tp6": 90.0, "resid_tp6": 88.3}}, {"type": "Feature", "geometry": {"type": "Point", "coordinates": [-91.4872506, 41.1997007]}, "properties": {"plot_id": "Crawfordsville-4352-16-5", "site_id": "Crawfordsville", "year": 2022, "actual": 179.36, "pred_records": 39.0, "resid_records": 140.3, "pred_tp1": 125.3, "resid_tp1": 54.1, "pred_tp2": 128.5, "resid_tp2": 50.8, "pred_tp3": 150.2, "resid_tp3": 29.1, "pred_tp4": 94.1, "resid_tp4": 85.2, "pred_tp5": 88.9, "resid_tp5": 90.5, "pred_tp6": 80.8, "resid_tp6": 98.6}}, {"type": "Feature", "geometry": {"type": "Point", "coordinates": [-91.487213, 41.1997002]}, "properties": {"plot_id": "Crawfordsville-4352-16-6", "site_id": "Crawfordsville", "year": 2022, "actual": 187.35, "pred_records": 49.1, "resid_records": 138.2, "pred_tp1": 120.8, "resid_tp1": 66.5, "pred_tp2": 131.4, "resid_tp2": 55.9, "pred_tp3": 145.3, "resid_tp3": 42.0, "pred_tp4": 93.7, "resid_tp4": 93.6, "pred_tp5": 88.7, "resid_tp5": 98.6, "pred_tp6": 81.9, "resid_tp6": 105.5}}, {"type": "Feature", "geometry": {"type": "Point", "coordinates": [-91.4871773, 41.1996997]}, "properties": {"plot_id": "Crawfordsville-4352-16-7", "site_id": "Crawfordsville", "year": 2022, "actual": 177.71, "pred_records": 59.2, "resid_records": 118.5, "pred_tp1": 119.4, "resid_tp1": 58.3, "pred_tp2": 129.7, "resid_tp2": 48.0, "pred_tp3": 143.4, "resid_tp3": 34.3, "pred_tp4": 94.5, "resid_tp4": 83.2, "pred_tp5": 94.4, "resid_tp5": 83.3, "pred_tp6": 83.2, "resid_tp6": 94.5}}, {"type": "Feature", "geometry": {"type": "Point", "coordinates": [-91.4871415, 41.1996992]}, "properties": {"plot_id": "Crawfordsville-4352-16-8", "site_id": "Crawfordsville", "year": 2022, "actual": 152.91, "pred_records": 45.3, "resid_records": 107.6, "pred_tp1": 114.6, "resid_tp1": 38.3, "pred_tp2": 123.8, "resid_tp2": 29.1, "pred_tp3": 135.2, "resid_tp3": 17.7, "pred_tp4": 93.0, "resid_tp4": 60.0, "pred_tp5": 80.8, "resid_tp5": 72.1, "pred_tp6": 81.5, "resid_tp6": 71.4}}, {"type": "Feature", "geometry": {"type": "Point", "coordinates": [-91.4871039, 41.1996987]}, "properties": {"plot_id": "Crawfordsville-4352-16-9", "site_id": "Crawfordsville", "year": 2022, "actual": 163.37, "pred_records": 59.2, "resid_records": 104.2, "pred_tp1": 119.8, "resid_tp1": 43.5, "pred_tp2": 125.8, "resid_tp2": 37.6, "pred_tp3": 146.0, "resid_tp3": 17.3, "pred_tp4": 93.5, "resid_tp4": 69.8, "pred_tp5": 84.6, "resid_tp5": 78.8, "pred_tp6": 79.8, "resid_tp6": 83.5}}, {"type": "Feature", "geometry": {"type": "Point", "coordinates": [-91.4873584, 41.1997575]}, "properties": {"plot_id": "Crawfordsville-4352-17-2", "site_id": "Crawfordsville", "year": 2022, "actual": 144.1, "pred_records": 45.3, "resid_records": 98.8, "pred_tp1": 116.8, "resid_tp1": 27.3, "pred_tp2": 134.2, "resid_tp2": 9.9, "pred_tp3": 141.7, "resid_tp3": 2.4, "pred_tp4": 92.5, "resid_tp4": 51.6, "pred_tp5": 82.0, "resid_tp5": 62.1, "pred_tp6": 85.8, "resid_tp6": 58.3}}, {"type": "Feature", "geometry": {"type": "Point", "coordinates": [-91.4873208, 41.199757]}, "properties": {"plot_id": "Crawfordsville-4352-17-3", "site_id": "Crawfordsville", "year": 2022, "actual": 189.04, "pred_records": 45.3, "resid_records": 143.7, "pred_tp1": 120.4, "resid_tp1": 68.6, "pred_tp2": 136.0, "resid_tp2": 53.1, "pred_tp3": 142.5, "resid_tp3": 46.5, "pred_tp4": 92.9, "resid_tp4": 96.1, "pred_tp5": 75.7, "resid_tp5": 113.3, "pred_tp6": 88.6, "resid_tp6": 100.5}}, {"type": "Feature", "geometry": {"type": "Point", "coordinates": [-91.4872851, 41.1997565]}, "properties": {"plot_id": "Crawfordsville-4352-17-4", "site_id": "Crawfordsville", "year": 2022, "actual": 170.66, "pred_records": 39.0, "resid_records": 131.6, "pred_tp1": 124.1, "resid_tp1": 46.6, "pred_tp2": 134.0, "resid_tp2": 36.6, "pred_tp3": 133.6, "resid_tp3": 37.1, "pred_tp4": 90.8, "resid_tp4": 79.9, "pred_tp5": 70.5, "resid_tp5": 100.1, "pred_tp6": 81.6, "resid_tp6": 89.1}}, {"type": "Feature", "geometry": {"type": "Point", "coordinates": [-91.4872493, 41.199756]}, "properties": {"plot_id": "Crawfordsville-4352-17-5", "site_id": "Crawfordsville", "year": 2022, "actual": 159.98, "pred_records": 39.0, "resid_records": 120.9, "pred_tp1": 124.5, "resid_tp1": 35.5, "pred_tp2": 127.3, "resid_tp2": 32.7, "pred_tp3": 130.1, "resid_tp3": 29.9, "pred_tp4": 93.7, "resid_tp4": 66.3, "pred_tp5": 78.2, "resid_tp5": 81.8, "pred_tp6": 76.8, "resid_tp6": 83.2}}, {"type": "Feature", "geometry": {"type": "Point", "coordinates": [-91.4872135, 41.1997556]}, "properties": {"plot_id": "Crawfordsville-4352-17-6", "site_id": "Crawfordsville", "year": 2022, "actual": 169.97, "pred_records": 45.3, "resid_records": 124.7, "pred_tp1": 126.5, "resid_tp1": 43.4, "pred_tp2": 129.8, "resid_tp2": 40.2, "pred_tp3": 146.2, "resid_tp3": 23.8, "pred_tp4": 95.9, "resid_tp4": 74.1, "pred_tp5": 89.1, "resid_tp5": 80.9, "pred_tp6": 80.5, "resid_tp6": 89.5}}, {"type": "Feature", "geometry": {"type": "Point", "coordinates": [-91.4871778, 41.1997551]}, "properties": {"plot_id": "Crawfordsville-4352-17-7", "site_id": "Crawfordsville", "year": 2022, "actual": 155.95, "pred_records": 45.3, "resid_records": 110.7, "pred_tp1": 112.6, "resid_tp1": 43.3, "pred_tp2": 129.5, "resid_tp2": 26.5, "pred_tp3": 138.0, "resid_tp3": 18.0, "pred_tp4": 92.8, "resid_tp4": 63.2, "pred_tp5": 89.1, "resid_tp5": 66.8, "pred_tp6": 81.8, "resid_tp6": 74.2}}, {"type": "Feature", "geometry": {"type": "Point", "coordinates": [-91.4871402, 41.1997546]}, "properties": {"plot_id": "Crawfordsville-4352-17-8", "site_id": "Crawfordsville", "year": 2022, "actual": 172.0, "pred_records": 39.0, "resid_records": 133.0, "pred_tp1": 111.2, "resid_tp1": 60.8, "pred_tp2": 128.0, "resid_tp2": 44.0, "pred_tp3": 133.2, "resid_tp3": 38.8, "pred_tp4": 95.7, "resid_tp4": 76.3, "pred_tp5": 88.9, "resid_tp5": 83.1, "pred_tp6": 77.3, "resid_tp6": 94.7}}, {"type": "Feature", "geometry": {"type": "Point", "coordinates": [-91.4871044, 41.1997541]}, "properties": {"plot_id": "Crawfordsville-4352-17-9", "site_id": "Crawfordsville", "year": 2022, "actual": 217.03, "pred_records": 97.8, "resid_records": 119.2, "pred_tp1": 134.6, "resid_tp1": 82.5, "pred_tp2": 145.2, "resid_tp2": 71.9, "pred_tp3": 156.6, "resid_tp3": 60.4, "pred_tp4": 104.1, "resid_tp4": 112.9, "pred_tp5": 103.1, "resid_tp5": 113.9, "pred_tp6": 101.8, "resid_tp6": 115.2}}, {"type": "Feature", "geometry": {"type": "Point", "coordinates": [-91.4873571, 41.1998115]}, "properties": {"plot_id": "Crawfordsville-4352-18-2", "site_id": "Crawfordsville", "year": 2022, "actual": 149.53, "pred_records": 45.3, "resid_records": 104.2, "pred_tp1": 115.7, "resid_tp1": 33.9, "pred_tp2": 136.1, "resid_tp2": 13.4, "pred_tp3": 142.9, "resid_tp3": 6.6, "pred_tp4": 91.0, "resid_tp4": 58.5, "pred_tp5": 94.3, "resid_tp5": 55.2, "pred_tp6": 90.6, "resid_tp6": 58.9}}, {"type": "Feature", "geometry": {"type": "Point", "coordinates": [-91.4873214, 41.199811]}, "properties": {"plot_id": "Crawfordsville-4352-18-3", "site_id": "Crawfordsville", "year": 2022, "actual": 101.81, "pred_records": 45.3, "resid_records": 56.5, "pred_tp1": 112.9, "resid_tp1": -11.1, "pred_tp2": 131.0, "resid_tp2": -29.2, "pred_tp3": 136.6, "resid_tp3": -34.8, "pred_tp4": 94.6, "resid_tp4": 7.2, "pred_tp5": 79.5, "resid_tp5": 22.4, "pred_tp6": 86.1, "resid_tp6": 15.7}}, {"type": "Feature", "geometry": {"type": "Point", "coordinates": [-91.4872856, 41.1998106]}, "properties": {"plot_id": "Crawfordsville-4352-18-4", "site_id": "Crawfordsville", "year": 2022, "actual": 111.91, "pred_records": 45.3, "resid_records": 66.6, "pred_tp1": 105.9, "resid_tp1": 6.0, "pred_tp2": 145.7, "resid_tp2": -33.7, "pred_tp3": 136.5, "resid_tp3": -24.6, "pred_tp4": 97.0, "resid_tp4": 14.9, "pred_tp5": 77.6, "resid_tp5": 34.3, "pred_tp6": 86.6, "resid_tp6": 25.3}}, {"type": "Feature", "geometry": {"type": "Point", "coordinates": [-91.4872481, 41.1998101]}, "properties": {"plot_id": "Crawfordsville-4352-18-5", "site_id": "Crawfordsville", "year": 2022, "actual": 166.45, "pred_records": 37.8, "resid_records": 128.6, "pred_tp1": 130.1, "resid_tp1": 36.4, "pred_tp2": 137.3, "resid_tp2": 29.2, "pred_tp3": 140.4, "resid_tp3": 26.0, "pred_tp4": 101.7, "resid_tp4": 64.7, "pred_tp5": 100.1, "resid_tp5": 66.4, "pred_tp6": 84.9, "resid_tp6": 81.5}}, {"type": "Feature", "geometry": {"type": "Point", "coordinates": [-91.4872123, 41.1998096]}, "properties": {"plot_id": "Crawfordsville-4352-18-6", "site_id": "Crawfordsville", "year": 2022, "actual": 187.22, "pred_records": 36.9, "resid_records": 150.3, "pred_tp1": 125.9, "resid_tp1": 61.3, "pred_tp2": 131.4, "resid_tp2": 55.8, "pred_tp3": 140.1, "resid_tp3": 47.2, "pred_tp4": 93.1, "resid_tp4": 94.2, "pred_tp5": 81.3, "resid_tp5": 105.9, "pred_tp6": 78.8, "resid_tp6": 108.5}}, {"type": "Feature", "geometry": {"type": "Point", "coordinates": [-91.4871765, 41.1998091]}, "properties": {"plot_id": "Crawfordsville-4352-18-7", "site_id": "Crawfordsville", "year": 2022, "actual": 155.96, "pred_records": 45.3, "resid_records": 110.7, "pred_tp1": 117.7, "resid_tp1": 38.3, "pred_tp2": 129.9, "resid_tp2": 26.0, "pred_tp3": 134.4, "resid_tp3": 21.5, "pred_tp4": 92.0, "resid_tp4": 64.0, "pred_tp5": 78.7, "resid_tp5": 77.3, "pred_tp6": 72.6, "resid_tp6": 83.3}}, {"type": "Feature", "geometry": {"type": "Point", "coordinates": [-91.4871408, 41.1998087]}, "properties": {"plot_id": "Crawfordsville-4352-18-8", "site_id": "Crawfordsville", "year": 2022, "actual": 149.53, "pred_records": 45.3, "resid_records": 104.2, "pred_tp1": 114.9, "resid_tp1": 34.6, "pred_tp2": 131.5, "resid_tp2": 18.1, "pred_tp3": 149.5, "resid_tp3": 0.1, "pred_tp4": 103.7, "resid_tp4": 45.8, "pred_tp5": 100.1, "resid_tp5": 49.4, "pred_tp6": 95.9, "resid_tp6": 53.6}}, {"type": "Feature", "geometry": {"type": "Point", "coordinates": [-91.4871032, 41.1998082]}, "properties": {"plot_id": "Crawfordsville-4352-18-9", "site_id": "Crawfordsville", "year": 2022, "actual": 125.16, "pred_records": 26.0, "resid_records": 99.2, "pred_tp1": 102.1, "resid_tp1": 23.1, "pred_tp2": 128.0, "resid_tp2": -2.8, "pred_tp3": 136.4, "resid_tp3": -11.2, "pred_tp4": 90.8, "resid_tp4": 34.3, "pred_tp5": 81.8, "resid_tp5": 43.3, "pred_tp6": 78.6, "resid_tp6": 46.6}}, {"type": "Feature", "geometry": {"type": "Point", "coordinates": [-91.4873577, 41.1998669]}, "properties": {"plot_id": "Crawfordsville-4352-19-2", "site_id": "Crawfordsville", "year": 2022, "actual": 190.02, "pred_records": 39.0, "resid_records": 151.0, "pred_tp1": 126.6, "resid_tp1": 63.5, "pred_tp2": 136.0, "resid_tp2": 54.1, "pred_tp3": 156.1, "resid_tp3": 34.0, "pred_tp4": 103.1, "resid_tp4": 86.9, "pred_tp5": 104.8, "resid_tp5": 85.2, "pred_tp6": 106.1, "resid_tp6": 84.0}}, {"type": "Feature", "geometry": {"type": "Point", "coordinates": [-91.4873219, 41.1998664]}, "properties": {"plot_id": "Crawfordsville-4352-19-3", "site_id": "Crawfordsville", "year": 2022, "actual": 160.94, "pred_records": 45.3, "resid_records": 115.7, "pred_tp1": 120.1, "resid_tp1": 40.9, "pred_tp2": 127.5, "resid_tp2": 33.4, "pred_tp3": 129.1, "resid_tp3": 31.8, "pred_tp4": 91.2, "resid_tp4": 69.8, "pred_tp5": 87.9, "resid_tp5": 73.1, "pred_tp6": 83.1, "resid_tp6": 77.9}}, {"type": "Feature", "geometry": {"type": "Point", "coordinates": [-91.4872843, 41.1998659]}, "properties": {"plot_id": "Crawfordsville-4352-19-4", "site_id": "Crawfordsville", "year": 2022, "actual": 160.52, "pred_records": 45.3, "resid_records": 115.2, "pred_tp1": 113.2, "resid_tp1": 47.3, "pred_tp2": 128.9, "resid_tp2": 31.6, "pred_tp3": 129.4, "resid_tp3": 31.1, "pred_tp4": 92.9, "resid_tp4": 67.7, "pred_tp5": 87.1, "resid_tp5": 73.4, "pred_tp6": 81.2, "resid_tp6": 79.3}}, {"type": "Feature", "geometry": {"type": "Point", "coordinates": [-91.4872486, 41.1998655]}, "properties": {"plot_id": "Crawfordsville-4352-19-5", "site_id": "Crawfordsville", "year": 2022, "actual": 124.58, "pred_records": 10.9, "resid_records": 113.7, "pred_tp1": 88.0, "resid_tp1": 36.6, "pred_tp2": 107.0, "resid_tp2": 17.5, "pred_tp3": 110.9, "resid_tp3": 13.6, "pred_tp4": 77.5, "resid_tp4": 47.1, "pred_tp5": 74.9, "resid_tp5": 49.7, "pred_tp6": 72.4, "resid_tp6": 52.1}}, {"type": "Feature", "geometry": {"type": "Point", "coordinates": [-91.487211, 41.199865]}, "properties": {"plot_id": "Crawfordsville-4352-19-6", "site_id": "Crawfordsville", "year": 2022, "actual": 194.93, "pred_records": 45.3, "resid_records": 149.6, "pred_tp1": 121.2, "resid_tp1": 73.7, "pred_tp2": 135.5, "resid_tp2": 59.5, "pred_tp3": 135.9, "resid_tp3": 59.1, "pred_tp4": 87.4, "resid_tp4": 107.6, "pred_tp5": 82.5, "resid_tp5": 112.4, "pred_tp6": 77.8, "resid_tp6": 117.1}}, {"type": "Feature", "geometry": {"type": "Point", "coordinates": [-91.4871753, 41.1998645]}, "properties": {"plot_id": "Crawfordsville-4352-19-7", "site_id": "Crawfordsville", "year": 2022, "actual": 137.5, "pred_records": 51.9, "resid_records": 85.6, "pred_tp1": 108.1, "resid_tp1": 29.4, "pred_tp2": 128.7, "resid_tp2": 8.8, "pred_tp3": 134.3, "resid_tp3": 3.2, "pred_tp4": 86.1, "resid_tp4": 51.4, "pred_tp5": 71.7, "resid_tp5": 65.8, "pred_tp6": 76.5, "resid_tp6": 61.0}}, {"type": "Feature", "geometry": {"type": "Point", "coordinates": [-91.4871395, 41.199864]}, "properties": {"plot_id": "Crawfordsville-4352-19-8", "site_id": "Crawfordsville", "year": 2022, "actual": 138.96, "pred_records": 45.3, "resid_records": 93.7, "pred_tp1": 110.1, "resid_tp1": 28.9, "pred_tp2": 125.8, "resid_tp2": 13.1, "pred_tp3": 132.1, "resid_tp3": 6.8, "pred_tp4": 91.4, "resid_tp4": 47.5, "pred_tp5": 79.9, "resid_tp5": 59.0, "pred_tp6": 77.7, "resid_tp6": 61.2}}, {"type": "Feature", "geometry": {"type": "Point", "coordinates": [-91.4871037, 41.1998636]}, "properties": {"plot_id": "Crawfordsville-4352-19-9", "site_id": "Crawfordsville", "year": 2022, "actual": 174.06, "pred_records": 45.3, "resid_records": 128.8, "pred_tp1": 122.9, "resid_tp1": 51.2, "pred_tp2": 134.6, "resid_tp2": 39.4, "pred_tp3": 136.9, "resid_tp3": 37.2, "pred_tp4": 97.1, "resid_tp4": 76.9, "pred_tp5": 102.4, "resid_tp5": 71.6, "pred_tp6": 86.2, "resid_tp6": 87.9}}, {"type": "Feature", "geometry": {"type": "Point", "coordinates": [-91.4873648, 41.1989347]}, "properties": {"plot_id": "Crawfordsville-4352-2-2", "site_id": "Crawfordsville", "year": 2022, "actual": 182.67, "pred_records": 39.0, "resid_records": 143.6, "pred_tp1": 109.5, "resid_tp1": 73.2, "pred_tp2": 134.7, "resid_tp2": 48.0, "pred_tp3": 150.6, "resid_tp3": 32.1, "pred_tp4": 95.6, "resid_tp4": 87.0, "pred_tp5": 89.3, "resid_tp5": 93.4, "pred_tp6": 91.8, "resid_tp6": 90.8}}, {"type": "Feature", "geometry": {"type": "Point", "coordinates": [-91.4872915, 41.1989338]}, "properties": {"plot_id": "Crawfordsville-4352-2-4", "site_id": "Crawfordsville", "year": 2022, "actual": 148.47, "pred_records": 59.2, "resid_records": 89.3, "pred_tp1": 105.9, "resid_tp1": 42.6, "pred_tp2": 127.0, "resid_tp2": 21.5, "pred_tp3": 150.6, "resid_tp3": -2.1, "pred_tp4": 101.5, "resid_tp4": 47.0, "pred_tp5": 89.9, "resid_tp5": 58.6, "pred_tp6": 81.4, "resid_tp6": 67.1}}, {"type": "Feature", "geometry": {"type": "Point", "coordinates": [-91.4872182, 41.1989328]}, "properties": {"plot_id": "Crawfordsville-4352-2-6", "site_id": "Crawfordsville", "year": 2022, "actual": 181.18, "pred_records": 45.3, "resid_records": 135.9, "pred_tp1": 110.4, "resid_tp1": 70.7, "pred_tp2": 128.7, "resid_tp2": 52.5, "pred_tp3": 132.1, "resid_tp3": 49.1, "pred_tp4": 89.5, "resid_tp4": 91.7, "pred_tp5": 88.7, "resid_tp5": 92.5, "pred_tp6": 88.3, "resid_tp6": 92.9}}, {"type": "Feature", "geometry": {"type": "Point", "coordinates": [-91.4871824, 41.1989323]}, "properties": {"plot_id": "Crawfordsville-4352-2-7", "site_id": "Crawfordsville", "year": 2022, "actual": 145.19, "pred_records": 45.3, "resid_records": 99.9, "pred_tp1": 116.4, "resid_tp1": 28.8, "pred_tp2": 129.2, "resid_tp2": 16.0, "pred_tp3": 138.3, "resid_tp3": 6.9, "pred_tp4": 93.5, "resid_tp4": 51.7, "pred_tp5": 79.6, "resid_tp5": 65.6, "pred_tp6": 85.2, "resid_tp6": 60.0}}, {"type": "Feature", "geometry": {"type": "Point", "coordinates": [-91.4871466, 41.1989319]}, "properties": {"plot_id": "Crawfordsville-4352-2-8", "site_id": "Crawfordsville", "year": 2022, "actual": 164.14, "pred_records": 45.3, "resid_records": 118.9, "pred_tp1": 115.9, "resid_tp1": 48.2, "pred_tp2": 130.3, "resid_tp2": 33.9, "pred_tp3": 133.3, "resid_tp3": 30.8, "pred_tp4": 90.1, "resid_tp4": 74.0, "pred_tp5": 90.5, "resid_tp5": 73.6, "pred_tp6": 85.3, "resid_tp6": 78.9}}, {"type": "Feature", "geometry": {"type": "Point", "coordinates": [-91.4871109, 41.1989314]}, "properties": {"plot_id": "Crawfordsville-4352-2-9", "site_id": "Crawfordsville", "year": 2022, "actual": 164.88, "pred_records": 45.3, "resid_records": 119.6, "pred_tp1": 123.6, "resid_tp1": 41.3, "pred_tp2": 132.9, "resid_tp2": 32.0, "pred_tp3": 145.1, "resid_tp3": 19.8, "pred_tp4": 103.3, "resid_tp4": 61.6, "pred_tp5": 95.2, "resid_tp5": 69.7, "pred_tp6": 86.8, "resid_tp6": 78.1}}, {"type": "Feature", "geometry": {"type": "Point", "coordinates": [-91.4873564, 41.1999223]}, "properties": {"plot_id": "Crawfordsville-4352-20-2", "site_id": "Crawfordsville", "year": 2022, "actual": 157.69, "pred_records": 36.9, "resid_records": 120.8, "pred_tp1": 122.4, "resid_tp1": 35.3, "pred_tp2": 136.9, "resid_tp2": 20.8, "pred_tp3": 143.6, "resid_tp3": 14.1, "pred_tp4": 105.5, "resid_tp4": 52.2, "pred_tp5": 103.8, "resid_tp5": 53.9, "pred_tp6": 92.1, "resid_tp6": 65.6}}, {"type": "Feature", "geometry": {"type": "Point", "coordinates": [-91.4872849, 41.1999213]}, "properties": {"plot_id": "Crawfordsville-4352-20-4", "site_id": "Crawfordsville", "year": 2022, "actual": 147.07, "pred_records": 45.3, "resid_records": 101.8, "pred_tp1": 120.7, "resid_tp1": 26.3, "pred_tp2": 129.9, "resid_tp2": 17.2, "pred_tp3": 126.7, "resid_tp3": 20.3, "pred_tp4": 91.6, "resid_tp4": 55.5, "pred_tp5": 82.5, "resid_tp5": 64.5, "pred_tp6": 81.3, "resid_tp6": 65.8}}, {"type": "Feature", "geometry": {"type": "Point", "coordinates": [-91.4872473, 41.1999209]}, "properties": {"plot_id": "Crawfordsville-4352-20-5", "site_id": "Crawfordsville", "year": 2022, "actual": 139.97, "pred_records": 45.3, "resid_records": 94.7, "pred_tp1": 111.3, "resid_tp1": 28.7, "pred_tp2": 124.8, "resid_tp2": 15.1, "pred_tp3": 121.1, "resid_tp3": 18.9, "pred_tp4": 90.9, "resid_tp4": 49.1, "pred_tp5": 88.4, "resid_tp5": 51.6, "pred_tp6": 78.1, "resid_tp6": 61.9}}, {"type": "Feature", "geometry": {"type": "Point", "coordinates": [-91.4872115, 41.1999204]}, "properties": {"plot_id": "Crawfordsville-4352-20-6", "site_id": "Crawfordsville", "year": 2022, "actual": 169.57, "pred_records": 49.1, "resid_records": 120.4, "pred_tp1": 119.5, "resid_tp1": 50.1, "pred_tp2": 127.5, "resid_tp2": 42.1, "pred_tp3": 126.6, "resid_tp3": 43.0, "pred_tp4": 92.1, "resid_tp4": 77.4, "pred_tp5": 91.5, "resid_tp5": 78.0, "pred_tp6": 80.2, "resid_tp6": 89.4}}, {"type": "Feature", "geometry": {"type": "Point", "coordinates": [-91.4871758, 41.1999199]}, "properties": {"plot_id": "Crawfordsville-4352-20-7", "site_id": "Crawfordsville", "year": 2022, "actual": 184.88, "pred_records": 45.3, "resid_records": 139.6, "pred_tp1": 119.8, "resid_tp1": 65.1, "pred_tp2": 129.7, "resid_tp2": 55.1, "pred_tp3": 138.3, "resid_tp3": 46.6, "pred_tp4": 92.4, "resid_tp4": 92.5, "pred_tp5": 84.1, "resid_tp5": 100.8, "pred_tp6": 76.7, "resid_tp6": 108.2}}, {"type": "Feature", "geometry": {"type": "Point", "coordinates": [-91.4871382, 41.1999194]}, "properties": {"plot_id": "Crawfordsville-4352-20-8", "site_id": "Crawfordsville", "year": 2022, "actual": 147.65, "pred_records": 45.3, "resid_records": 102.4, "pred_tp1": 113.3, "resid_tp1": 34.4, "pred_tp2": 136.4, "resid_tp2": 11.3, "pred_tp3": 147.4, "resid_tp3": 0.2, "pred_tp4": 93.9, "resid_tp4": 53.8, "pred_tp5": 86.0, "resid_tp5": 61.7, "pred_tp6": 85.6, "resid_tp6": 62.1}}, {"type": "Feature", "geometry": {"type": "Point", "coordinates": [-91.4871024, 41.1999189]}, "properties": {"plot_id": "Crawfordsville-4352-20-9", "site_id": "Crawfordsville", "year": 2022, "actual": 148.22, "pred_records": 51.9, "resid_records": 96.3, "pred_tp1": 116.0, "resid_tp1": 32.3, "pred_tp2": 130.9, "resid_tp2": 17.3, "pred_tp3": 131.2, "resid_tp3": 17.0, "pred_tp4": 93.1, "resid_tp4": 55.2, "pred_tp5": 89.6, "resid_tp5": 58.6, "pred_tp6": 81.6, "resid_tp6": 66.6}}, {"type": "Feature", "geometry": {"type": "Point", "coordinates": [-91.4873569, 41.1999763]}, "properties": {"plot_id": "Crawfordsville-4352-21-2", "site_id": "Crawfordsville", "year": 2022, "actual": 114.51, "pred_records": 45.3, "resid_records": 69.2, "pred_tp1": 115.0, "resid_tp1": -0.5, "pred_tp2": 130.4, "resid_tp2": -15.9, "pred_tp3": 129.2, "resid_tp3": -14.7, "pred_tp4": 89.7, "resid_tp4": 24.8, "pred_tp5": 80.5, "resid_tp5": 34.0, "pred_tp6": 81.8, "resid_tp6": 32.8}}, {"type": "Feature", "geometry": {"type": "Point", "coordinates": [-91.4872836, 41.1999754]}, "properties": {"plot_id": "Crawfordsville-4352-21-4", "site_id": "Crawfordsville", "year": 2022, "actual": 158.77, "pred_records": 45.3, "resid_records": 113.5, "pred_tp1": 119.1, "resid_tp1": 39.7, "pred_tp2": 129.6, "resid_tp2": 29.2, "pred_tp3": 128.3, "resid_tp3": 30.5, "pred_tp4": 89.9, "resid_tp4": 68.9, "pred_tp5": 88.6, "resid_tp5": 70.2, "pred_tp6": 82.6, "resid_tp6": 76.2}}, {"type": "Feature", "geometry": {"type": "Point", "coordinates": [-91.4872478, 41.1999749]}, "properties": {"plot_id": "Crawfordsville-4352-21-5", "site_id": "Crawfordsville", "year": 2022, "actual": 140.66, "pred_records": 52.9, "resid_records": 87.8, "pred_tp1": 112.0, "resid_tp1": 28.6, "pred_tp2": 126.3, "resid_tp2": 14.3, "pred_tp3": 138.9, "resid_tp3": 1.8, "pred_tp4": 92.0, "resid_tp4": 48.6, "pred_tp5": 83.8, "resid_tp5": 56.9, "pred_tp6": 78.8, "resid_tp6": 61.9}}, {"type": "Feature", "geometry": {"type": "Point", "coordinates": [-91.4872121, 41.1999744]}, "properties": {"plot_id": "Crawfordsville-4352-21-6", "site_id": "Crawfordsville", "year": 2022, "actual": 231.8, "pred_records": 71.7, "resid_records": 160.1, "pred_tp1": 131.2, "resid_tp1": 100.6, "pred_tp2": 133.3, "resid_tp2": 98.5, "pred_tp3": 143.7, "resid_tp3": 88.1, "pred_tp4": 96.4, "resid_tp4": 135.4, "pred_tp5": 98.9, "resid_tp5": 132.9, "pred_tp6": 94.3, "resid_tp6": 137.5}}, {"type": "Feature", "geometry": {"type": "Point", "coordinates": [-91.4871745, 41.1999739]}, "properties": {"plot_id": "Crawfordsville-4352-21-7", "site_id": "Crawfordsville", "year": 2022, "actual": 69.54, "pred_records": 26.0, "resid_records": 43.6, "pred_tp1": 97.2, "resid_tp1": -27.7, "pred_tp2": 122.7, "resid_tp2": -53.2, "pred_tp3": 130.7, "resid_tp3": -61.2, "pred_tp4": 86.6, "resid_tp4": -17.1, "pred_tp5": 68.9, "resid_tp5": 0.6, "pred_tp6": 68.2, "resid_tp6": 1.3}}, {"type": "Feature", "geometry": {"type": "Point", "coordinates": [-91.4871388, 41.1999735]}, "properties": {"plot_id": "Crawfordsville-4352-21-8", "site_id": "Crawfordsville", "year": 2022, "actual": 152.83, "pred_records": 39.0, "resid_records": 113.8, "pred_tp1": 112.9, "resid_tp1": 39.9, "pred_tp2": 145.0, "resid_tp2": 7.9, "pred_tp3": 152.1, "resid_tp3": 0.8, "pred_tp4": 98.8, "resid_tp4": 54.1, "pred_tp5": 90.8, "resid_tp5": 62.0, "pred_tp6": 98.9, "resid_tp6": 53.9}}, {"type": "Feature", "geometry": {"type": "Point", "coordinates": [-91.487103, 41.199973]}, "properties": {"plot_id": "Crawfordsville-4352-21-9", "site_id": "Crawfordsville", "year": 2022, "actual": 121.64, "pred_records": 36.8, "resid_records": 84.8, "pred_tp1": 120.8, "resid_tp1": 0.8, "pred_tp2": 137.8, "resid_tp2": -16.2, "pred_tp3": 137.1, "resid_tp3": -15.5, "pred_tp4": 95.8, "resid_tp4": 25.8, "pred_tp5": 93.3, "resid_tp5": 28.3, "pred_tp6": 85.5, "resid_tp6": 36.1}}, {"type": "Feature", "geometry": {"type": "Point", "coordinates": [-91.4873557, 41.2000304]}, "properties": {"plot_id": "Crawfordsville-4352-22-2", "site_id": "Crawfordsville", "year": 2022, "actual": 125.37, "pred_records": 45.3, "resid_records": 80.1, "pred_tp1": 114.5, "resid_tp1": 10.9, "pred_tp2": 124.2, "resid_tp2": 1.1, "pred_tp3": 124.0, "resid_tp3": 1.4, "pred_tp4": 93.4, "resid_tp4": 31.9, "pred_tp5": 80.5, "resid_tp5": 44.9, "pred_tp6": 76.6, "resid_tp6": 48.8}}, {"type": "Feature", "geometry": {"type": "Point", "coordinates": [-91.4873199, 41.2000299]}, "properties": {"plot_id": "Crawfordsville-4352-22-3", "site_id": "Crawfordsville", "year": 2022, "actual": 148.9, "pred_records": 45.3, "resid_records": 103.6, "pred_tp1": 118.0, "resid_tp1": 30.9, "pred_tp2": 126.1, "resid_tp2": 22.8, "pred_tp3": 130.5, "resid_tp3": 18.4, "pred_tp4": 90.2, "resid_tp4": 58.7, "pred_tp5": 78.0, "resid_tp5": 70.9, "pred_tp6": 71.8, "resid_tp6": 77.1}}, {"type": "Feature", "geometry": {"type": "Point", "coordinates": [-91.4872824, 41.2000294]}, "properties": {"plot_id": "Crawfordsville-4352-22-4", "site_id": "Crawfordsville", "year": 2022, "actual": 156.13, "pred_records": 45.3, "resid_records": 110.8, "pred_tp1": 111.0, "resid_tp1": 45.1, "pred_tp2": 129.7, "resid_tp2": 26.5, "pred_tp3": 132.4, "resid_tp3": 23.7, "pred_tp4": 95.2, "resid_tp4": 60.9, "pred_tp5": 84.8, "resid_tp5": 71.3, "pred_tp6": 81.8, "resid_tp6": 74.3}}, {"type": "Feature", "geometry": {"type": "Point", "coordinates": [-91.4872466, 41.2000289]}, "properties": {"plot_id": "Crawfordsville-4352-22-5", "site_id": "Crawfordsville", "year": 2022, "actual": 165.77, "pred_records": 45.3, "resid_records": 120.5, "pred_tp1": 109.2, "resid_tp1": 56.6, "pred_tp2": 126.5, "resid_tp2": 39.2, "pred_tp3": 138.3, "resid_tp3": 27.5, "pred_tp4": 98.5, "resid_tp4": 67.2, "pred_tp5": 95.2, "resid_tp5": 70.6, "pred_tp6": 88.3, "resid_tp6": 77.5}}, {"type": "Feature", "geometry": {"type": "Point", "coordinates": [-91.4872108, 41.2000285]}, "properties": {"plot_id": "Crawfordsville-4352-22-6", "site_id": "Crawfordsville", "year": 2022, "actual": 155.78, "pred_records": 52.9, "resid_records": 102.9, "pred_tp1": 111.4, "resid_tp1": 44.4, "pred_tp2": 133.4, "resid_tp2": 22.4, "pred_tp3": 145.9, "resid_tp3": 9.9, "pred_tp4": 91.4, "resid_tp4": 64.3, "pred_tp5": 79.2, "resid_tp5": 76.5, "pred_tp6": 86.0, "resid_tp6": 69.8}}, {"type": "Feature", "geometry": {"type": "Point", "coordinates": [-91.487175, 41.2000293]}, "properties": {"plot_id": "Crawfordsville-4352-22-7", "site_id": "Crawfordsville", "year": 2022, "actual": 170.44, "pred_records": 45.3, "resid_records": 125.2, "pred_tp1": 118.0, "resid_tp1": 52.5, "pred_tp2": 133.9, "resid_tp2": 36.5, "pred_tp3": 142.3, "resid_tp3": 28.1, "pred_tp4": 95.4, "resid_tp4": 75.0, "pred_tp5": 85.5, "resid_tp5": 85.0, "pred_tp6": 77.7, "resid_tp6": 92.8}}, {"type": "Feature", "geometry": {"type": "Point", "coordinates": [-91.4871017, 41.2000284]}, "properties": {"plot_id": "Crawfordsville-4352-22-9", "site_id": "Crawfordsville", "year": 2022, "actual": 149.61, "pred_records": 45.3, "resid_records": 104.3, "pred_tp1": 112.9, "resid_tp1": 36.8, "pred_tp2": 135.3, "resid_tp2": 14.3, "pred_tp3": 137.9, "resid_tp3": 11.7, "pred_tp4": 94.2, "resid_tp4": 55.5, "pred_tp5": 93.8, "resid_tp5": 55.9, "pred_tp6": 81.9, "resid_tp6": 67.7}}, {"type": "Feature", "geometry": {"type": "Point", "coordinates": [-91.4873562, 41.2000858]}, "properties": {"plot_id": "Crawfordsville-4352-23-2", "site_id": "Crawfordsville", "year": 2022, "actual": 154.81, "pred_records": 45.3, "resid_records": 109.5, "pred_tp1": 121.5, "resid_tp1": 33.3, "pred_tp2": 130.3, "resid_tp2": 24.5, "pred_tp3": 129.7, "resid_tp3": 25.1, "pred_tp4": 96.1, "resid_tp4": 58.7, "pred_tp5": 89.4, "resid_tp5": 65.4, "pred_tp6": 81.3, "resid_tp6": 73.5}}, {"type": "Feature", "geometry": {"type": "Point", "coordinates": [-91.4873186, 41.2000853]}, "properties": {"plot_id": "Crawfordsville-4352-23-3", "site_id": "Crawfordsville", "year": 2022, "actual": 191.1, "pred_records": 45.3, "resid_records": 145.8, "pred_tp1": 105.7, "resid_tp1": 85.4, "pred_tp2": 126.1, "resid_tp2": 65.0, "pred_tp3": 126.3, "resid_tp3": 64.8, "pred_tp4": 90.6, "resid_tp4": 100.5, "pred_tp5": 77.3, "resid_tp5": 113.8, "pred_tp6": 76.6, "resid_tp6": 114.5}}, {"type": "Feature", "geometry": {"type": "Point", "coordinates": [-91.4872829, 41.2000848]}, "properties": {"plot_id": "Crawfordsville-4352-23-4", "site_id": "Crawfordsville", "year": 2022, "actual": 162.69, "pred_records": 58.8, "resid_records": 103.8, "pred_tp1": 113.7, "resid_tp1": 49.0, "pred_tp2": 127.5, "resid_tp2": 35.2, "pred_tp3": 144.3, "resid_tp3": 18.4, "pred_tp4": 100.9, "resid_tp4": 61.8, "pred_tp5": 102.8, "resid_tp5": 59.9, "pred_tp6": 95.9, "resid_tp6": 66.8}}, {"type": "Feature", "geometry": {"type": "Point", "coordinates": [-91.4872471, 41.2000843]}, "properties": {"plot_id": "Crawfordsville-4352-23-5", "site_id": "Crawfordsville", "year": 2022, "actual": 205.17, "pred_records": 77.5, "resid_records": 127.7, "pred_tp1": 131.1, "resid_tp1": 74.1, "pred_tp2": 145.2, "resid_tp2": 59.9, "pred_tp3": 152.9, "resid_tp3": 52.2, "pred_tp4": 108.3, "resid_tp4": 96.9, "pred_tp5": 101.3, "resid_tp5": 103.9, "pred_tp6": 94.3, "resid_tp6": 110.9}}, {"type": "Feature", "geometry": {"type": "Point", "coordinates": [-91.4872096, 41.2000838]}, "properties": {"plot_id": "Crawfordsville-4352-23-6", "site_id": "Crawfordsville", "year": 2022, "actual": 152.71, "pred_records": 45.3, "resid_records": 107.4, "pred_tp1": 116.1, "resid_tp1": 36.6, "pred_tp2": 130.0, "resid_tp2": 22.8, "pred_tp3": 134.1, "resid_tp3": 18.6, "pred_tp4": 93.6, "resid_tp4": 59.1, "pred_tp5": 87.4, "resid_tp5": 65.3, "pred_tp6": 87.1, "resid_tp6": 65.6}}, {"type": "Feature", "geometry": {"type": "Point", "coordinates": [-91.4871738, 41.2000834]}, "properties": {"plot_id": "Crawfordsville-4352-23-7", "site_id": "Crawfordsville", "year": 2022, "actual": 158.19, "pred_records": 45.3, "resid_records": 112.9, "pred_tp1": 107.7, "resid_tp1": 50.5, "pred_tp2": 129.8, "resid_tp2": 28.4, "pred_tp3": 134.5, "resid_tp3": 23.7, "pred_tp4": 94.2, "resid_tp4": 63.9, "pred_tp5": 81.1, "resid_tp5": 77.1, "pred_tp6": 82.0, "resid_tp6": 76.2}}, {"type": "Feature", "geometry": {"type": "Point", "coordinates": [-91.487138, 41.2000843]}, "properties": {"plot_id": "Crawfordsville-4352-23-8", "site_id": "Crawfordsville", "year": 2022, "actual": 165.32, "pred_records": 36.9, "resid_records": 128.4, "pred_tp1": 117.3, "resid_tp1": 48.0, "pred_tp2": 134.7, "resid_tp2": 30.6, "pred_tp3": 143.7, "resid_tp3": 21.7, "pred_tp4": 102.5, "resid_tp4": 62.8, "pred_tp5": 98.0, "resid_tp5": 67.3, "pred_tp6": 103.4, "resid_tp6": 62.0}}, {"type": "Feature", "geometry": {"type": "Point", "coordinates": [-91.4871022, 41.2000838]}, "properties": {"plot_id": "Crawfordsville-4352-23-9", "site_id": "Crawfordsville", "year": 2022, "actual": 182.48, "pred_records": 45.3, "resid_records": 137.2, "pred_tp1": 119.3, "resid_tp1": 63.2, "pred_tp2": 130.1, "resid_tp2": 52.4, "pred_tp3": 138.3, "resid_tp3": 44.2, "pred_tp4": 98.2, "resid_tp4": 84.2, "pred_tp5": 94.0, "resid_tp5": 88.4, "pred_tp6": 86.6, "resid_tp6": 95.9}}, {"type": "Feature", "geometry": {"type": "Point", "coordinates": [-91.4873635, 41.1989901]}, "properties": {"plot_id": "Crawfordsville-4352-3-2", "site_id": "Crawfordsville", "year": 2022, "actual": 148.93, "pred_records": 45.3, "resid_records": 103.6, "pred_tp1": 116.2, "resid_tp1": 32.7, "pred_tp2": 133.4, "resid_tp2": 15.5, "pred_tp3": 141.6, "resid_tp3": 7.4, "pred_tp4": 92.6, "resid_tp4": 56.4, "pred_tp5": 83.7, "resid_tp5": 65.2, "pred_tp6": 74.2, "resid_tp6": 74.7}}, {"type": "Feature", "geometry": {"type": "Point", "coordinates": [-91.4873278, 41.1989896]}, "properties": {"plot_id": "Crawfordsville-4352-3-3", "site_id": "Crawfordsville", "year": 2022, "actual": 152.82, "pred_records": 77.5, "resid_records": 75.3, "pred_tp1": 125.4, "resid_tp1": 27.4, "pred_tp2": 143.9, "resid_tp2": 8.9, "pred_tp3": 154.1, "resid_tp3": -1.2, "pred_tp4": 94.2, "resid_tp4": 58.6, "pred_tp5": 95.4, "resid_tp5": 57.5, "pred_tp6": 86.9, "resid_tp6": 65.9}}, {"type": "Feature", "geometry": {"type": "Point", "coordinates": [-91.487292, 41.1989892]}, "properties": {"plot_id": "Crawfordsville-4352-3-4", "site_id": "Crawfordsville", "year": 2022, "actual": 153.03, "pred_records": 38.5, "resid_records": 114.5, "pred_tp1": 110.3, "resid_tp1": 42.7, "pred_tp2": 123.5, "resid_tp2": 29.5, "pred_tp3": 129.9, "resid_tp3": 23.1, "pred_tp4": 84.5, "resid_tp4": 68.6, "pred_tp5": 79.5, "resid_tp5": 73.6, "pred_tp6": 73.1, "resid_tp6": 79.9}}, {"type": "Feature", "geometry": {"type": "Point", "coordinates": [-91.4872545, 41.1989887]}, "properties": {"plot_id": "Crawfordsville-4352-3-5", "site_id": "Crawfordsville", "year": 2022, "actual": 154.26, "pred_records": 45.3, "resid_records": 109.0, "pred_tp1": 117.2, "resid_tp1": 37.1, "pred_tp2": 123.3, "resid_tp2": 31.0, "pred_tp3": 137.7, "resid_tp3": 16.6, "pred_tp4": 93.6, "resid_tp4": 60.6, "pred_tp5": 80.2, "resid_tp5": 74.0, "pred_tp6": 75.2, "resid_tp6": 79.1}}, {"type": "Feature", "geometry": {"type": "Point", "coordinates": [-91.4872187, 41.1989882]}, "properties": {"plot_id": "Crawfordsville-4352-3-6", "site_id": "Crawfordsville", "year": 2022, "actual": 171.69, "pred_records": 45.3, "resid_records": 126.4, "pred_tp1": 122.2, "resid_tp1": 49.5, "pred_tp2": 134.3, "resid_tp2": 37.4, "pred_tp3": 139.3, "resid_tp3": 32.4, "pred_tp4": 93.5, "resid_tp4": 78.2, "pred_tp5": 82.8, "resid_tp5": 88.9, "pred_tp6": 74.3, "resid_tp6": 97.4}}, {"type": "Feature", "geometry": {"type": "Point", "coordinates": [-91.4871829, 41.1989877]}, "properties": {"plot_id": "Crawfordsville-4352-3-7", "site_id": "Crawfordsville", "year": 2022, "actual": 158.79, "pred_records": 45.3, "resid_records": 113.5, "pred_tp1": 120.9, "resid_tp1": 37.9, "pred_tp2": 127.3, "resid_tp2": 31.4, "pred_tp3": 132.4, "resid_tp3": 26.4, "pred_tp4": 100.0, "resid_tp4": 58.8, "pred_tp5": 93.1, "resid_tp5": 65.7, "pred_tp6": 77.7, "resid_tp6": 81.1}}, {"type": "Feature", "geometry": {"type": "Point", "coordinates": [-91.4871454, 41.1989872]}, "properties": {"plot_id": "Crawfordsville-4352-3-8", "site_id": "Crawfordsville", "year": 2022, "actual": 167.04, "pred_records": 45.3, "resid_records": 121.8, "pred_tp1": 108.9, "resid_tp1": 58.2, "pred_tp2": 127.9, "resid_tp2": 39.1, "pred_tp3": 128.1, "resid_tp3": 39.0, "pred_tp4": 98.1, "resid_tp4": 69.0, "pred_tp5": 80.7, "resid_tp5": 86.3, "pred_tp6": 77.3, "resid_tp6": 89.7}}, {"type": "Feature", "geometry": {"type": "Point", "coordinates": [-91.4871096, 41.1989868]}, "properties": {"plot_id": "Crawfordsville-4352-3-9", "site_id": "Crawfordsville", "year": 2022, "actual": 87.57, "pred_records": 26.0, "resid_records": 61.6, "pred_tp1": 88.3, "resid_tp1": -0.7, "pred_tp2": 124.7, "resid_tp2": -37.1, "pred_tp3": 123.6, "resid_tp3": -36.0, "pred_tp4": 83.8, "resid_tp4": 3.8, "pred_tp5": 68.6, "resid_tp5": 18.9, "pred_tp6": 68.9, "resid_tp6": 18.7}}, {"type": "Feature", "geometry": {"type": "Point", "coordinates": [-91.4873623, 41.1990441]}, "properties": {"plot_id": "Crawfordsville-4352-4-2", "site_id": "Crawfordsville", "year": 2022, "actual": 131.24, "pred_records": 45.3, "resid_records": 86.0, "pred_tp1": 121.4, "resid_tp1": 9.8, "pred_tp2": 135.3, "resid_tp2": -4.0, "pred_tp3": 138.7, "resid_tp3": -7.5, "pred_tp4": 93.4, "resid_tp4": 37.8, "pred_tp5": 87.0, "resid_tp5": 44.2, "pred_tp6": 78.7, "resid_tp6": 52.6}}, {"type": "Feature", "geometry": {"type": "Point", "coordinates": [-91.4873265, 41.1990437]}, "properties": {"plot_id": "Crawfordsville-4352-4-3", "site_id": "Crawfordsville", "year": 2022, "actual": 191.36, "pred_records": 45.3, "resid_records": 146.1, "pred_tp1": 125.2, "resid_tp1": 66.1, "pred_tp2": 133.3, "resid_tp2": 58.1, "pred_tp3": 132.3, "resid_tp3": 59.1, "pred_tp4": 92.6, "resid_tp4": 98.8, "pred_tp5": 89.2, "resid_tp5": 102.2, "pred_tp6": 76.7, "resid_tp6": 114.7}}, {"type": "Feature", "geometry": {"type": "Point", "coordinates": [-91.4872908, 41.1990432]}, "properties": {"plot_id": "Crawfordsville-4352-4-4", "site_id": "Crawfordsville", "year": 2022, "actual": 160.94, "pred_records": 45.3, "resid_records": 115.7, "pred_tp1": 115.2, "resid_tp1": 45.8, "pred_tp2": 132.3, "resid_tp2": 28.7, "pred_tp3": 133.3, "resid_tp3": 27.7, "pred_tp4": 94.7, "resid_tp4": 66.3, "pred_tp5": 92.9, "resid_tp5": 68.0, "pred_tp6": 82.3, "resid_tp6": 78.7}}, {"type": "Feature", "geometry": {"type": "Point", "coordinates": [-91.487255, 41.1990427]}, "properties": {"plot_id": "Crawfordsville-4352-4-5", "site_id": "Crawfordsville", "year": 2022, "actual": 145.87, "pred_records": 45.3, "resid_records": 100.6, "pred_tp1": 114.9, "resid_tp1": 30.9, "pred_tp2": 125.2, "resid_tp2": 20.6, "pred_tp3": 130.8, "resid_tp3": 15.1, "pred_tp4": 90.7, "resid_tp4": 55.2, "pred_tp5": 80.0, "resid_tp5": 65.8, "pred_tp6": 78.9, "resid_tp6": 67.0}}, {"type": "Feature", "geometry": {"type": "Point", "coordinates": [-91.4872192, 41.1990423]}, "properties": {"plot_id": "Crawfordsville-4352-4-6", "site_id": "Crawfordsville", "year": 2022, "actual": 154.19, "pred_records": 45.3, "resid_records": 108.9, "pred_tp1": 115.0, "resid_tp1": 39.2, "pred_tp2": 126.6, "resid_tp2": 27.6, "pred_tp3": 132.4, "resid_tp3": 21.7, "pred_tp4": 101.3, "resid_tp4": 52.9, "pred_tp5": 94.0, "resid_tp5": 60.2, "pred_tp6": 81.4, "resid_tp6": 72.8}}, {"type": "Feature", "geometry": {"type": "Point", "coordinates": [-91.4871817, 41.1990418]}, "properties": {"plot_id": "Crawfordsville-4352-4-7", "site_id": "Crawfordsville", "year": 2022, "actual": 123.82, "pred_records": 26.0, "resid_records": 97.8, "pred_tp1": 103.8, "resid_tp1": 20.0, "pred_tp2": 118.4, "resid_tp2": 5.4, "pred_tp3": 126.0, "resid_tp3": -2.2, "pred_tp4": 85.5, "resid_tp4": 38.3, "pred_tp5": 85.6, "resid_tp5": 38.2, "pred_tp6": 75.2, "resid_tp6": 48.6}}, {"type": "Feature", "geometry": {"type": "Point", "coordinates": [-91.4871459, 41.1990413]}, "properties": {"plot_id": "Crawfordsville-4352-4-8", "site_id": "Crawfordsville", "year": 2022, "actual": 126.68, "pred_records": 45.3, "resid_records": 81.4, "pred_tp1": 116.8, "resid_tp1": 9.9, "pred_tp2": 131.5, "resid_tp2": -4.8, "pred_tp3": 132.7, "resid_tp3": -6.0, "pred_tp4": 88.7, "resid_tp4": 38.0, "pred_tp5": 89.4, "resid_tp5": 37.3, "pred_tp6": 76.0, "resid_tp6": 50.6}}, {"type": "Feature", "geometry": {"type": "Point", "coordinates": [-91.4871101, 41.1990408]}, "properties": {"plot_id": "Crawfordsville-4352-4-9", "site_id": "Crawfordsville", "year": 2022, "actual": 151.61, "pred_records": 45.3, "resid_records": 106.3, "pred_tp1": 124.1, "resid_tp1": 27.5, "pred_tp2": 133.0, "resid_tp2": 18.6, "pred_tp3": 134.5, "resid_tp3": 17.2, "pred_tp4": 91.4, "resid_tp4": 60.2, "pred_tp5": 82.4, "resid_tp5": 69.3, "pred_tp6": 86.5, "resid_tp6": 65.1}}, {"type": "Feature", "geometry": {"type": "Point", "coordinates": [-91.4873628, 41.1990982]}, "properties": {"plot_id": "Crawfordsville-4352-5-2", "site_id": "Crawfordsville", "year": 2022, "actual": 146.85, "pred_records": 45.3, "resid_records": 101.6, "pred_tp1": 123.7, "resid_tp1": 23.2, "pred_tp2": 132.2, "resid_tp2": 14.7, "pred_tp3": 149.9, "resid_tp3": -3.1, "pred_tp4": 95.9, "resid_tp4": 50.9, "pred_tp5": 86.8, "resid_tp5": 60.1, "pred_tp6": 82.8, "resid_tp6": 64.0}}, {"type": "Feature", "geometry": {"type": "Point", "coordinates": [-91.4872895, 41.1990972]}, "properties": {"plot_id": "Crawfordsville-4352-5-4", "site_id": "Crawfordsville", "year": 2022, "actual": 171.33, "pred_records": 45.3, "resid_records": 126.0, "pred_tp1": 128.6, "resid_tp1": 42.7, "pred_tp2": 132.2, "resid_tp2": 39.1, "pred_tp3": 140.2, "resid_tp3": 31.1, "pred_tp4": 92.0, "resid_tp4": 79.3, "pred_tp5": 88.7, "resid_tp5": 82.6, "pred_tp6": 86.4, "resid_tp6": 84.9}}, {"type": "Feature", "geometry": {"type": "Point", "coordinates": [-91.4872538, 41.1990968]}, "properties": {"plot_id": "Crawfordsville-4352-5-5", "site_id": "Crawfordsville", "year": 2022, "actual": 167.42, "pred_records": 45.3, "resid_records": 122.1, "pred_tp1": 119.3, "resid_tp1": 48.1, "pred_tp2": 138.5, "resid_tp2": 28.9, "pred_tp3": 151.9, "resid_tp3": 15.5, "pred_tp4": 86.3, "resid_tp4": 81.1, "pred_tp5": 79.7, "resid_tp5": 87.7, "pred_tp6": 87.1, "resid_tp6": 80.3}}, {"type": "Feature", "geometry": {"type": "Point", "coordinates": [-91.487218, 41.1990963]}, "properties": {"plot_id": "Crawfordsville-4352-5-6", "site_id": "Crawfordsville", "year": 2022, "actual": 126.22, "pred_records": 26.6, "resid_records": 99.6, "pred_tp1": 98.0, "resid_tp1": 28.2, "pred_tp2": 116.6, "resid_tp2": 9.7, "pred_tp3": 120.4, "resid_tp3": 5.9, "pred_tp4": 70.6, "resid_tp4": 55.6, "pred_tp5": 80.4, "resid_tp5": 45.8, "pred_tp6": 72.0, "resid_tp6": 54.3}}, {"type": "Feature", "geometry": {"type": "Point", "coordinates": [-91.4871822, 41.1990958]}, "properties": {"plot_id": "Crawfordsville-4352-5-7", "site_id": "Crawfordsville", "year": 2022, "actual": 160.33, "pred_records": 58.8, "resid_records": 101.5, "pred_tp1": 109.4, "resid_tp1": 51.0, "pred_tp2": 127.4, "resid_tp2": 32.9, "pred_tp3": 139.4, "resid_tp3": 20.9, "pred_tp4": 97.9, "resid_tp4": 62.4, "pred_tp5": 98.5, "resid_tp5": 61.8, "pred_tp6": 91.2, "resid_tp6": 69.1}}, {"type": "Feature", "geometry": {"type": "Point", "coordinates": [-91.4871465, 41.1990953]}, "properties": {"plot_id": "Crawfordsville-4352-5-8", "site_id": "Crawfordsville", "year": 2022, "actual": 141.2, "pred_records": 45.3, "resid_records": 95.9, "pred_tp1": 106.5, "resid_tp1": 34.7, "pred_tp2": 125.9, "resid_tp2": 15.3, "pred_tp3": 135.9, "resid_tp3": 5.3, "pred_tp4": 92.6, "resid_tp4": 48.6, "pred_tp5": 86.5, "resid_tp5": 54.7, "pred_tp6": 86.6, "resid_tp6": 54.6}}, {"type": "Feature", "geometry": {"type": "Point", "coordinates": [-91.4871089, 41.1990948]}, "properties": {"plot_id": "Crawfordsville-4352-5-9", "site_id": "Crawfordsville", "year": 2022, "actual": 170.48, "pred_records": 45.3, "resid_records": 125.2, "pred_tp1": 102.7, "resid_tp1": 67.8, "pred_tp2": 119.8, "resid_tp2": 50.7, "pred_tp3": 134.4, "resid_tp3": 36.1, "pred_tp4": 92.4, "resid_tp4": 78.1, "pred_tp5": 79.0, "resid_tp5": 91.5, "pred_tp6": 74.6, "resid_tp6": 95.9}}, {"type": "Feature", "geometry": {"type": "Point", "coordinates": [-91.4873616, 41.1991536]}, "properties": {"plot_id": "Crawfordsville-4352-6-2", "site_id": "Crawfordsville", "year": 2022, "actual": 114.9, "pred_records": 45.3, "resid_records": 69.6, "pred_tp1": 123.2, "resid_tp1": -8.3, "pred_tp2": 128.6, "resid_tp2": -13.7, "pred_tp3": 148.2, "resid_tp3": -33.3, "pred_tp4": 93.3, "resid_tp4": 21.6, "pred_tp5": 83.8, "resid_tp5": 31.1, "pred_tp6": 86.1, "resid_tp6": 28.8}}, {"type": "Feature", "geometry": {"type": "Point", "coordinates": [-91.4873258, 41.1991531]}, "properties": {"plot_id": "Crawfordsville-4352-6-3", "site_id": "Crawfordsville", "year": 2022, "actual": 190.78, "pred_records": 45.3, "resid_records": 145.5, "pred_tp1": 118.0, "resid_tp1": 72.8, "pred_tp2": 129.7, "resid_tp2": 61.1, "pred_tp3": 132.5, "resid_tp3": 58.3, "pred_tp4": 89.6, "resid_tp4": 101.2, "pred_tp5": 79.2, "resid_tp5": 111.6, "pred_tp6": 78.3, "resid_tp6": 112.5}}, {"type": "Feature", "geometry": {"type": "Point", "coordinates": [-91.48729, 41.1991526]}, "properties": {"plot_id": "Crawfordsville-4352-6-4", "site_id": "Crawfordsville", "year": 2022, "actual": 154.52, "pred_records": 45.3, "resid_records": 109.2, "pred_tp1": 122.7, "resid_tp1": 31.8, "pred_tp2": 123.8, "resid_tp2": 30.8, "pred_tp3": 138.3, "resid_tp3": 16.2, "pred_tp4": 92.1, "resid_tp4": 62.4, "pred_tp5": 86.2, "resid_tp5": 68.4, "pred_tp6": 84.1, "resid_tp6": 70.4}}, {"type": "Feature", "geometry": {"type": "Point", "coordinates": [-91.4872525, 41.1991521]}, "properties": {"plot_id": "Crawfordsville-4352-6-5", "site_id": "Crawfordsville", "year": 2022, "actual": 148.28, "pred_records": 45.3, "resid_records": 103.0, "pred_tp1": 107.0, "resid_tp1": 41.3, "pred_tp2": 125.6, "resid_tp2": 22.7, "pred_tp3": 138.6, "resid_tp3": 9.7, "pred_tp4": 92.9, "resid_tp4": 55.3, "pred_tp5": 83.1, "resid_tp5": 65.2, "pred_tp6": 84.2, "resid_tp6": 64.1}}, {"type": "Feature", "geometry": {"type": "Point", "coordinates": [-91.4871452, 41.1991507]}, "properties": {"plot_id": "Crawfordsville-4352-6-8", "site_id": "Crawfordsville", "year": 2022, "actual": 140.36, "pred_records": 45.3, "resid_records": 95.1, "pred_tp1": 113.4, "resid_tp1": 27.0, "pred_tp2": 131.0, "resid_tp2": 9.4, "pred_tp3": 132.2, "resid_tp3": 8.2, "pred_tp4": 91.5, "resid_tp4": 48.8, "pred_tp5": 86.8, "resid_tp5": 53.6, "pred_tp6": 83.0, "resid_tp6": 57.3}}, {"type": "Feature", "geometry": {"type": "Point", "coordinates": [-91.4871094, 41.1991503]}, "properties": {"plot_id": "Crawfordsville-4352-6-9", "site_id": "Crawfordsville", "year": 2022, "actual": 195.59, "pred_records": 45.3, "resid_records": 150.3, "pred_tp1": 121.9, "resid_tp1": 73.7, "pred_tp2": 135.2, "resid_tp2": 60.4, "pred_tp3": 143.1, "resid_tp3": 52.5, "pred_tp4": 95.6, "resid_tp4": 100.0, "pred_tp5": 91.0, "resid_tp5": 104.6, "pred_tp6": 86.7, "resid_tp6": 108.9}}, {"type": "Feature", "geometry": {"type": "Point", "coordinates": [-91.4873621, 41.199209]}, "properties": {"plot_id": "Crawfordsville-4352-7-2", "site_id": "Crawfordsville", "year": 2022, "actual": 131.06, "pred_records": 36.8, "resid_records": 94.2, "pred_tp1": 122.2, "resid_tp1": 8.8, "pred_tp2": 136.7, "resid_tp2": -5.6, "pred_tp3": 143.2, "resid_tp3": -12.2, "pred_tp4": 96.3, "resid_tp4": 34.8, "pred_tp5": 89.2, "resid_tp5": 41.8, "pred_tp6": 85.8, "resid_tp6": 45.3}}, {"type": "Feature", "geometry": {"type": "Point", "coordinates": [-91.4873263, 41.1992085]}, "properties": {"plot_id": "Crawfordsville-4352-7-3", "site_id": "Crawfordsville", "year": 2022, "actual": 178.65, "pred_records": 45.3, "resid_records": 133.4, "pred_tp1": 122.0, "resid_tp1": 56.7, "pred_tp2": 128.6, "resid_tp2": 50.1, "pred_tp3": 140.4, "resid_tp3": 38.2, "pred_tp4": 92.7, "resid_tp4": 86.0, "pred_tp5": 82.6, "resid_tp5": 96.1, "pred_tp6": 85.2, "resid_tp6": 93.5}}, {"type": "Feature", "geometry": {"type": "Point", "coordinates": [-91.4872888, 41.199208]}, "properties": {"plot_id": "Crawfordsville-4352-7-4", "site_id": "Crawfordsville", "year": 2022, "actual": 179.08, "pred_records": 45.3, "resid_records": 133.8, "pred_tp1": 117.4, "resid_tp1": 61.7, "pred_tp2": 126.6, "resid_tp2": 52.4, "pred_tp3": 144.1, "resid_tp3": 35.0, "pred_tp4": 91.3, "resid_tp4": 87.8, "pred_tp5": 87.0, "resid_tp5": 92.1, "pred_tp6": 87.6, "resid_tp6": 91.5}}, {"type": "Feature", "geometry": {"type": "Point", "coordinates": [-91.487253, 41.1992075]}, "properties": {"plot_id": "Crawfordsville-4352-7-5", "site_id": "Crawfordsville", "year": 2022, "actual": 184.86, "pred_records": 45.3, "resid_records": 139.6, "pred_tp1": 122.0, "resid_tp1": 62.9, "pred_tp2": 131.8, "resid_tp2": 53.0, "pred_tp3": 144.0, "resid_tp3": 40.9, "pred_tp4": 93.9, "resid_tp4": 91.0, "pred_tp5": 86.0, "resid_tp5": 98.8, "pred_tp6": 86.2, "resid_tp6": 98.6}}, {"type": "Feature", "geometry": {"type": "Point", "coordinates": [-91.4872172, 41.1992071]}, "properties": {"plot_id": "Crawfordsville-4352-7-6", "site_id": "Crawfordsville", "year": 2022, "actual": 221.71, "pred_records": 97.8, "resid_records": 123.9, "pred_tp1": 136.3, "resid_tp1": 85.4, "pred_tp2": 144.6, "resid_tp2": 77.1, "pred_tp3": 157.9, "resid_tp3": 63.8, "pred_tp4": 107.0, "resid_tp4": 114.7, "pred_tp5": 101.9, "resid_tp5": 119.8, "pred_tp6": 96.7, "resid_tp6": 125.0}}, {"type": "Feature", "geometry": {"type": "Point", "coordinates": [-91.4871815, 41.1992066]}, "properties": {"plot_id": "Crawfordsville-4352-7-7", "site_id": "Crawfordsville", "year": 2022, "actual": 155.62, "pred_records": 59.2, "resid_records": 96.5, "pred_tp1": 108.0, "resid_tp1": 47.6, "pred_tp2": 127.8, "resid_tp2": 27.9, "pred_tp3": 141.3, "resid_tp3": 14.3, "pred_tp4": 95.8, "resid_tp4": 59.9, "pred_tp5": 89.4, "resid_tp5": 66.3, "pred_tp6": 85.9, "resid_tp6": 69.7}}, {"type": "Feature", "geometry": {"type": "Point", "coordinates": [-91.4871439, 41.1992061]}, "properties": {"plot_id": "Crawfordsville-4352-7-8", "site_id": "Crawfordsville", "year": 2022, "actual": 134.92, "pred_records": 45.3, "resid_records": 89.6, "pred_tp1": 117.7, "resid_tp1": 17.2, "pred_tp2": 129.5, "resid_tp2": 5.4, "pred_tp3": 147.0, "resid_tp3": -12.1, "pred_tp4": 93.7, "resid_tp4": 41.2, "pred_tp5": 83.3, "resid_tp5": 51.7, "pred_tp6": 83.1, "resid_tp6": 51.9}}, {"type": "Feature", "geometry": {"type": "Point", "coordinates": [-91.4871081, 41.1992056]}, "properties": {"plot_id": "Crawfordsville-4352-7-9", "site_id": "Crawfordsville", "year": 2022, "actual": 163.12, "pred_records": 45.3, "resid_records": 117.8, "pred_tp1": 114.1, "resid_tp1": 49.0, "pred_tp2": 131.7, "resid_tp2": 31.5, "pred_tp3": 148.8, "resid_tp3": 14.3, "pred_tp4": 94.4, "resid_tp4": 68.7, "pred_tp5": 88.9, "resid_tp5": 74.2, "pred_tp6": 84.3, "resid_tp6": 78.8}}, {"type": "Feature", "geometry": {"type": "Point", "coordinates": [-91.4873608, 41.199263]}, "properties": {"plot_id": "Crawfordsville-4352-8-2", "site_id": "Crawfordsville", "year": 2022, "actual": 162.12, "pred_records": 39.0, "resid_records": 123.1, "pred_tp1": 120.5, "resid_tp1": 41.6, "pred_tp2": 139.4, "resid_tp2": 22.7, "pred_tp3": 149.4, "resid_tp3": 12.8, "pred_tp4": 103.2, "resid_tp4": 58.9, "pred_tp5": 95.8, "resid_tp5": 66.4, "pred_tp6": 98.0, "resid_tp6": 64.1}}, {"type": "Feature", "geometry": {"type": "Point", "coordinates": [-91.4873251, 41.1992625]}, "properties": {"plot_id": "Crawfordsville-4352-8-3", "site_id": "Crawfordsville", "year": 2022, "actual": 196.28, "pred_records": 36.9, "resid_records": 159.4, "pred_tp1": 125.4, "resid_tp1": 70.8, "pred_tp2": 130.7, "resid_tp2": 65.6, "pred_tp3": 149.5, "resid_tp3": 46.8, "pred_tp4": 104.1, "resid_tp4": 92.2, "pred_tp5": 97.7, "resid_tp5": 98.6, "pred_tp6": 95.9, "resid_tp6": 100.3}}, {"type": "Feature", "geometry": {"type": "Point", "coordinates": [-91.4872893, 41.1992621]}, "properties": {"plot_id": "Crawfordsville-4352-8-4", "site_id": "Crawfordsville", "year": 2022, "actual": 136.45, "pred_records": 10.9, "resid_records": 125.6, "pred_tp1": 99.0, "resid_tp1": 37.4, "pred_tp2": 106.5, "resid_tp2": 30.0, "pred_tp3": 118.8, "resid_tp3": 17.6, "pred_tp4": 73.7, "resid_tp4": 62.8, "pred_tp5": 76.0, "resid_tp5": 60.5, "pred_tp6": 75.8, "resid_tp6": 60.7}}, {"type": "Feature", "geometry": {"type": "Point", "coordinates": [-91.4872535, 41.1992616]}, "properties": {"plot_id": "Crawfordsville-4352-8-5", "site_id": "Crawfordsville", "year": 2022, "actual": 131.24, "pred_records": 41.7, "resid_records": 89.5, "pred_tp1": 95.2, "resid_tp1": 36.1, "pred_tp2": 111.9, "resid_tp2": 19.3, "pred_tp3": 124.1, "resid_tp3": 7.2, "pred_tp4": 87.9, "resid_tp4": 43.3, "pred_tp5": 78.3, "resid_tp5": 52.9, "pred_tp6": 80.2, "resid_tp6": 51.0}}, {"type": "Feature", "geometry": {"type": "Point", "coordinates": [-91.4872178, 41.1992611]}, "properties": {"plot_id": "Crawfordsville-4352-8-6", "site_id": "Crawfordsville", "year": 2022, "actual": 178.82, "pred_records": 45.3, "resid_records": 133.5, "pred_tp1": 112.5, "resid_tp1": 66.3, "pred_tp2": 121.7, "resid_tp2": 57.1, "pred_tp3": 132.6, "resid_tp3": 46.2, "pred_tp4": 93.3, "resid_tp4": 85.5, "pred_tp5": 77.7, "resid_tp5": 101.1, "pred_tp6": 76.5, "resid_tp6": 102.4}}, {"type": "Feature", "geometry": {"type": "Point", "coordinates": [-91.4871802, 41.1992606]}, "properties": {"plot_id": "Crawfordsville-4352-8-7", "site_id": "Crawfordsville", "year": 2022, "actual": 210.78, "pred_records": 71.7, "resid_records": 139.0, "pred_tp1": 133.4, "resid_tp1": 77.4, "pred_tp2": 135.2, "resid_tp2": 75.6, "pred_tp3": 148.6, "resid_tp3": 62.2, "pred_tp4": 97.7, "resid_tp4": 113.1, "pred_tp5": 98.6, "resid_tp5": 112.1, "pred_tp6": 95.3, "resid_tp6": 115.5}}, {"type": "Feature", "geometry": {"type": "Point", "coordinates": [-91.4871444, 41.1992602]}, "properties": {"plot_id": "Crawfordsville-4352-8-8", "site_id": "Crawfordsville", "year": 2022, "actual": 134.0, "pred_records": 45.3, "resid_records": 88.7, "pred_tp1": 118.2, "resid_tp1": 15.8, "pred_tp2": 127.1, "resid_tp2": 6.9, "pred_tp3": 128.8, "resid_tp3": 5.2, "pred_tp4": 91.1, "resid_tp4": 42.9, "pred_tp5": 81.2, "resid_tp5": 52.8, "pred_tp6": 76.2, "resid_tp6": 57.8}}, {"type": "Feature", "geometry": {"type": "Point", "coordinates": [-91.4871087, 41.1992597]}, "properties": {"plot_id": "Crawfordsville-4352-8-9", "site_id": "Crawfordsville", "year": 2022, "actual": 139.04, "pred_records": 45.3, "resid_records": 93.8, "pred_tp1": 109.3, "resid_tp1": 29.7, "pred_tp2": 129.3, "resid_tp2": 9.8, "pred_tp3": 129.6, "resid_tp3": 9.4, "pred_tp4": 95.3, "resid_tp4": 43.7, "pred_tp5": 77.4, "resid_tp5": 61.6, "pred_tp6": 82.6, "resid_tp6": 56.4}}, {"type": "Feature", "geometry": {"type": "Point", "coordinates": [-91.4873238, 41.1993179]}, "properties": {"plot_id": "Crawfordsville-4352-9-3", "site_id": "Crawfordsville", "year": 2022, "actual": 171.13, "pred_records": 97.8, "resid_records": 73.3, "pred_tp1": 129.2, "resid_tp1": 41.9, "pred_tp2": 150.2, "resid_tp2": 20.9, "pred_tp3": 154.2, "resid_tp3": 16.9, "pred_tp4": 108.1, "resid_tp4": 63.0, "pred_tp5": 103.5, "resid_tp5": 67.6, "pred_tp6": 99.1, "resid_tp6": 72.0}}, {"type": "Feature", "geometry": {"type": "Point", "coordinates": [-91.487288, 41.1993174]}, "properties": {"plot_id": "Crawfordsville-4352-9-4", "site_id": "Crawfordsville", "year": 2022, "actual": 145.09, "pred_records": 45.3, "resid_records": 99.8, "pred_tp1": 114.5, "resid_tp1": 30.6, "pred_tp2": 142.0, "resid_tp2": 3.1, "pred_tp3": 154.0, "resid_tp3": -8.9, "pred_tp4": 92.2, "resid_tp4": 52.9, "pred_tp5": 84.2, "resid_tp5": 60.9, "pred_tp6": 91.5, "resid_tp6": 53.6}}, {"type": "Feature", "geometry": {"type": "Point", "coordinates": [-91.4872523, 41.199317]}, "properties": {"plot_id": "Crawfordsville-4352-9-5", "site_id": "Crawfordsville", "year": 2022, "actual": 183.49, "pred_records": 49.1, "resid_records": 134.4, "pred_tp1": 121.6, "resid_tp1": 61.8, "pred_tp2": 132.4, "resid_tp2": 51.1, "pred_tp3": 143.3, "resid_tp3": 40.2, "pred_tp4": 97.0, "resid_tp4": 86.5, "pred_tp5": 90.4, "resid_tp5": 93.1, "pred_tp6": 82.3, "resid_tp6": 101.2}}, {"type": "Feature", "geometry": {"type": "Point", "coordinates": [-91.4872165, 41.1993165]}, "properties": {"plot_id": "Crawfordsville-4352-9-6", "site_id": "Crawfordsville", "year": 2022, "actual": 156.07, "pred_records": 45.3, "resid_records": 110.8, "pred_tp1": 114.9, "resid_tp1": 41.1, "pred_tp2": 129.3, "resid_tp2": 26.7, "pred_tp3": 139.9, "resid_tp3": 16.2, "pred_tp4": 98.6, "resid_tp4": 57.5, "pred_tp5": 97.5, "resid_tp5": 58.6, "pred_tp6": 85.8, "resid_tp6": 70.3}}, {"type": "Feature", "geometry": {"type": "Point", "coordinates": [-91.4871807, 41.199316]}, "properties": {"plot_id": "Crawfordsville-4352-9-7", "site_id": "Crawfordsville", "year": 2022, "actual": 166.65, "pred_records": 59.2, "resid_records": 107.5, "pred_tp1": 116.0, "resid_tp1": 50.7, "pred_tp2": 128.7, "resid_tp2": 38.0, "pred_tp3": 146.0, "resid_tp3": 20.6, "pred_tp4": 102.0, "resid_tp4": 64.7, "pred_tp5": 99.9, "resid_tp5": 66.7, "pred_tp6": 84.9, "resid_tp6": 81.8}}, {"type": "Feature", "geometry": {"type": "Point", "coordinates": [-91.487145, 41.1993156]}, "properties": {"plot_id": "Crawfordsville-4352-9-8", "site_id": "Crawfordsville", "year": 2022, "actual": 138.8, "pred_records": 45.3, "resid_records": 93.5, "pred_tp1": 111.6, "resid_tp1": 27.2, "pred_tp2": 130.1, "resid_tp2": 8.7, "pred_tp3": 139.3, "resid_tp3": -0.5, "pred_tp4": 102.1, "resid_tp4": 36.7, "pred_tp5": 101.2, "resid_tp5": 37.6, "pred_tp6": 82.1, "resid_tp6": 56.7}}, {"type": "Feature", "geometry": {"type": "Point", "coordinates": [-91.4871074, 41.1993151]}, "properties": {"plot_id": "Crawfordsville-4352-9-9", "site_id": "Crawfordsville", "year": 2022, "actual": 180.46, "pred_records": 45.3, "resid_records": 135.2, "pred_tp1": 111.8, "resid_tp1": 68.7, "pred_tp2": 130.6, "resid_tp2": 49.9, "pred_tp3": 144.1, "resid_tp3": 36.4, "pred_tp4": 96.6, "resid_tp4": 83.9, "pred_tp5": 97.8, "resid_tp5": 82.7, "pred_tp6": 89.1, "resid_tp6": 91.4}}, {"type": "Feature", "geometry": {"type": "Point", "coordinates": [-91.4864746, 41.1982083]}, "properties": {"plot_id": "Crawfordsville-4353-10-42", "site_id": "Crawfordsville", "year": 2022, "actual": 136.09, "pred_records": 84.2, "resid_records": 51.9, "pred_tp1": 113.6, "resid_tp1": 22.5, "pred_tp2": 103.9, "resid_tp2": 32.2, "pred_tp3": 120.7, "resid_tp3": 15.4, "pred_tp4": 80.4, "resid_tp4": 55.6, "pred_tp5": 72.5, "resid_tp5": 63.6, "pred_tp6": 75.9, "resid_tp6": 60.2}}, {"type": "Feature", "geometry": {"type": "Point", "coordinates": [-91.4865104, 41.1982074]}, "properties": {"plot_id": "Crawfordsville-4353-10-43", "site_id": "Crawfordsville", "year": 2022, "actual": 186.07, "pred_records": 93.4, "resid_records": 92.6, "pred_tp1": 114.9, "resid_tp1": 71.1, "pred_tp2": 117.5, "resid_tp2": 68.6, "pred_tp3": 123.5, "resid_tp3": 62.5, "pred_tp4": 86.2, "resid_tp4": 99.8, "pred_tp5": 88.1, "resid_tp5": 97.9, "pred_tp6": 88.9, "resid_tp6": 97.2}}, {"type": "Feature", "geometry": {"type": "Point", "coordinates": [-91.4865838, 41.198207]}, "properties": {"plot_id": "Crawfordsville-4353-10-45", "site_id": "Crawfordsville", "year": 2022, "actual": 172.12, "pred_records": 93.4, "resid_records": 78.7, "pred_tp1": 122.2, "resid_tp1": 49.9, "pred_tp2": 112.3, "resid_tp2": 59.8, "pred_tp3": 127.6, "resid_tp3": 44.5, "pred_tp4": 83.4, "resid_tp4": 88.7, "pred_tp5": 79.9, "resid_tp5": 92.2, "pred_tp6": 83.0, "resid_tp6": 89.1}}, {"type": "Feature", "geometry": {"type": "Point", "coordinates": [-91.4866195, 41.1982075]}, "properties": {"plot_id": "Crawfordsville-4353-10-46", "site_id": "Crawfordsville", "year": 2022, "actual": 154.89, "pred_records": 93.4, "resid_records": 61.4, "pred_tp1": 111.4, "resid_tp1": 43.5, "pred_tp2": 120.6, "resid_tp2": 34.3, "pred_tp3": 135.2, "resid_tp3": 19.7, "pred_tp4": 81.3, "resid_tp4": 73.6, "pred_tp5": 80.9, "resid_tp5": 74.0, "pred_tp6": 81.1, "resid_tp6": 73.8}}, {"type": "Feature", "geometry": {"type": "Point", "coordinates": [-91.4864741, 41.1981529]}, "properties": {"plot_id": "Crawfordsville-4353-11-42", "site_id": "Crawfordsville", "year": 2022, "actual": 186.47, "pred_records": 93.4, "resid_records": 93.0, "pred_tp1": 120.4, "resid_tp1": 66.1, "pred_tp2": 125.4, "resid_tp2": 61.1, "pred_tp3": 132.4, "resid_tp3": 54.0, "pred_tp4": 88.8, "resid_tp4": 97.6, "pred_tp5": 80.4, "resid_tp5": 106.0, "pred_tp6": 88.8, "resid_tp6": 97.6}}, {"type": "Feature", "geometry": {"type": "Point", "coordinates": [-91.4865116, 41.1981534]}, "properties": {"plot_id": "Crawfordsville-4353-11-43", "site_id": "Crawfordsville", "year": 2022, "actual": 182.34, "pred_records": 93.4, "resid_records": 88.9, "pred_tp1": 119.8, "resid_tp1": 62.6, "pred_tp2": 119.0, "resid_tp2": 63.4, "pred_tp3": 130.5, "resid_tp3": 51.8, "pred_tp4": 82.5, "resid_tp4": 99.8, "pred_tp5": 83.2, "resid_tp5": 99.2, "pred_tp6": 93.2, "resid_tp6": 89.1}}, {"type": "Feature", "geometry": {"type": "Point", "coordinates": [-91.4865474, 41.1981525]}, "properties": {"plot_id": "Crawfordsville-4353-11-44", "site_id": "Crawfordsville", "year": 2022, "actual": 143.42, "pred_records": 64.4, "resid_records": 79.1, "pred_tp1": 100.2, "resid_tp1": 43.2, "pred_tp2": 111.0, "resid_tp2": 32.4, "pred_tp3": 121.6, "resid_tp3": 21.8, "pred_tp4": 77.7, "resid_tp4": 65.7, "pred_tp5": 71.4, "resid_tp5": 72.0, "pred_tp6": 81.8, "resid_tp6": 61.6}}, {"type": "Feature", "geometry": {"type": "Point", "coordinates": [-91.4865832, 41.198153]}, "properties": {"plot_id": "Crawfordsville-4353-11-45", "site_id": "Crawfordsville", "year": 2022, "actual": 224.91, "pred_records": 129.0, "resid_records": 95.9, "pred_tp1": 120.2, "resid_tp1": 104.7, "pred_tp2": 141.4, "resid_tp2": 83.5, "pred_tp3": 139.8, "resid_tp3": 85.1, "pred_tp4": 103.5, "resid_tp4": 121.4, "pred_tp5": 101.2, "resid_tp5": 123.7, "pred_tp6": 98.7, "resid_tp6": 126.3}}, {"type": "Feature", "geometry": {"type": "Point", "coordinates": [-91.486619, 41.1981521]}, "properties": {"plot_id": "Crawfordsville-4353-11-46", "site_id": "Crawfordsville", "year": 2022, "actual": 195.56, "pred_records": 65.5, "resid_records": 130.1, "pred_tp1": 106.8, "resid_tp1": 88.8, "pred_tp2": 121.6, "resid_tp2": 74.0, "pred_tp3": 136.2, "resid_tp3": 59.3, "pred_tp4": 93.3, "resid_tp4": 102.3, "pred_tp5": 84.7, "resid_tp5": 110.9, "pred_tp6": 88.3, "resid_tp6": 107.2}}, {"type": "Feature", "geometry": {"type": "Point", "coordinates": [-91.4864736, 41.1980975]}, "properties": {"plot_id": "Crawfordsville-4353-12-42", "site_id": "Crawfordsville", "year": 2022, "actual": 174.67, "pred_records": 93.4, "resid_records": 81.2, "pred_tp1": 112.7, "resid_tp1": 61.9, "pred_tp2": 124.8, "resid_tp2": 49.8, "pred_tp3": 124.3, "resid_tp3": 50.4, "pred_tp4": 87.4, "resid_tp4": 87.3, "pred_tp5": 80.4, "resid_tp5": 94.2, "pred_tp6": 92.1, "resid_tp6": 82.6}}, {"type": "Feature", "geometry": {"type": "Point", "coordinates": [-91.4865111, 41.198098]}, "properties": {"plot_id": "Crawfordsville-4353-12-43", "site_id": "Crawfordsville", "year": 2022, "actual": 205.56, "pred_records": 93.4, "resid_records": 112.1, "pred_tp1": 111.6, "resid_tp1": 94.0, "pred_tp2": 122.3, "resid_tp2": 83.2, "pred_tp3": 125.5, "resid_tp3": 80.0, "pred_tp4": 86.3, "resid_tp4": 119.2, "pred_tp5": 85.6, "resid_tp5": 120.0, "pred_tp6": 91.0, "resid_tp6": 114.6}}, {"type": "Feature", "geometry": {"type": "Point", "coordinates": [-91.4865469, 41.1980971]}, "properties": {"plot_id": "Crawfordsville-4353-12-44", "site_id": "Crawfordsville", "year": 2022, "actual": 194.18, "pred_records": 93.4, "resid_records": 100.7, "pred_tp1": 103.8, "resid_tp1": 90.4, "pred_tp2": 121.8, "resid_tp2": 72.4, "pred_tp3": 135.1, "resid_tp3": 59.0, "pred_tp4": 90.9, "resid_tp4": 103.3, "pred_tp5": 96.3, "resid_tp5": 97.9, "pred_tp6": 90.7, "resid_tp6": 103.5}}, {"type": "Feature", "geometry": {"type": "Point", "coordinates": [-91.4865827, 41.1980976]}, "properties": {"plot_id": "Crawfordsville-4353-12-45", "site_id": "Crawfordsville", "year": 2022, "actual": 205.37, "pred_records": 93.4, "resid_records": 111.9, "pred_tp1": 104.3, "resid_tp1": 101.1, "pred_tp2": 119.1, "resid_tp2": 86.3, "pred_tp3": 133.3, "resid_tp3": 72.1, "pred_tp4": 87.7, "resid_tp4": 117.6, "pred_tp5": 83.0, "resid_tp5": 122.4, "pred_tp6": 88.6, "resid_tp6": 116.8}}, {"type": "Feature", "geometry": {"type": "Point", "coordinates": [-91.4866203, 41.1980981]}, "properties": {"plot_id": "Crawfordsville-4353-12-46", "site_id": "Crawfordsville", "year": 2022, "actual": 227.01, "pred_records": 91.2, "resid_records": 135.8, "pred_tp1": 115.4, "resid_tp1": 111.6, "pred_tp2": 134.3, "resid_tp2": 92.7, "pred_tp3": 142.0, "resid_tp3": 85.0, "pred_tp4": 94.6, "resid_tp4": 132.4, "pred_tp5": 90.9, "resid_tp5": 136.1, "pred_tp6": 93.8, "resid_tp6": 133.2}}, {"type": "Feature", "geometry": {"type": "Point", "coordinates": [-91.4864748, 41.1980434]}, "properties": {"plot_id": "Crawfordsville-4353-13-42", "site_id": "Crawfordsville", "year": 2022, "actual": 189.98, "pred_records": 93.4, "resid_records": 96.5, "pred_tp1": 109.9, "resid_tp1": 80.1, "pred_tp2": 115.8, "resid_tp2": 74.2, "pred_tp3": 127.2, "resid_tp3": 62.8, "pred_tp4": 85.4, "resid_tp4": 104.6, "pred_tp5": 89.3, "resid_tp5": 100.7, "pred_tp6": 93.0, "resid_tp6": 96.9}}, {"type": "Feature", "geometry": {"type": "Point", "coordinates": [-91.4865106, 41.1980426]}, "properties": {"plot_id": "Crawfordsville-4353-13-43", "site_id": "Crawfordsville", "year": 2022, "actual": 205.97, "pred_records": 100.8, "resid_records": 105.1, "pred_tp1": 112.7, "resid_tp1": 93.2, "pred_tp2": 124.6, "resid_tp2": 81.4, "pred_tp3": 130.5, "resid_tp3": 75.5, "pred_tp4": 91.6, "resid_tp4": 114.3, "pred_tp5": 93.1, "resid_tp5": 112.9, "pred_tp6": 87.8, "resid_tp6": 118.2}}, {"type": "Feature", "geometry": {"type": "Point", "coordinates": [-91.4865464, 41.198043]}, "properties": {"plot_id": "Crawfordsville-4353-13-44", "site_id": "Crawfordsville", "year": 2022, "actual": 144.59, "pred_records": 93.4, "resid_records": 51.1, "pred_tp1": 113.9, "resid_tp1": 30.7, "pred_tp2": 119.6, "resid_tp2": 25.0, "pred_tp3": 123.5, "resid_tp3": 21.1, "pred_tp4": 85.1, "resid_tp4": 59.5, "pred_tp5": 79.7, "resid_tp5": 64.9, "pred_tp6": 85.1, "resid_tp6": 59.5}}, {"type": "Feature", "geometry": {"type": "Point", "coordinates": [-91.486584, 41.1980422]}, "properties": {"plot_id": "Crawfordsville-4353-13-45", "site_id": "Crawfordsville", "year": 2022, "actual": 156.16, "pred_records": 93.4, "resid_records": 62.7, "pred_tp1": 112.9, "resid_tp1": 43.2, "pred_tp2": 112.1, "resid_tp2": 44.1, "pred_tp3": 126.1, "resid_tp3": 30.1, "pred_tp4": 85.2, "resid_tp4": 71.0, "pred_tp5": 84.2, "resid_tp5": 71.9, "pred_tp6": 91.0, "resid_tp6": 65.1}}, {"type": "Feature", "geometry": {"type": "Point", "coordinates": [-91.4866197, 41.1980426]}, "properties": {"plot_id": "Crawfordsville-4353-13-46", "site_id": "Crawfordsville", "year": 2022, "actual": 176.59, "pred_records": 74.2, "resid_records": 102.4, "pred_tp1": 104.3, "resid_tp1": 72.3, "pred_tp2": 130.7, "resid_tp2": 45.9, "pred_tp3": 136.4, "resid_tp3": 40.2, "pred_tp4": 94.6, "resid_tp4": 82.0, "pred_tp5": 99.5, "resid_tp5": 77.1, "pred_tp6": 99.3, "resid_tp6": 77.3}}, {"type": "Feature", "geometry": {"type": "Point", "coordinates": [-91.4864743, 41.197988]}, "properties": {"plot_id": "Crawfordsville-4353-14-42", "site_id": "Crawfordsville", "year": 2022, "actual": 173.42, "pred_records": 93.4, "resid_records": 80.0, "pred_tp1": 112.4, "resid_tp1": 61.0, "pred_tp2": 121.5, "resid_tp2": 51.9, "pred_tp3": 130.6, "resid_tp3": 42.8, "pred_tp4": 102.1, "resid_tp4": 71.4, "pred_tp5": 96.9, "resid_tp5": 76.5, "pred_tp6": 82.5, "resid_tp6": 90.9}}, {"type": "Feature", "geometry": {"type": "Point", "coordinates": [-91.4865101, 41.1979885]}, "properties": {"plot_id": "Crawfordsville-4353-14-43", "site_id": "Crawfordsville", "year": 2022, "actual": 190.02, "pred_records": 93.4, "resid_records": 96.6, "pred_tp1": 125.7, "resid_tp1": 64.3, "pred_tp2": 123.9, "resid_tp2": 66.2, "pred_tp3": 135.8, "resid_tp3": 54.2, "pred_tp4": 91.0, "resid_tp4": 99.0, "pred_tp5": 89.8, "resid_tp5": 100.2, "pred_tp6": 92.4, "resid_tp6": 97.6}}, {"type": "Feature", "geometry": {"type": "Point", "coordinates": [-91.4865477, 41.1979877]}, "properties": {"plot_id": "Crawfordsville-4353-14-44", "site_id": "Crawfordsville", "year": 2022, "actual": 177.0, "pred_records": 93.4, "resid_records": 83.6, "pred_tp1": 115.9, "resid_tp1": 61.1, "pred_tp2": 122.7, "resid_tp2": 54.3, "pred_tp3": 131.1, "resid_tp3": 45.9, "pred_tp4": 89.6, "resid_tp4": 87.4, "pred_tp5": 84.6, "resid_tp5": 92.4, "pred_tp6": 94.1, "resid_tp6": 82.9}}, {"type": "Feature", "geometry": {"type": "Point", "coordinates": [-91.4865834, 41.1979881]}, "properties": {"plot_id": "Crawfordsville-4353-14-45", "site_id": "Crawfordsville", "year": 2022, "actual": 224.52, "pred_records": 129.0, "resid_records": 95.6, "pred_tp1": 121.2, "resid_tp1": 103.3, "pred_tp2": 144.9, "resid_tp2": 79.7, "pred_tp3": 141.1, "resid_tp3": 83.4, "pred_tp4": 105.0, "resid_tp4": 119.5, "pred_tp5": 105.8, "resid_tp5": 118.8, "pred_tp6": 99.8, "resid_tp6": 124.7}}, {"type": "Feature", "geometry": {"type": "Point", "coordinates": [-91.4866192, 41.1979872]}, "properties": {"plot_id": "Crawfordsville-4353-14-46", "site_id": "Crawfordsville", "year": 2022, "actual": 154.08, "pred_records": 65.5, "resid_records": 88.6, "pred_tp1": 111.4, "resid_tp1": 42.7, "pred_tp2": 113.9, "resid_tp2": 40.2, "pred_tp3": 125.5, "resid_tp3": 28.6, "pred_tp4": 87.3, "resid_tp4": 66.8, "pred_tp5": 85.0, "resid_tp5": 69.1, "pred_tp6": 85.5, "resid_tp6": 68.6}}, {"type": "Feature", "geometry": {"type": "Point", "coordinates": [-91.4864738, 41.197934]}, "properties": {"plot_id": "Crawfordsville-4353-15-42", "site_id": "Crawfordsville", "year": 2022, "actual": 223.97, "pred_records": 93.4, "resid_records": 130.5, "pred_tp1": 114.6, "resid_tp1": 109.3, "pred_tp2": 125.1, "resid_tp2": 98.9, "pred_tp3": 136.8, "resid_tp3": 87.2, "pred_tp4": 94.2, "resid_tp4": 129.8, "pred_tp5": 99.7, "resid_tp5": 124.3, "pred_tp6": 90.3, "resid_tp6": 133.7}}, {"type": "Feature", "geometry": {"type": "Point", "coordinates": [-91.4865096, 41.1979331]}, "properties": {"plot_id": "Crawfordsville-4353-15-43", "site_id": "Crawfordsville", "year": 2022, "actual": 174.71, "pred_records": 93.4, "resid_records": 81.3, "pred_tp1": 111.8, "resid_tp1": 62.9, "pred_tp2": 122.2, "resid_tp2": 52.5, "pred_tp3": 138.8, "resid_tp3": 35.9, "pred_tp4": 87.2, "resid_tp4": 87.5, "pred_tp5": 85.2, "resid_tp5": 89.5, "pred_tp6": 89.6, "resid_tp6": 85.1}}, {"type": "Feature", "geometry": {"type": "Point", "coordinates": [-91.4865471, 41.1979336]}, "properties": {"plot_id": "Crawfordsville-4353-15-44", "site_id": "Crawfordsville", "year": 2022, "actual": 170.28, "pred_records": 93.4, "resid_records": 76.8, "pred_tp1": 110.7, "resid_tp1": 59.6, "pred_tp2": 117.4, "resid_tp2": 52.9, "pred_tp3": 131.7, "resid_tp3": 38.6, "pred_tp4": 94.4, "resid_tp4": 75.8, "pred_tp5": 87.8, "resid_tp5": 82.5, "pred_tp6": 89.3, "resid_tp6": 81.0}}, {"type": "Feature", "geometry": {"type": "Point", "coordinates": [-91.4865829, 41.1979327]}, "properties": {"plot_id": "Crawfordsville-4353-15-45", "site_id": "Crawfordsville", "year": 2022, "actual": 182.98, "pred_records": 93.4, "resid_records": 89.5, "pred_tp1": 110.3, "resid_tp1": 72.6, "pred_tp2": 123.8, "resid_tp2": 59.2, "pred_tp3": 135.4, "resid_tp3": 47.6, "pred_tp4": 93.3, "resid_tp4": 89.7, "pred_tp5": 90.9, "resid_tp5": 92.1, "pred_tp6": 91.1, "resid_tp6": 91.8}}, {"type": "Feature", "geometry": {"type": "Point", "coordinates": [-91.4866187, 41.1979332]}, "properties": {"plot_id": "Crawfordsville-4353-15-46", "site_id": "Crawfordsville", "year": 2022, "actual": 99.14, "pred_records": 64.4, "resid_records": 34.8, "pred_tp1": 103.2, "resid_tp1": -4.1, "pred_tp2": 109.7, "resid_tp2": -10.6, "pred_tp3": 116.3, "resid_tp3": -17.2, "pred_tp4": 76.0, "resid_tp4": 23.2, "pred_tp5": 65.2, "resid_tp5": 34.0, "pred_tp6": 67.7, "resid_tp6": 31.5}}, {"type": "Feature", "geometry": {"type": "Point", "coordinates": [-91.4865108, 41.1978777]}, "properties": {"plot_id": "Crawfordsville-4353-16-43", "site_id": "Crawfordsville", "year": 2022, "actual": 175.77, "pred_records": 74.2, "resid_records": 101.5, "pred_tp1": 114.6, "resid_tp1": 61.2, "pred_tp2": 121.0, "resid_tp2": 54.8, "pred_tp3": 135.2, "resid_tp3": 40.5, "pred_tp4": 91.4, "resid_tp4": 84.3, "pred_tp5": 81.8, "resid_tp5": 94.0, "pred_tp6": 90.7, "resid_tp6": 85.1}}, {"type": "Feature", "geometry": {"type": "Point", "coordinates": [-91.4865466, 41.1978782]}, "properties": {"plot_id": "Crawfordsville-4353-16-44", "site_id": "Crawfordsville", "year": 2022, "actual": 175.74, "pred_records": 65.5, "resid_records": 110.3, "pred_tp1": 125.6, "resid_tp1": 50.1, "pred_tp2": 116.5, "resid_tp2": 59.3, "pred_tp3": 132.8, "resid_tp3": 42.9, "pred_tp4": 87.1, "resid_tp4": 88.6, "pred_tp5": 75.8, "resid_tp5": 99.9, "pred_tp6": 91.1, "resid_tp6": 84.6}}, {"type": "Feature", "geometry": {"type": "Point", "coordinates": [-91.4865824, 41.1978787]}, "properties": {"plot_id": "Crawfordsville-4353-16-45", "site_id": "Crawfordsville", "year": 2022, "actual": 197.03, "pred_records": 93.4, "resid_records": 103.6, "pred_tp1": 100.7, "resid_tp1": 96.3, "pred_tp2": 132.0, "resid_tp2": 65.0, "pred_tp3": 136.9, "resid_tp3": 60.1, "pred_tp4": 87.5, "resid_tp4": 109.5, "pred_tp5": 78.3, "resid_tp5": 118.7, "pred_tp6": 86.7, "resid_tp6": 110.3}}, {"type": "Feature", "geometry": {"type": "Point", "coordinates": [-91.4866182, 41.1978778]}, "properties": {"plot_id": "Crawfordsville-4353-16-46", "site_id": "Crawfordsville", "year": 2022, "actual": 163.08, "pred_records": 93.4, "resid_records": 69.6, "pred_tp1": 109.6, "resid_tp1": 53.5, "pred_tp2": 115.7, "resid_tp2": 47.3, "pred_tp3": 127.4, "resid_tp3": 35.7, "pred_tp4": 89.0, "resid_tp4": 74.1, "pred_tp5": 81.0, "resid_tp5": 82.1, "pred_tp6": 92.3, "resid_tp6": 70.8}}, {"type": "Feature", "geometry": {"type": "Point", "coordinates": [-91.4864745, 41.1978232]}, "properties": {"plot_id": "Crawfordsville-4353-17-42", "site_id": "Crawfordsville", "year": 2022, "actual": 161.51, "pred_records": 64.4, "resid_records": 97.2, "pred_tp1": 104.7, "resid_tp1": 56.8, "pred_tp2": 103.6, "resid_tp2": 57.9, "pred_tp3": 112.8, "resid_tp3": 48.8, "pred_tp4": 77.6, "resid_tp4": 83.9, "pred_tp5": 88.8, "resid_tp5": 72.7, "pred_tp6": 85.5, "resid_tp6": 76.0}}, {"type": "Feature", "geometry": {"type": "Point", "coordinates": [-91.4865103, 41.1978237]}, "properties": {"plot_id": "Crawfordsville-4353-17-43", "site_id": "Crawfordsville", "year": 2022, "actual": 231.68, "pred_records": 65.5, "resid_records": 166.2, "pred_tp1": 117.8, "resid_tp1": 113.8, "pred_tp2": 119.6, "resid_tp2": 112.1, "pred_tp3": 139.2, "resid_tp3": 92.5, "pred_tp4": 93.2, "resid_tp4": 138.5, "pred_tp5": 101.8, "resid_tp5": 129.9, "pred_tp6": 93.8, "resid_tp6": 137.9}}, {"type": "Feature", "geometry": {"type": "Point", "coordinates": [-91.4865461, 41.1978228]}, "properties": {"plot_id": "Crawfordsville-4353-17-44", "site_id": "Crawfordsville", "year": 2022, "actual": 157.34, "pred_records": 84.9, "resid_records": 72.4, "pred_tp1": 110.1, "resid_tp1": 47.3, "pred_tp2": 112.4, "resid_tp2": 45.0, "pred_tp3": 120.4, "resid_tp3": 36.9, "pred_tp4": 85.5, "resid_tp4": 71.8, "pred_tp5": 82.7, "resid_tp5": 74.6, "pred_tp6": 89.3, "resid_tp6": 68.0}}, {"type": "Feature", "geometry": {"type": "Point", "coordinates": [-91.4865819, 41.1978233]}, "properties": {"plot_id": "Crawfordsville-4353-17-45", "site_id": "Crawfordsville", "year": 2022, "actual": 184.34, "pred_records": 109.2, "resid_records": 75.1, "pred_tp1": 113.2, "resid_tp1": 71.1, "pred_tp2": 121.9, "resid_tp2": 62.5, "pred_tp3": 132.4, "resid_tp3": 52.0, "pred_tp4": 86.3, "resid_tp4": 98.0, "pred_tp5": 92.0, "resid_tp5": 92.4, "pred_tp6": 87.1, "resid_tp6": 97.3}}, {"type": "Feature", "geometry": {"type": "Point", "coordinates": [-91.4866194, 41.1978224]}, "properties": {"plot_id": "Crawfordsville-4353-17-46", "site_id": "Crawfordsville", "year": 2022, "actual": 151.99, "pred_records": 93.4, "resid_records": 58.5, "pred_tp1": 112.6, "resid_tp1": 39.4, "pred_tp2": 117.2, "resid_tp2": 34.8, "pred_tp3": 117.7, "resid_tp3": 34.3, "pred_tp4": 84.3, "resid_tp4": 67.7, "pred_tp5": 79.1, "resid_tp5": 72.9, "pred_tp6": 82.5, "resid_tp6": 69.5}}, {"type": "Feature", "geometry": {"type": "Point", "coordinates": [-91.486474, 41.1977692]}, "properties": {"plot_id": "Crawfordsville-4353-18-42", "site_id": "Crawfordsville", "year": 2022, "actual": 174.68, "pred_records": 109.2, "resid_records": 65.4, "pred_tp1": 112.9, "resid_tp1": 61.8, "pred_tp2": 113.3, "resid_tp2": 61.4, "pred_tp3": 129.9, "resid_tp3": 44.8, "pred_tp4": 85.4, "resid_tp4": 89.3, "pred_tp5": 85.3, "resid_tp5": 89.4, "pred_tp6": 86.5, "resid_tp6": 88.2}}, {"type": "Feature", "geometry": {"type": "Point", "coordinates": [-91.4865098, 41.1977683]}, "properties": {"plot_id": "Crawfordsville-4353-18-43", "site_id": "Crawfordsville", "year": 2022, "actual": 188.9, "pred_records": 93.4, "resid_records": 95.5, "pred_tp1": 109.8, "resid_tp1": 79.1, "pred_tp2": 111.3, "resid_tp2": 77.6, "pred_tp3": 124.6, "resid_tp3": 64.3, "pred_tp4": 85.6, "resid_tp4": 103.3, "pred_tp5": 72.2, "resid_tp5": 116.7, "pred_tp6": 81.2, "resid_tp6": 107.7}}, {"type": "Feature", "geometry": {"type": "Point", "coordinates": [-91.4865456, 41.1977687]}, "properties": {"plot_id": "Crawfordsville-4353-18-44", "site_id": "Crawfordsville", "year": 2022, "actual": 152.36, "pred_records": 93.4, "resid_records": 58.9, "pred_tp1": 110.8, "resid_tp1": 41.5, "pred_tp2": 117.7, "resid_tp2": 34.7, "pred_tp3": 129.5, "resid_tp3": 22.9, "pred_tp4": 82.7, "resid_tp4": 69.7, "pred_tp5": 78.8, "resid_tp5": 73.5, "pred_tp6": 94.0, "resid_tp6": 58.3}}, {"type": "Feature", "geometry": {"type": "Point", "coordinates": [-91.4865831, 41.1977679]}, "properties": {"plot_id": "Crawfordsville-4353-18-45", "site_id": "Crawfordsville", "year": 2022, "actual": 180.74, "pred_records": 93.4, "resid_records": 87.3, "pred_tp1": 119.8, "resid_tp1": 60.9, "pred_tp2": 113.2, "resid_tp2": 67.6, "pred_tp3": 128.3, "resid_tp3": 52.5, "pred_tp4": 82.1, "resid_tp4": 98.7, "pred_tp5": 73.0, "resid_tp5": 107.7, "pred_tp6": 83.0, "resid_tp6": 97.7}}, {"type": "Feature", "geometry": {"type": "Point", "coordinates": [-91.4866189, 41.1977684]}, "properties": {"plot_id": "Crawfordsville-4353-18-46", "site_id": "Crawfordsville", "year": 2022, "actual": 147.03, "pred_records": 93.4, "resid_records": 53.6, "pred_tp1": 107.3, "resid_tp1": 39.8, "pred_tp2": 114.5, "resid_tp2": 32.6, "pred_tp3": 131.9, "resid_tp3": 15.1, "pred_tp4": 83.9, "resid_tp4": 63.2, "pred_tp5": 77.2, "resid_tp5": 69.8, "pred_tp6": 91.6, "resid_tp6": 55.4}}, {"type": "Feature", "geometry": {"type": "Point", "coordinates": [-91.4864735, 41.1977138]}, "properties": {"plot_id": "Crawfordsville-4353-19-42", "site_id": "Crawfordsville", "year": 2022, "actual": 195.48, "pred_records": 93.4, "resid_records": 102.0, "pred_tp1": 110.4, "resid_tp1": 85.1, "pred_tp2": 116.6, "resid_tp2": 78.8, "pred_tp3": 132.5, "resid_tp3": 63.0, "pred_tp4": 90.3, "resid_tp4": 105.2, "pred_tp5": 97.0, "resid_tp5": 98.5, "pred_tp6": 81.3, "resid_tp6": 114.2}}, {"type": "Feature", "geometry": {"type": "Point", "coordinates": [-91.4865092, 41.1977142]}, "properties": {"plot_id": "Crawfordsville-4353-19-43", "site_id": "Crawfordsville", "year": 2022, "actual": 161.19, "pred_records": 93.4, "resid_records": 67.7, "pred_tp1": 114.5, "resid_tp1": 46.7, "pred_tp2": 116.3, "resid_tp2": 44.8, "pred_tp3": 126.2, "resid_tp3": 35.0, "pred_tp4": 82.7, "resid_tp4": 78.5, "pred_tp5": 70.3, "resid_tp5": 90.9, "pred_tp6": 89.1, "resid_tp6": 72.0}}, {"type": "Feature", "geometry": {"type": "Point", "coordinates": [-91.4865468, 41.1977134]}, "properties": {"plot_id": "Crawfordsville-4353-19-44", "site_id": "Crawfordsville", "year": 2022, "actual": 170.44, "pred_records": 93.4, "resid_records": 77.0, "pred_tp1": 115.6, "resid_tp1": 54.8, "pred_tp2": 123.9, "resid_tp2": 46.5, "pred_tp3": 129.8, "resid_tp3": 40.6, "pred_tp4": 83.8, "resid_tp4": 86.7, "pred_tp5": 81.6, "resid_tp5": 88.9, "pred_tp6": 92.2, "resid_tp6": 78.2}}, {"type": "Feature", "geometry": {"type": "Point", "coordinates": [-91.4865826, 41.1977138]}, "properties": {"plot_id": "Crawfordsville-4353-19-45", "site_id": "Crawfordsville", "year": 2022, "actual": 207.88, "pred_records": 93.4, "resid_records": 114.4, "pred_tp1": 115.1, "resid_tp1": 92.8, "pred_tp2": 124.2, "resid_tp2": 83.7, "pred_tp3": 135.2, "resid_tp3": 72.7, "pred_tp4": 79.3, "resid_tp4": 128.6, "pred_tp5": 77.1, "resid_tp5": 130.7, "pred_tp6": 87.6, "resid_tp6": 120.3}}, {"type": "Feature", "geometry": {"type": "Point", "coordinates": [-91.4866184, 41.197713]}, "properties": {"plot_id": "Crawfordsville-4353-19-46", "site_id": "Crawfordsville", "year": 2022, "actual": 158.86, "pred_records": 109.2, "resid_records": 49.6, "pred_tp1": 99.9, "resid_tp1": 59.0, "pred_tp2": 114.7, "resid_tp2": 44.1, "pred_tp3": 125.8, "resid_tp3": 33.1, "pred_tp4": 83.8, "resid_tp4": 75.0, "pred_tp5": 78.3, "resid_tp5": 80.6, "pred_tp6": 88.5, "resid_tp6": 70.4}}, {"type": "Feature", "geometry": {"type": "Point", "coordinates": [-91.486473, 41.1976583]}, "properties": {"plot_id": "Crawfordsville-4353-20-42", "site_id": "Crawfordsville", "year": 2022, "actual": 193.57, "pred_records": 93.4, "resid_records": 100.1, "pred_tp1": 120.5, "resid_tp1": 73.1, "pred_tp2": 115.2, "resid_tp2": 78.4, "pred_tp3": 135.2, "resid_tp3": 58.4, "pred_tp4": 83.0, "resid_tp4": 110.5, "pred_tp5": 87.4, "resid_tp5": 106.1, "pred_tp6": 86.1, "resid_tp6": 107.5}}, {"type": "Feature", "geometry": {"type": "Point", "coordinates": [-91.4865087, 41.1976588]}, "properties": {"plot_id": "Crawfordsville-4353-20-43", "site_id": "Crawfordsville", "year": 2022, "actual": 214.48, "pred_records": 100.8, "resid_records": 113.6, "pred_tp1": 108.0, "resid_tp1": 106.5, "pred_tp2": 121.0, "resid_tp2": 93.5, "pred_tp3": 134.2, "resid_tp3": 80.3, "pred_tp4": 84.9, "resid_tp4": 129.6, "pred_tp5": 84.7, "resid_tp5": 129.8, "pred_tp6": 86.6, "resid_tp6": 127.8}}, {"type": "Feature", "geometry": {"type": "Point", "coordinates": [-91.4865463, 41.1976593]}, "properties": {"plot_id": "Crawfordsville-4353-20-44", "site_id": "Crawfordsville", "year": 2022, "actual": 186.05, "pred_records": 93.4, "resid_records": 92.6, "pred_tp1": 112.2, "resid_tp1": 73.8, "pred_tp2": 114.1, "resid_tp2": 72.0, "pred_tp3": 128.9, "resid_tp3": 57.1, "pred_tp4": 90.6, "resid_tp4": 95.5, "pred_tp5": 83.8, "resid_tp5": 102.2, "pred_tp6": 87.1, "resid_tp6": 98.9}}, {"type": "Feature", "geometry": {"type": "Point", "coordinates": [-91.4865821, 41.1976584]}, "properties": {"plot_id": "Crawfordsville-4353-20-45", "site_id": "Crawfordsville", "year": 2022, "actual": 180.77, "pred_records": 93.4, "resid_records": 87.3, "pred_tp1": 110.7, "resid_tp1": 70.1, "pred_tp2": 116.5, "resid_tp2": 64.2, "pred_tp3": 125.7, "resid_tp3": 55.0, "pred_tp4": 78.0, "resid_tp4": 102.8, "pred_tp5": 82.9, "resid_tp5": 97.9, "pred_tp6": 92.9, "resid_tp6": 87.9}}, {"type": "Feature", "geometry": {"type": "Point", "coordinates": [-91.4866179, 41.1976576]}, "properties": {"plot_id": "Crawfordsville-4353-20-46", "site_id": "Crawfordsville", "year": 2022, "actual": 138.31, "pred_records": 109.2, "resid_records": 29.1, "pred_tp1": 103.9, "resid_tp1": 34.4, "pred_tp2": 123.2, "resid_tp2": 15.1, "pred_tp3": 128.1, "resid_tp3": 10.3, "pred_tp4": 87.2, "resid_tp4": 51.1, "pred_tp5": 87.9, "resid_tp5": 50.4, "pred_tp6": 88.1, "resid_tp6": 50.2}}, {"type": "Feature", "geometry": {"type": "Point", "coordinates": [-91.4864724, 41.1976043]}, "properties": {"plot_id": "Crawfordsville-4353-21-42", "site_id": "Crawfordsville", "year": 2022, "actual": 165.38, "pred_records": 74.2, "resid_records": 91.1, "pred_tp1": 109.1, "resid_tp1": 56.3, "pred_tp2": 128.0, "resid_tp2": 37.4, "pred_tp3": 130.3, "resid_tp3": 35.0, "pred_tp4": 88.5, "resid_tp4": 76.9, "pred_tp5": 77.2, "resid_tp5": 88.1, "pred_tp6": 92.7, "resid_tp6": 72.7}}, {"type": "Feature", "geometry": {"type": "Point", "coordinates": [-91.48651, 41.1976034]}, "properties": {"plot_id": "Crawfordsville-4353-21-43", "site_id": "Crawfordsville", "year": 2022, "actual": 170.17, "pred_records": 109.2, "resid_records": 60.9, "pred_tp1": 108.7, "resid_tp1": 61.5, "pred_tp2": 117.1, "resid_tp2": 53.0, "pred_tp3": 130.6, "resid_tp3": 39.5, "pred_tp4": 83.0, "resid_tp4": 87.2, "pred_tp5": 77.2, "resid_tp5": 93.0, "pred_tp6": 87.1, "resid_tp6": 83.1}}, {"type": "Feature", "geometry": {"type": "Point", "coordinates": [-91.4865458, 41.1976039]}, "properties": {"plot_id": "Crawfordsville-4353-21-44", "site_id": "Crawfordsville", "year": 2022, "actual": 174.45, "pred_records": 93.4, "resid_records": 81.0, "pred_tp1": 114.7, "resid_tp1": 59.7, "pred_tp2": 113.5, "resid_tp2": 60.9, "pred_tp3": 123.9, "resid_tp3": 50.6, "pred_tp4": 83.6, "resid_tp4": 90.9, "pred_tp5": 76.0, "resid_tp5": 98.5, "pred_tp6": 89.6, "resid_tp6": 84.8}}, {"type": "Feature", "geometry": {"type": "Point", "coordinates": [-91.4865816, 41.197603]}, "properties": {"plot_id": "Crawfordsville-4353-21-45", "site_id": "Crawfordsville", "year": 2022, "actual": 174.96, "pred_records": 97.8, "resid_records": 77.2, "pred_tp1": 105.6, "resid_tp1": 69.3, "pred_tp2": 126.6, "resid_tp2": 48.4, "pred_tp3": 128.0, "resid_tp3": 46.9, "pred_tp4": 76.9, "resid_tp4": 98.1, "pred_tp5": 64.7, "resid_tp5": 110.2, "pred_tp6": 83.4, "resid_tp6": 91.5}}, {"type": "Feature", "geometry": {"type": "Point", "coordinates": [-91.4866173, 41.1976035]}, "properties": {"plot_id": "Crawfordsville-4353-21-46", "site_id": "Crawfordsville", "year": 2022, "actual": 134.63, "pred_records": 96.5, "resid_records": 38.1, "pred_tp1": 99.5, "resid_tp1": 35.1, "pred_tp2": 114.0, "resid_tp2": 20.6, "pred_tp3": 122.9, "resid_tp3": 11.8, "pred_tp4": 77.3, "resid_tp4": 57.3, "pred_tp5": 64.0, "resid_tp5": 70.6, "pred_tp6": 74.6, "resid_tp6": 60.0}}, {"type": "Feature", "geometry": {"type": "Point", "coordinates": [-91.4864737, 41.1975489]}, "properties": {"plot_id": "Crawfordsville-4353-22-42", "site_id": "Crawfordsville", "year": 2022, "actual": 193.79, "pred_records": 65.5, "resid_records": 128.3, "pred_tp1": 117.1, "resid_tp1": 76.6, "pred_tp2": 118.6, "resid_tp2": 75.2, "pred_tp3": 133.8, "resid_tp3": 60.0, "pred_tp4": 86.3, "resid_tp4": 107.5, "pred_tp5": 84.7, "resid_tp5": 109.1, "pred_tp6": 90.6, "resid_tp6": 103.2}}, {"type": "Feature", "geometry": {"type": "Point", "coordinates": [-91.4865095, 41.1975494]}, "properties": {"plot_id": "Crawfordsville-4353-22-43", "site_id": "Crawfordsville", "year": 2022, "actual": 133.58, "pred_records": 47.9, "resid_records": 85.7, "pred_tp1": 97.2, "resid_tp1": 36.4, "pred_tp2": 92.8, "resid_tp2": 40.8, "pred_tp3": 100.7, "resid_tp3": 32.9, "pred_tp4": 73.9, "resid_tp4": 59.7, "pred_tp5": 69.9, "resid_tp5": 63.7, "pred_tp6": 69.3, "resid_tp6": 64.3}}, {"type": "Feature", "geometry": {"type": "Point", "coordinates": [-91.4865453, 41.1975485]}, "properties": {"plot_id": "Crawfordsville-4353-22-44", "site_id": "Crawfordsville", "year": 2022, "actual": 181.25, "pred_records": 65.5, "resid_records": 115.8, "pred_tp1": 122.5, "resid_tp1": 58.7, "pred_tp2": 112.6, "resid_tp2": 68.6, "pred_tp3": 116.3, "resid_tp3": 65.0, "pred_tp4": 83.7, "resid_tp4": 97.5, "pred_tp5": 83.7, "resid_tp5": 97.5, "pred_tp6": 85.5, "resid_tp6": 95.7}}, {"type": "Feature", "geometry": {"type": "Point", "coordinates": [-91.486581, 41.197549]}, "properties": {"plot_id": "Crawfordsville-4353-22-45", "site_id": "Crawfordsville", "year": 2022, "actual": 207.91, "pred_records": 129.0, "resid_records": 78.9, "pred_tp1": 125.2, "resid_tp1": 82.7, "pred_tp2": 136.1, "resid_tp2": 71.8, "pred_tp3": 140.1, "resid_tp3": 67.8, "pred_tp4": 105.1, "resid_tp4": 102.8, "pred_tp5": 100.3, "resid_tp5": 107.6, "pred_tp6": 99.1, "resid_tp6": 108.8}}, {"type": "Feature", "geometry": {"type": "Point", "coordinates": [-91.4866186, 41.1975481]}, "properties": {"plot_id": "Crawfordsville-4353-22-46", "site_id": "Crawfordsville", "year": 2022, "actual": 160.6, "pred_records": 78.8, "resid_records": 81.8, "pred_tp1": 111.7, "resid_tp1": 48.9, "pred_tp2": 126.0, "resid_tp2": 34.6, "pred_tp3": 131.7, "resid_tp3": 28.9, "pred_tp4": 91.5, "resid_tp4": 69.1, "pred_tp5": 95.5, "resid_tp5": 65.1, "pred_tp6": 89.1, "resid_tp6": 71.5}}, {"type": "Feature", "geometry": {"type": "Point", "coordinates": [-91.4864732, 41.1974949]}, "properties": {"plot_id": "Crawfordsville-4353-23-42", "site_id": "Crawfordsville", "year": 2022, "actual": 183.18, "pred_records": 74.2, "resid_records": 108.9, "pred_tp1": 115.4, "resid_tp1": 67.8, "pred_tp2": 120.0, "resid_tp2": 63.2, "pred_tp3": 133.9, "resid_tp3": 49.3, "pred_tp4": 95.4, "resid_tp4": 87.8, "pred_tp5": 97.3, "resid_tp5": 85.8, "pred_tp6": 94.6, "resid_tp6": 88.6}}, {"type": "Feature", "geometry": {"type": "Point", "coordinates": [-91.4865089, 41.197494]}, "properties": {"plot_id": "Crawfordsville-4353-23-43", "site_id": "Crawfordsville", "year": 2022, "actual": 175.93, "pred_records": 93.4, "resid_records": 82.5, "pred_tp1": 115.6, "resid_tp1": 60.4, "pred_tp2": 111.4, "resid_tp2": 64.5, "pred_tp3": 120.8, "resid_tp3": 55.1, "pred_tp4": 83.8, "resid_tp4": 92.1, "pred_tp5": 84.0, "resid_tp5": 92.0, "pred_tp6": 88.4, "resid_tp6": 87.5}}, {"type": "Feature", "geometry": {"type": "Point", "coordinates": [-91.4865447, 41.1974945]}, "properties": {"plot_id": "Crawfordsville-4353-23-44", "site_id": "Crawfordsville", "year": 2022, "actual": 184.77, "pred_records": 93.4, "resid_records": 91.3, "pred_tp1": 112.8, "resid_tp1": 72.0, "pred_tp2": 114.5, "resid_tp2": 70.3, "pred_tp3": 118.9, "resid_tp3": 65.9, "pred_tp4": 79.7, "resid_tp4": 105.1, "pred_tp5": 84.9, "resid_tp5": 99.9, "pred_tp6": 90.9, "resid_tp6": 93.9}}, {"type": "Feature", "geometry": {"type": "Point", "coordinates": [-91.4865823, 41.1974936]}, "properties": {"plot_id": "Crawfordsville-4353-23-45", "site_id": "Crawfordsville", "year": 2022, "actual": 208.95, "pred_records": 93.4, "resid_records": 115.5, "pred_tp1": 110.7, "resid_tp1": 98.2, "pred_tp2": 121.6, "resid_tp2": 87.4, "pred_tp3": 123.3, "resid_tp3": 85.7, "pred_tp4": 93.4, "resid_tp4": 115.6, "pred_tp5": 96.6, "resid_tp5": 112.3, "pred_tp6": 81.8, "resid_tp6": 127.1}}, {"type": "Feature", "geometry": {"type": "Point", "coordinates": [-91.4866181, 41.1974927]}, "properties": {"plot_id": "Crawfordsville-4353-23-46", "site_id": "Crawfordsville", "year": 2022, "actual": 144.46, "pred_records": 93.4, "resid_records": 51.0, "pred_tp1": 111.1, "resid_tp1": 33.4, "pred_tp2": 114.4, "resid_tp2": 30.0, "pred_tp3": 118.8, "resid_tp3": 25.6, "pred_tp4": 80.3, "resid_tp4": 64.1, "pred_tp5": 77.3, "resid_tp5": 67.2, "pred_tp6": 85.5, "resid_tp6": 59.0}}, {"type": "Feature", "geometry": {"type": "Point", "coordinates": [-91.4864726, 41.1974395]}, "properties": {"plot_id": "Crawfordsville-4353-24-42", "site_id": "Crawfordsville", "year": 2022, "actual": 214.47, "pred_records": 93.4, "resid_records": 121.0, "pred_tp1": 101.1, "resid_tp1": 113.4, "pred_tp2": 129.3, "resid_tp2": 85.2, "pred_tp3": 138.1, "resid_tp3": 76.3, "pred_tp4": 82.5, "resid_tp4": 132.0, "pred_tp5": 76.8, "resid_tp5": 137.7, "pred_tp6": 86.7, "resid_tp6": 127.7}}, {"type": "Feature", "geometry": {"type": "Point", "coordinates": [-91.4865084, 41.1974399]}, "properties": {"plot_id": "Crawfordsville-4353-24-43", "site_id": "Crawfordsville", "year": 2022, "actual": 211.79, "pred_records": 91.2, "resid_records": 120.6, "pred_tp1": 127.6, "resid_tp1": 84.2, "pred_tp2": 132.9, "resid_tp2": 78.9, "pred_tp3": 145.8, "resid_tp3": 66.0, "pred_tp4": 87.3, "resid_tp4": 124.5, "pred_tp5": 85.3, "resid_tp5": 126.5, "pred_tp6": 95.7, "resid_tp6": 116.1}}, {"type": "Feature", "geometry": {"type": "Point", "coordinates": [-91.486546, 41.1974391]}, "properties": {"plot_id": "Crawfordsville-4353-24-44", "site_id": "Crawfordsville", "year": 2022, "actual": 163.09, "pred_records": 84.2, "resid_records": 78.9, "pred_tp1": 97.9, "resid_tp1": 65.2, "pred_tp2": 103.5, "resid_tp2": 59.6, "pred_tp3": 116.5, "resid_tp3": 46.6, "pred_tp4": 78.7, "resid_tp4": 84.4, "pred_tp5": 70.2, "resid_tp5": 92.9, "pred_tp6": 70.4, "resid_tp6": 92.7}}, {"type": "Feature", "geometry": {"type": "Point", "coordinates": [-91.4865818, 41.1974382]}, "properties": {"plot_id": "Crawfordsville-4353-24-45", "site_id": "Crawfordsville", "year": 2022, "actual": 194.97, "pred_records": 93.4, "resid_records": 101.5, "pred_tp1": 119.8, "resid_tp1": 75.2, "pred_tp2": 121.0, "resid_tp2": 74.0, "pred_tp3": 132.3, "resid_tp3": 62.6, "pred_tp4": 85.8, "resid_tp4": 109.1, "pred_tp5": 79.4, "resid_tp5": 115.6, "pred_tp6": 87.2, "resid_tp6": 107.8}}, {"type": "Feature", "geometry": {"type": "Point", "coordinates": [-91.4866176, 41.1974387]}, "properties": {"plot_id": "Crawfordsville-4353-24-46", "site_id": "Crawfordsville", "year": 2022, "actual": 207.99, "pred_records": 114.7, "resid_records": 93.3, "pred_tp1": 118.3, "resid_tp1": 89.7, "pred_tp2": 136.4, "resid_tp2": 71.6, "pred_tp3": 136.3, "resid_tp3": 71.7, "pred_tp4": 88.4, "resid_tp4": 119.6, "pred_tp5": 84.8, "resid_tp5": 123.2, "pred_tp6": 93.2, "resid_tp6": 114.8}}, {"type": "Feature", "geometry": {"type": "Point", "coordinates": [-91.4864721, 41.1973841]}, "properties": {"plot_id": "Crawfordsville-4353-25-42", "site_id": "Crawfordsville", "year": 2022, "actual": 178.52, "pred_records": 93.4, "resid_records": 85.1, "pred_tp1": 108.7, "resid_tp1": 69.8, "pred_tp2": 110.3, "resid_tp2": 68.2, "pred_tp3": 120.8, "resid_tp3": 57.7, "pred_tp4": 87.1, "resid_tp4": 91.5, "pred_tp5": 74.6, "resid_tp5": 103.9, "pred_tp6": 90.0, "resid_tp6": 88.5}}, {"type": "Feature", "geometry": {"type": "Point", "coordinates": [-91.4865097, 41.1973846]}, "properties": {"plot_id": "Crawfordsville-4353-25-43", "site_id": "Crawfordsville", "year": 2022, "actual": 165.76, "pred_records": 97.8, "resid_records": 68.0, "pred_tp1": 110.0, "resid_tp1": 55.8, "pred_tp2": 109.0, "resid_tp2": 56.7, "pred_tp3": 122.0, "resid_tp3": 43.7, "pred_tp4": 85.3, "resid_tp4": 80.4, "pred_tp5": 69.5, "resid_tp5": 96.3, "pred_tp6": 78.3, "resid_tp6": 87.4}}, {"type": "Feature", "geometry": {"type": "Point", "coordinates": [-91.4865455, 41.1973837]}, "properties": {"plot_id": "Crawfordsville-4353-25-44", "site_id": "Crawfordsville", "year": 2022, "actual": 146.6, "pred_records": 96.5, "resid_records": 50.1, "pred_tp1": 110.2, "resid_tp1": 36.4, "pred_tp2": 104.9, "resid_tp2": 41.7, "pred_tp3": 123.1, "resid_tp3": 23.5, "pred_tp4": 81.5, "resid_tp4": 65.1, "pred_tp5": 71.3, "resid_tp5": 75.3, "pred_tp6": 86.7, "resid_tp6": 59.9}}, {"type": "Feature", "geometry": {"type": "Point", "coordinates": [-91.4865812, 41.1973841]}, "properties": {"plot_id": "Crawfordsville-4353-25-45", "site_id": "Crawfordsville", "year": 2022, "actual": 164.67, "pred_records": 85.3, "resid_records": 79.4, "pred_tp1": 110.4, "resid_tp1": 54.3, "pred_tp2": 112.8, "resid_tp2": 51.9, "pred_tp3": 127.5, "resid_tp3": 37.2, "pred_tp4": 73.8, "resid_tp4": 90.9, "pred_tp5": 67.6, "resid_tp5": 97.1, "pred_tp6": 85.5, "resid_tp6": 79.2}}, {"type": "Feature", "geometry": {"type": "Point", "coordinates": [-91.486617, 41.1973833]}, "properties": {"plot_id": "Crawfordsville-4353-25-46", "site_id": "Crawfordsville", "year": 2022, "actual": 170.46, "pred_records": 93.4, "resid_records": 77.0, "pred_tp1": 112.8, "resid_tp1": 57.7, "pred_tp2": 117.1, "resid_tp2": 53.3, "pred_tp3": 132.5, "resid_tp3": 38.0, "pred_tp4": 84.9, "resid_tp4": 85.6, "pred_tp5": 77.3, "resid_tp5": 93.1, "pred_tp6": 88.1, "resid_tp6": 82.4}}, {"type": "Feature", "geometry": {"type": "Point", "coordinates": [-91.4864734, 41.19733]}, "properties": {"plot_id": "Crawfordsville-4353-26-42", "site_id": "Crawfordsville", "year": 2022, "actual": 219.6, "pred_records": 93.4, "resid_records": 126.2, "pred_tp1": 111.0, "resid_tp1": 108.6, "pred_tp2": 120.1, "resid_tp2": 99.5, "pred_tp3": 132.3, "resid_tp3": 87.3, "pred_tp4": 86.6, "resid_tp4": 133.0, "pred_tp5": 78.2, "resid_tp5": 141.4, "pred_tp6": 85.5, "resid_tp6": 134.1}}, {"type": "Feature", "geometry": {"type": "Point", "coordinates": [-91.4865092, 41.1973292]}, "properties": {"plot_id": "Crawfordsville-4353-26-43", "site_id": "Crawfordsville", "year": 2022, "actual": 185.22, "pred_records": 65.5, "resid_records": 119.7, "pred_tp1": 105.5, "resid_tp1": 79.7, "pred_tp2": 132.7, "resid_tp2": 52.5, "pred_tp3": 134.8, "resid_tp3": 50.5, "pred_tp4": 93.1, "resid_tp4": 92.2, "pred_tp5": 85.5, "resid_tp5": 99.7, "pred_tp6": 89.2, "resid_tp6": 96.0}}, {"type": "Feature", "geometry": {"type": "Point", "coordinates": [-91.4865449, 41.1973296]}, "properties": {"plot_id": "Crawfordsville-4353-26-44", "site_id": "Crawfordsville", "year": 2022, "actual": 210.22, "pred_records": 93.4, "resid_records": 116.8, "pred_tp1": 116.8, "resid_tp1": 93.5, "pred_tp2": 124.1, "resid_tp2": 86.1, "pred_tp3": 127.3, "resid_tp3": 82.9, "pred_tp4": 90.4, "resid_tp4": 119.8, "pred_tp5": 92.6, "resid_tp5": 117.6, "pred_tp6": 82.5, "resid_tp6": 127.7}}, {"type": "Feature", "geometry": {"type": "Point", "coordinates": [-91.4865807, 41.1973287]}, "properties": {"plot_id": "Crawfordsville-4353-26-45", "site_id": "Crawfordsville", "year": 2022, "actual": 187.26, "pred_records": 93.4, "resid_records": 93.8, "pred_tp1": 113.8, "resid_tp1": 73.5, "pred_tp2": 119.1, "resid_tp2": 68.2, "pred_tp3": 122.6, "resid_tp3": 64.7, "pred_tp4": 79.5, "resid_tp4": 107.8, "pred_tp5": 73.0, "resid_tp5": 114.3, "pred_tp6": 80.7, "resid_tp6": 106.6}}, {"type": "Feature", "geometry": {"type": "Point", "coordinates": [-91.4866183, 41.1973279]}, "properties": {"plot_id": "Crawfordsville-4353-26-46", "site_id": "Crawfordsville", "year": 2022, "actual": 166.56, "pred_records": 93.4, "resid_records": 73.1, "pred_tp1": 105.7, "resid_tp1": 60.9, "pred_tp2": 126.7, "resid_tp2": 39.8, "pred_tp3": 137.3, "resid_tp3": 29.3, "pred_tp4": 95.7, "resid_tp4": 70.9, "pred_tp5": 92.9, "resid_tp5": 73.7, "pred_tp6": 91.8, "resid_tp6": 74.7}}, {"type": "Feature", "geometry": {"type": "Point", "coordinates": [-91.4864729, 41.1972746]}, "properties": {"plot_id": "Crawfordsville-4353-27-42", "site_id": "Crawfordsville", "year": 2022, "actual": 154.87, "pred_records": 93.4, "resid_records": 61.4, "pred_tp1": 110.7, "resid_tp1": 44.2, "pred_tp2": 120.0, "resid_tp2": 34.9, "pred_tp3": 129.8, "resid_tp3": 25.0, "pred_tp4": 83.2, "resid_tp4": 71.6, "pred_tp5": 77.6, "resid_tp5": 77.3, "pred_tp6": 88.2, "resid_tp6": 66.6}}, {"type": "Feature", "geometry": {"type": "Point", "coordinates": [-91.4865086, 41.1972751]}, "properties": {"plot_id": "Crawfordsville-4353-27-43", "site_id": "Crawfordsville", "year": 2022, "actual": 146.7, "pred_records": 64.4, "resid_records": 82.3, "pred_tp1": 99.6, "resid_tp1": 47.1, "pred_tp2": 103.6, "resid_tp2": 43.1, "pred_tp3": 105.9, "resid_tp3": 40.8, "pred_tp4": 65.5, "resid_tp4": 81.2, "pred_tp5": 75.2, "resid_tp5": 71.5, "pred_tp6": 74.5, "resid_tp6": 72.2}}, {"type": "Feature", "geometry": {"type": "Point", "coordinates": [-91.4865444, 41.1972742]}, "properties": {"plot_id": "Crawfordsville-4353-27-44", "site_id": "Crawfordsville", "year": 2022, "actual": 164.02, "pred_records": 93.4, "resid_records": 70.6, "pred_tp1": 106.6, "resid_tp1": 57.4, "pred_tp2": 117.8, "resid_tp2": 46.3, "pred_tp3": 116.1, "resid_tp3": 47.9, "pred_tp4": 88.2, "resid_tp4": 75.8, "pred_tp5": 79.5, "resid_tp5": 84.6, "pred_tp6": 83.8, "resid_tp6": 80.3}}, {"type": "Feature", "geometry": {"type": "Point", "coordinates": [-91.486582, 41.1972734]}, "properties": {"plot_id": "Crawfordsville-4353-27-45", "site_id": "Crawfordsville", "year": 2022, "actual": 189.36, "pred_records": 93.4, "resid_records": 95.9, "pred_tp1": 112.1, "resid_tp1": 77.2, "pred_tp2": 119.7, "resid_tp2": 69.6, "pred_tp3": 133.0, "resid_tp3": 56.4, "pred_tp4": 80.1, "resid_tp4": 109.2, "pred_tp5": 77.3, "resid_tp5": 112.0, "pred_tp6": 86.3, "resid_tp6": 103.0}}, {"type": "Feature", "geometry": {"type": "Point", "coordinates": [-91.4866178, 41.1972738]}, "properties": {"plot_id": "Crawfordsville-4353-27-46", "site_id": "Crawfordsville", "year": 2022, "actual": 139.87, "pred_records": 84.9, "resid_records": 54.9, "pred_tp1": 111.5, "resid_tp1": 28.3, "pred_tp2": 112.5, "resid_tp2": 27.4, "pred_tp3": 120.0, "resid_tp3": 19.8, "pred_tp4": 82.6, "resid_tp4": 57.3, "pred_tp5": 70.0, "resid_tp5": 69.9, "pred_tp6": 74.6, "resid_tp6": 65.3}}, {"type": "Feature", "geometry": {"type": "Point", "coordinates": [-91.4864723, 41.1972206]}, "properties": {"plot_id": "Crawfordsville-4353-28-42", "site_id": "Crawfordsville", "year": 2022, "actual": 211.78, "pred_records": 93.4, "resid_records": 118.3, "pred_tp1": 103.1, "resid_tp1": 108.6, "pred_tp2": 128.7, "resid_tp2": 83.1, "pred_tp3": 126.4, "resid_tp3": 85.3, "pred_tp4": 94.2, "resid_tp4": 117.6, "pred_tp5": 100.0, "resid_tp5": 111.7, "pred_tp6": 87.3, "resid_tp6": 124.5}}, {"type": "Feature", "geometry": {"type": "Point", "coordinates": [-91.4865081, 41.1972197]}, "properties": {"plot_id": "Crawfordsville-4353-28-43", "site_id": "Crawfordsville", "year": 2022, "actual": 216.61, "pred_records": 93.4, "resid_records": 123.2, "pred_tp1": 110.7, "resid_tp1": 105.9, "pred_tp2": 125.1, "resid_tp2": 91.5, "pred_tp3": 129.9, "resid_tp3": 86.7, "pred_tp4": 89.3, "resid_tp4": 127.3, "pred_tp5": 94.0, "resid_tp5": 122.6, "pred_tp6": 87.8, "resid_tp6": 128.8}}, {"type": "Feature", "geometry": {"type": "Point", "coordinates": [-91.4865439, 41.1972188]}, "properties": {"plot_id": "Crawfordsville-4353-28-44", "site_id": "Crawfordsville", "year": 2022, "actual": 167.66, "pred_records": 93.4, "resid_records": 74.2, "pred_tp1": 107.3, "resid_tp1": 60.3, "pred_tp2": 122.9, "resid_tp2": 44.8, "pred_tp3": 127.9, "resid_tp3": 39.8, "pred_tp4": 87.2, "resid_tp4": 80.4, "pred_tp5": 86.6, "resid_tp5": 81.1, "pred_tp6": 88.8, "resid_tp6": 78.9}}, {"type": "Feature", "geometry": {"type": "Point", "coordinates": [-91.4865815, 41.1972193]}, "properties": {"plot_id": "Crawfordsville-4353-28-45", "site_id": "Crawfordsville", "year": 2022, "actual": 191.54, "pred_records": 100.8, "resid_records": 90.7, "pred_tp1": 109.7, "resid_tp1": 81.8, "pred_tp2": 114.6, "resid_tp2": 76.9, "pred_tp3": 118.6, "resid_tp3": 72.9, "pred_tp4": 79.9, "resid_tp4": 111.7, "pred_tp5": 78.6, "resid_tp5": 112.9, "pred_tp6": 86.8, "resid_tp6": 104.7}}, {"type": "Feature", "geometry": {"type": "Point", "coordinates": [-91.4866173, 41.1972184]}, "properties": {"plot_id": "Crawfordsville-4353-28-46", "site_id": "Crawfordsville", "year": 2022, "actual": 156.34, "pred_records": 93.4, "resid_records": 62.9, "pred_tp1": 112.3, "resid_tp1": 44.1, "pred_tp2": 117.7, "resid_tp2": 38.6, "pred_tp3": 122.1, "resid_tp3": 34.3, "pred_tp4": 82.2, "resid_tp4": 74.1, "pred_tp5": 73.4, "resid_tp5": 82.9, "pred_tp6": 85.8, "resid_tp6": 70.5}}, {"type": "Feature", "geometry": {"type": "Point", "coordinates": [-91.4864718, 41.1971652]}, "properties": {"plot_id": "Crawfordsville-4353-29-42", "site_id": "Crawfordsville", "year": 2022, "actual": 243.93, "pred_records": 65.5, "resid_records": 178.5, "pred_tp1": 109.8, "resid_tp1": 134.1, "pred_tp2": 121.5, "resid_tp2": 122.4, "pred_tp3": 144.7, "resid_tp3": 99.2, "pred_tp4": 100.0, "resid_tp4": 144.0, "pred_tp5": 109.0, "resid_tp5": 134.9, "pred_tp6": 97.7, "resid_tp6": 146.2}}, {"type": "Feature", "geometry": {"type": "Point", "coordinates": [-91.4865076, 41.1971643]}, "properties": {"plot_id": "Crawfordsville-4353-29-43", "site_id": "Crawfordsville", "year": 2022, "actual": 170.44, "pred_records": 93.4, "resid_records": 77.0, "pred_tp1": 116.5, "resid_tp1": 54.0, "pred_tp2": 119.1, "resid_tp2": 51.3, "pred_tp3": 119.9, "resid_tp3": 50.5, "pred_tp4": 85.5, "resid_tp4": 84.9, "pred_tp5": 80.9, "resid_tp5": 89.5, "pred_tp6": 82.9, "resid_tp6": 87.6}}, {"type": "Feature", "geometry": {"type": "Point", "coordinates": [-91.4865452, 41.1971648]}, "properties": {"plot_id": "Crawfordsville-4353-29-44", "site_id": "Crawfordsville", "year": 2022, "actual": 157.15, "pred_records": 93.4, "resid_records": 63.7, "pred_tp1": 122.3, "resid_tp1": 34.9, "pred_tp2": 122.4, "resid_tp2": 34.8, "pred_tp3": 130.9, "resid_tp3": 26.2, "pred_tp4": 85.2, "resid_tp4": 71.9, "pred_tp5": 79.7, "resid_tp5": 77.5, "pred_tp6": 87.0, "resid_tp6": 70.1}}, {"type": "Feature", "geometry": {"type": "Point", "coordinates": [-91.486581, 41.1971639]}, "properties": {"plot_id": "Crawfordsville-4353-29-45", "site_id": "Crawfordsville", "year": 2022, "actual": 173.31, "pred_records": 83.7, "resid_records": 89.6, "pred_tp1": 110.6, "resid_tp1": 62.7, "pred_tp2": 121.3, "resid_tp2": 52.1, "pred_tp3": 131.8, "resid_tp3": 41.5, "pred_tp4": 85.3, "resid_tp4": 88.0, "pred_tp5": 79.0, "resid_tp5": 94.3, "pred_tp6": 90.1, "resid_tp6": 83.2}}, {"type": "Feature", "geometry": {"type": "Point", "coordinates": [-91.4866167, 41.1971644]}, "properties": {"plot_id": "Crawfordsville-4353-29-46", "site_id": "Crawfordsville", "year": 2022, "actual": 113.11, "pred_records": 58.2, "resid_records": 54.9, "pred_tp1": 101.3, "resid_tp1": 11.8, "pred_tp2": 105.3, "resid_tp2": 7.8, "pred_tp3": 107.1, "resid_tp3": 6.0, "pred_tp4": 70.0, "resid_tp4": 43.1, "pred_tp5": 83.7, "resid_tp5": 29.5, "pred_tp6": 70.8, "resid_tp6": 42.3}}, {"type": "Feature", "geometry": {"type": "Point", "coordinates": [-91.4864765, 41.198592]}, "properties": {"plot_id": "Crawfordsville-4353-3-42", "site_id": "Crawfordsville", "year": 2022, "actual": 184.65, "pred_records": 93.4, "resid_records": 91.2, "pred_tp1": 110.1, "resid_tp1": 74.5, "pred_tp2": 113.8, "resid_tp2": 70.8, "pred_tp3": 120.4, "resid_tp3": 64.2, "pred_tp4": 80.2, "resid_tp4": 104.5, "pred_tp5": 81.3, "resid_tp5": 103.4, "pred_tp6": 83.9, "resid_tp6": 100.8}}, {"type": "Feature", "geometry": {"type": "Point", "coordinates": [-91.4865123, 41.1985925]}, "properties": {"plot_id": "Crawfordsville-4353-3-43", "site_id": "Crawfordsville", "year": 2022, "actual": 172.25, "pred_records": 96.5, "resid_records": 75.7, "pred_tp1": 102.6, "resid_tp1": 69.7, "pred_tp2": 118.7, "resid_tp2": 53.6, "pred_tp3": 120.4, "resid_tp3": 51.8, "pred_tp4": 83.2, "resid_tp4": 89.0, "pred_tp5": 85.9, "resid_tp5": 86.4, "pred_tp6": 87.7, "resid_tp6": 84.6}}, {"type": "Feature", "geometry": {"type": "Point", "coordinates": [-91.4865481, 41.1985916]}, "properties": {"plot_id": "Crawfordsville-4353-3-44", "site_id": "Crawfordsville", "year": 2022, "actual": 161.36, "pred_records": 71.2, "resid_records": 90.1, "pred_tp1": 113.5, "resid_tp1": 47.9, "pred_tp2": 121.6, "resid_tp2": 39.8, "pred_tp3": 136.5, "resid_tp3": 24.9, "pred_tp4": 92.4, "resid_tp4": 69.0, "pred_tp5": 94.9, "resid_tp5": 66.4, "pred_tp6": 91.9, "resid_tp6": 69.4}}, {"type": "Feature", "geometry": {"type": "Point", "coordinates": [-91.4866214, 41.1985912]}, "properties": {"plot_id": "Crawfordsville-4353-3-46", "site_id": "Crawfordsville", "year": 2022, "actual": 173.07, "pred_records": 74.2, "resid_records": 98.8, "pred_tp1": 99.2, "resid_tp1": 73.9, "pred_tp2": 128.5, "resid_tp2": 44.5, "pred_tp3": 137.8, "resid_tp3": 35.3, "pred_tp4": 91.8, "resid_tp4": 81.3, "pred_tp5": 84.3, "resid_tp5": 88.8, "pred_tp6": 93.7, "resid_tp6": 79.4}}, {"type": "Feature", "geometry": {"type": "Point", "coordinates": [-91.4864713, 41.1971098]}, "properties": {"plot_id": "Crawfordsville-4353-30-42", "site_id": "Crawfordsville", "year": 2022, "actual": 163.82, "pred_records": 74.2, "resid_records": 89.6, "pred_tp1": 108.2, "resid_tp1": 55.7, "pred_tp2": 115.5, "resid_tp2": 48.3, "pred_tp3": 133.0, "resid_tp3": 30.8, "pred_tp4": 89.6, "resid_tp4": 74.3, "pred_tp5": 84.2, "resid_tp5": 79.6, "pred_tp6": 91.6, "resid_tp6": 72.2}}, {"type": "Feature", "geometry": {"type": "Point", "coordinates": [-91.4865088, 41.1971103]}, "properties": {"plot_id": "Crawfordsville-4353-30-43", "site_id": "Crawfordsville", "year": 2022, "actual": 188.0, "pred_records": 93.4, "resid_records": 94.6, "pred_tp1": 111.7, "resid_tp1": 76.3, "pred_tp2": 118.5, "resid_tp2": 69.5, "pred_tp3": 128.8, "resid_tp3": 59.2, "pred_tp4": 84.6, "resid_tp4": 103.4, "pred_tp5": 75.8, "resid_tp5": 112.2, "pred_tp6": 91.7, "resid_tp6": 96.3}}, {"type": "Feature", "geometry": {"type": "Point", "coordinates": [-91.4865446, 41.1971094]}, "properties": {"plot_id": "Crawfordsville-4353-30-44", "site_id": "Crawfordsville", "year": 2022, "actual": 179.51, "pred_records": 65.5, "resid_records": 114.0, "pred_tp1": 114.3, "resid_tp1": 65.2, "pred_tp2": 118.6, "resid_tp2": 60.9, "pred_tp3": 129.1, "resid_tp3": 50.4, "pred_tp4": 83.9, "resid_tp4": 95.6, "pred_tp5": 78.3, "resid_tp5": 101.2, "pred_tp6": 91.9, "resid_tp6": 87.7}}, {"type": "Feature", "geometry": {"type": "Point", "coordinates": [-91.4865804, 41.1971085]}, "properties": {"plot_id": "Crawfordsville-4353-30-45", "site_id": "Crawfordsville", "year": 2022, "actual": 158.15, "pred_records": 93.4, "resid_records": 64.7, "pred_tp1": 103.4, "resid_tp1": 54.8, "pred_tp2": 128.8, "resid_tp2": 29.3, "pred_tp3": 137.1, "resid_tp3": 21.0, "pred_tp4": 85.9, "resid_tp4": 72.2, "pred_tp5": 77.6, "resid_tp5": 80.5, "pred_tp6": 91.0, "resid_tp6": 67.1}}, {"type": "Feature", "geometry": {"type": "Point", "coordinates": [-91.4866162, 41.197109]}, "properties": {"plot_id": "Crawfordsville-4353-30-46", "site_id": "Crawfordsville", "year": 2022, "actual": 161.49, "pred_records": 93.4, "resid_records": 68.0, "pred_tp1": 108.5, "resid_tp1": 53.0, "pred_tp2": 130.5, "resid_tp2": 31.0, "pred_tp3": 134.3, "resid_tp3": 27.2, "pred_tp4": 85.9, "resid_tp4": 75.5, "pred_tp5": 80.4, "resid_tp5": 81.1, "pred_tp6": 90.6, "resid_tp6": 70.9}}, {"type": "Feature", "geometry": {"type": "Point", "coordinates": [-91.4864725, 41.1970557]}, "properties": {"plot_id": "Crawfordsville-4353-31-42", "site_id": "Crawfordsville", "year": 2022, "actual": 181.52, "pred_records": 93.4, "resid_records": 88.1, "pred_tp1": 110.0, "resid_tp1": 71.5, "pred_tp2": 118.8, "resid_tp2": 62.7, "pred_tp3": 129.8, "resid_tp3": 51.7, "pred_tp4": 81.5, "resid_tp4": 100.1, "pred_tp5": 69.7, "resid_tp5": 111.8, "pred_tp6": 87.4, "resid_tp6": 94.1}}, {"type": "Feature", "geometry": {"type": "Point", "coordinates": [-91.4865083, 41.1970549]}, "properties": {"plot_id": "Crawfordsville-4353-31-43", "site_id": "Crawfordsville", "year": 2022, "actual": 150.17, "pred_records": 93.4, "resid_records": 56.7, "pred_tp1": 118.3, "resid_tp1": 31.9, "pred_tp2": 112.6, "resid_tp2": 37.5, "pred_tp3": 120.3, "resid_tp3": 29.9, "pred_tp4": 77.1, "resid_tp4": 73.1, "pred_tp5": 72.0, "resid_tp5": 78.2, "pred_tp6": 81.6, "resid_tp6": 68.5}}, {"type": "Feature", "geometry": {"type": "Point", "coordinates": [-91.4865441, 41.197054]}, "properties": {"plot_id": "Crawfordsville-4353-31-44", "site_id": "Crawfordsville", "year": 2022, "actual": 146.83, "pred_records": 93.4, "resid_records": 53.4, "pred_tp1": 116.0, "resid_tp1": 30.9, "pred_tp2": 119.0, "resid_tp2": 27.8, "pred_tp3": 123.0, "resid_tp3": 23.9, "pred_tp4": 78.3, "resid_tp4": 68.6, "pred_tp5": 69.0, "resid_tp5": 77.8, "pred_tp6": 89.1, "resid_tp6": 57.7}}, {"type": "Feature", "geometry": {"type": "Point", "coordinates": [-91.4865799, 41.1970545]}, "properties": {"plot_id": "Crawfordsville-4353-31-45", "site_id": "Crawfordsville", "year": 2022, "actual": 191.8, "pred_records": 93.4, "resid_records": 98.4, "pred_tp1": 108.6, "resid_tp1": 83.2, "pred_tp2": 110.4, "resid_tp2": 81.4, "pred_tp3": 119.1, "resid_tp3": 72.7, "pred_tp4": 80.1, "resid_tp4": 111.7, "pred_tp5": 67.9, "resid_tp5": 123.9, "pred_tp6": 82.8, "resid_tp6": 109.0}}, {"type": "Feature", "geometry": {"type": "Point", "coordinates": [-91.4866175, 41.1970536]}, "properties": {"plot_id": "Crawfordsville-4353-31-46", "site_id": "Crawfordsville", "year": 2022, "actual": 106.89, "pred_records": 64.4, "resid_records": 42.5, "pred_tp1": 99.1, "resid_tp1": 7.8, "pred_tp2": 112.6, "resid_tp2": -5.7, "pred_tp3": 114.8, "resid_tp3": -8.0, "pred_tp4": 77.7, "resid_tp4": 29.2, "pred_tp5": 61.7, "resid_tp5": 45.2, "pred_tp6": 64.1, "resid_tp6": 42.8}}, {"type": "Feature", "geometry": {"type": "Point", "coordinates": [-91.486472, 41.1970003]}, "properties": {"plot_id": "Crawfordsville-4353-32-42", "site_id": "Crawfordsville", "year": 2022, "actual": 176.64, "pred_records": 74.2, "resid_records": 102.4, "pred_tp1": 103.4, "resid_tp1": 73.2, "pred_tp2": 121.8, "resid_tp2": 54.8, "pred_tp3": 137.2, "resid_tp3": 39.4, "pred_tp4": 96.1, "resid_tp4": 80.6, "pred_tp5": 95.3, "resid_tp5": 81.4, "pred_tp6": 91.7, "resid_tp6": 84.9}}, {"type": "Feature", "geometry": {"type": "Point", "coordinates": [-91.4865436, 41.1969999]}, "properties": {"plot_id": "Crawfordsville-4353-32-44", "site_id": "Crawfordsville", "year": 2022, "actual": 180.44, "pred_records": 93.4, "resid_records": 87.0, "pred_tp1": 105.9, "resid_tp1": 74.5, "pred_tp2": 114.1, "resid_tp2": 66.3, "pred_tp3": 118.5, "resid_tp3": 62.0, "pred_tp4": 76.4, "resid_tp4": 104.1, "pred_tp5": 74.7, "resid_tp5": 105.8, "pred_tp6": 85.8, "resid_tp6": 94.6}}, {"type": "Feature", "geometry": {"type": "Point", "coordinates": [-91.4865812, 41.1969991]}, "properties": {"plot_id": "Crawfordsville-4353-32-45", "site_id": "Crawfordsville", "year": 2022, "actual": 153.19, "pred_records": 109.2, "resid_records": 44.0, "pred_tp1": 103.4, "resid_tp1": 49.8, "pred_tp2": 111.8, "resid_tp2": 41.4, "pred_tp3": 122.8, "resid_tp3": 30.4, "pred_tp4": 83.9, "resid_tp4": 69.3, "pred_tp5": 74.5, "resid_tp5": 78.7, "pred_tp6": 82.6, "resid_tp6": 70.6}}, {"type": "Feature", "geometry": {"type": "Point", "coordinates": [-91.4866169, 41.1969995]}, "properties": {"plot_id": "Crawfordsville-4353-32-46", "site_id": "Crawfordsville", "year": 2022, "actual": 138.31, "pred_records": 71.2, "resid_records": 67.1, "pred_tp1": 120.2, "resid_tp1": 18.1, "pred_tp2": 122.2, "resid_tp2": 16.1, "pred_tp3": 129.8, "resid_tp3": 8.5, "pred_tp4": 86.5, "resid_tp4": 51.8, "pred_tp5": 83.4, "resid_tp5": 54.9, "pred_tp6": 93.6, "resid_tp6": 44.7}}, {"type": "Feature", "geometry": {"type": "Point", "coordinates": [-91.4864715, 41.1969449]}, "properties": {"plot_id": "Crawfordsville-4353-33-42", "site_id": "Crawfordsville", "year": 2022, "actual": 179.36, "pred_records": 93.4, "resid_records": 85.9, "pred_tp1": 107.7, "resid_tp1": 71.6, "pred_tp2": 118.1, "resid_tp2": 61.3, "pred_tp3": 125.5, "resid_tp3": 53.9, "pred_tp4": 86.9, "resid_tp4": 92.5, "pred_tp5": 84.4, "resid_tp5": 95.0, "pred_tp6": 86.0, "resid_tp6": 93.4}}, {"type": "Feature", "geometry": {"type": "Point", "coordinates": [-91.4865073, 41.1969454]}, "properties": {"plot_id": "Crawfordsville-4353-33-43", "site_id": "Crawfordsville", "year": 2022, "actual": 138.27, "pred_records": 93.4, "resid_records": 44.8, "pred_tp1": 117.6, "resid_tp1": 20.7, "pred_tp2": 112.7, "resid_tp2": 25.5, "pred_tp3": 115.2, "resid_tp3": 23.0, "pred_tp4": 85.3, "resid_tp4": 53.0, "pred_tp5": 83.1, "resid_tp5": 55.2, "pred_tp6": 78.4, "resid_tp6": 59.8}}, {"type": "Feature", "geometry": {"type": "Point", "coordinates": [-91.4865449, 41.1969445]}, "properties": {"plot_id": "Crawfordsville-4353-33-44", "site_id": "Crawfordsville", "year": 2022, "actual": 157.98, "pred_records": 93.4, "resid_records": 64.5, "pred_tp1": 114.6, "resid_tp1": 43.4, "pred_tp2": 112.4, "resid_tp2": 45.6, "pred_tp3": 119.2, "resid_tp3": 38.8, "pred_tp4": 85.1, "resid_tp4": 72.9, "pred_tp5": 72.9, "resid_tp5": 85.1, "pred_tp6": 82.0, "resid_tp6": 75.9}}, {"type": "Feature", "geometry": {"type": "Point", "coordinates": [-91.4865806, 41.196945]}, "properties": {"plot_id": "Crawfordsville-4353-33-45", "site_id": "Crawfordsville", "year": 2022, "actual": 179.1, "pred_records": 100.5, "resid_records": 78.6, "pred_tp1": 98.3, "resid_tp1": 80.8, "pred_tp2": 115.8, "resid_tp2": 63.3, "pred_tp3": 129.5, "resid_tp3": 49.6, "pred_tp4": 94.8, "resid_tp4": 84.3, "pred_tp5": 87.2, "resid_tp5": 91.9, "pred_tp6": 87.5, "resid_tp6": 91.6}}, {"type": "Feature", "geometry": {"type": "Point", "coordinates": [-91.4866164, 41.1969441]}, "properties": {"plot_id": "Crawfordsville-4353-33-46", "site_id": "Crawfordsville", "year": 2022, "actual": 162.26, "pred_records": 93.4, "resid_records": 68.8, "pred_tp1": 114.3, "resid_tp1": 47.9, "pred_tp2": 114.9, "resid_tp2": 47.3, "pred_tp3": 116.4, "resid_tp3": 45.8, "pred_tp4": 82.4, "resid_tp4": 79.8, "pred_tp5": 82.4, "resid_tp5": 79.9, "pred_tp6": 83.2, "resid_tp6": 79.0}}, {"type": "Feature", "geometry": {"type": "Point", "coordinates": [-91.486471, 41.1968909]}, "properties": {"plot_id": "Crawfordsville-4353-34-42", "site_id": "Crawfordsville", "year": 2022, "actual": 173.25, "pred_records": 93.4, "resid_records": 79.8, "pred_tp1": 108.0, "resid_tp1": 65.3, "pred_tp2": 109.2, "resid_tp2": 64.1, "pred_tp3": 128.3, "resid_tp3": 44.9, "pred_tp4": 79.7, "resid_tp4": 93.5, "pred_tp5": 67.1, "resid_tp5": 106.2, "pred_tp6": 79.2, "resid_tp6": 94.0}}, {"type": "Feature", "geometry": {"type": "Point", "coordinates": [-91.4865086, 41.19689]}, "properties": {"plot_id": "Crawfordsville-4353-34-43", "site_id": "Crawfordsville", "year": 2022, "actual": 181.42, "pred_records": 93.4, "resid_records": 88.0, "pred_tp1": 123.9, "resid_tp1": 57.5, "pred_tp2": 109.6, "resid_tp2": 71.8, "pred_tp3": 121.1, "resid_tp3": 60.3, "pred_tp4": 75.4, "resid_tp4": 106.0, "pred_tp5": 72.8, "resid_tp5": 108.6, "pred_tp6": 88.5, "resid_tp6": 93.0}}, {"type": "Feature", "geometry": {"type": "Point", "coordinates": [-91.4865444, 41.1968891]}, "properties": {"plot_id": "Crawfordsville-4353-34-44", "site_id": "Crawfordsville", "year": 2022, "actual": 123.48, "pred_records": 64.4, "resid_records": 59.1, "pred_tp1": 92.5, "resid_tp1": 30.9, "pred_tp2": 113.2, "resid_tp2": 10.3, "pred_tp3": 115.4, "resid_tp3": 8.0, "pred_tp4": 71.4, "resid_tp4": 52.1, "pred_tp5": 66.0, "resid_tp5": 57.4, "pred_tp6": 79.0, "resid_tp6": 44.4}}, {"type": "Feature", "geometry": {"type": "Point", "coordinates": [-91.4865801, 41.1968896]}, "properties": {"plot_id": "Crawfordsville-4353-34-45", "site_id": "Crawfordsville", "year": 2022, "actual": 160.15, "pred_records": 93.4, "resid_records": 66.7, "pred_tp1": 101.4, "resid_tp1": 58.7, "pred_tp2": 114.8, "resid_tp2": 45.3, "pred_tp3": 118.4, "resid_tp3": 41.7, "pred_tp4": 79.6, "resid_tp4": 80.5, "pred_tp5": 66.4, "resid_tp5": 93.7, "pred_tp6": 86.3, "resid_tp6": 73.8}}, {"type": "Feature", "geometry": {"type": "Point", "coordinates": [-91.4866159, 41.1968901]}, "properties": {"plot_id": "Crawfordsville-4353-34-46", "site_id": "Crawfordsville", "year": 2022, "actual": 181.41, "pred_records": 93.4, "resid_records": 88.0, "pred_tp1": 111.4, "resid_tp1": 70.0, "pred_tp2": 120.9, "resid_tp2": 60.5, "pred_tp3": 123.1, "resid_tp3": 58.4, "pred_tp4": 84.0, "resid_tp4": 97.4, "pred_tp5": 75.5, "resid_tp5": 105.9, "pred_tp6": 79.6, "resid_tp6": 101.8}}, {"type": "Feature", "geometry": {"type": "Point", "coordinates": [-91.4864705, 41.1968355]}, "properties": {"plot_id": "Crawfordsville-4353-35-42", "site_id": "Crawfordsville", "year": 2022, "actual": 152.39, "pred_records": 93.4, "resid_records": 58.9, "pred_tp1": 109.3, "resid_tp1": 43.1, "pred_tp2": 115.9, "resid_tp2": 36.5, "pred_tp3": 124.8, "resid_tp3": 27.6, "pred_tp4": 80.8, "resid_tp4": 71.6, "pred_tp5": 69.0, "resid_tp5": 83.4, "pred_tp6": 86.7, "resid_tp6": 65.6}}, {"type": "Feature", "geometry": {"type": "Point", "coordinates": [-91.486508, 41.1968346]}, "properties": {"plot_id": "Crawfordsville-4353-35-43", "site_id": "Crawfordsville", "year": 2022, "actual": 191.88, "pred_records": 129.0, "resid_records": 62.9, "pred_tp1": 125.4, "resid_tp1": 66.5, "pred_tp2": 136.5, "resid_tp2": 55.4, "pred_tp3": 138.2, "resid_tp3": 53.7, "pred_tp4": 94.0, "resid_tp4": 97.9, "pred_tp5": 83.0, "resid_tp5": 108.9, "pred_tp6": 96.1, "resid_tp6": 95.8}}, {"type": "Feature", "geometry": {"type": "Point", "coordinates": [-91.4865438, 41.1968351]}, "properties": {"plot_id": "Crawfordsville-4353-35-44", "site_id": "Crawfordsville", "year": 2022, "actual": 157.8, "pred_records": 93.4, "resid_records": 64.4, "pred_tp1": 113.5, "resid_tp1": 44.3, "pred_tp2": 114.1, "resid_tp2": 43.7, "pred_tp3": 120.7, "resid_tp3": 37.1, "pred_tp4": 82.1, "resid_tp4": 75.7, "pred_tp5": 74.7, "resid_tp5": 83.1, "pred_tp6": 78.9, "resid_tp6": 78.9}}, {"type": "Feature", "geometry": {"type": "Point", "coordinates": [-91.4865796, 41.1968342]}, "properties": {"plot_id": "Crawfordsville-4353-35-45", "site_id": "Crawfordsville", "year": 2022, "actual": 164.72, "pred_records": 93.4, "resid_records": 71.3, "pred_tp1": 116.3, "resid_tp1": 48.4, "pred_tp2": 116.6, "resid_tp2": 48.1, "pred_tp3": 120.5, "resid_tp3": 44.2, "pred_tp4": 90.7, "resid_tp4": 74.0, "pred_tp5": 87.9, "resid_tp5": 76.8, "pred_tp6": 86.2, "resid_tp6": 78.5}}, {"type": "Feature", "geometry": {"type": "Point", "coordinates": [-91.4866154, 41.1968347]}, "properties": {"plot_id": "Crawfordsville-4353-35-46", "site_id": "Crawfordsville", "year": 2022, "actual": 161.14, "pred_records": 74.5, "resid_records": 86.6, "pred_tp1": 114.7, "resid_tp1": 46.5, "pred_tp2": 109.8, "resid_tp2": 51.3, "pred_tp3": 118.4, "resid_tp3": 42.8, "pred_tp4": 87.0, "resid_tp4": 74.1, "pred_tp5": 73.1, "resid_tp5": 88.1, "pred_tp6": 76.8, "resid_tp6": 84.4}}, {"type": "Feature", "geometry": {"type": "Point", "coordinates": [-91.4864717, 41.1967801]}, "properties": {"plot_id": "Crawfordsville-4353-36-42", "site_id": "Crawfordsville", "year": 2022, "actual": 178.12, "pred_records": 65.5, "resid_records": 112.6, "pred_tp1": 110.0, "resid_tp1": 68.1, "pred_tp2": 117.0, "resid_tp2": 61.2, "pred_tp3": 124.6, "resid_tp3": 53.5, "pred_tp4": 85.6, "resid_tp4": 92.5, "pred_tp5": 73.0, "resid_tp5": 105.1, "pred_tp6": 90.0, "resid_tp6": 88.1}}, {"type": "Feature", "geometry": {"type": "Point", "coordinates": [-91.4865075, 41.1967806]}, "properties": {"plot_id": "Crawfordsville-4353-36-43", "site_id": "Crawfordsville", "year": 2022, "actual": 165.7, "pred_records": 93.4, "resid_records": 72.3, "pred_tp1": 100.6, "resid_tp1": 65.1, "pred_tp2": 119.4, "resid_tp2": 46.3, "pred_tp3": 134.1, "resid_tp3": 31.6, "pred_tp4": 87.8, "resid_tp4": 77.9, "pred_tp5": 80.5, "resid_tp5": 85.2, "pred_tp6": 91.1, "resid_tp6": 74.6}}, {"type": "Feature", "geometry": {"type": "Point", "coordinates": [-91.4865433, 41.1967797]}, "properties": {"plot_id": "Crawfordsville-4353-36-44", "site_id": "Crawfordsville", "year": 2022, "actual": 166.6, "pred_records": 93.4, "resid_records": 73.2, "pred_tp1": 111.2, "resid_tp1": 55.4, "pred_tp2": 122.4, "resid_tp2": 44.2, "pred_tp3": 124.7, "resid_tp3": 41.9, "pred_tp4": 85.3, "resid_tp4": 81.3, "pred_tp5": 79.0, "resid_tp5": 87.6, "pred_tp6": 89.1, "resid_tp6": 77.5}}, {"type": "Feature", "geometry": {"type": "Point", "coordinates": [-91.4865791, 41.1967802]}, "properties": {"plot_id": "Crawfordsville-4353-36-45", "site_id": "Crawfordsville", "year": 2022, "actual": 192.84, "pred_records": 93.4, "resid_records": 99.4, "pred_tp1": 117.4, "resid_tp1": 75.4, "pred_tp2": 114.1, "resid_tp2": 78.8, "pred_tp3": 124.2, "resid_tp3": 68.7, "pred_tp4": 82.2, "resid_tp4": 110.7, "pred_tp5": 81.7, "resid_tp5": 111.1, "pred_tp6": 90.9, "resid_tp6": 101.9}}, {"type": "Feature", "geometry": {"type": "Point", "coordinates": [-91.4866166, 41.1967793]}, "properties": {"plot_id": "Crawfordsville-4353-36-46", "site_id": "Crawfordsville", "year": 2022, "actual": 142.16, "pred_records": 74.5, "resid_records": 67.6, "pred_tp1": 104.9, "resid_tp1": 37.3, "pred_tp2": 112.4, "resid_tp2": 29.8, "pred_tp3": 127.9, "resid_tp3": 14.2, "pred_tp4": 84.6, "resid_tp4": 57.6, "pred_tp5": 64.0, "resid_tp5": 78.2, "pred_tp6": 79.4, "resid_tp6": 62.7}}, {"type": "Feature", "geometry": {"type": "Point", "coordinates": [-91.486476, 41.1985366]}, "properties": {"plot_id": "Crawfordsville-4353-4-42", "site_id": "Crawfordsville", "year": 2022, "actual": 175.95, "pred_records": 93.4, "resid_records": 82.5, "pred_tp1": 104.8, "resid_tp1": 71.2, "pred_tp2": 110.4, "resid_tp2": 65.6, "pred_tp3": 125.1, "resid_tp3": 50.8, "pred_tp4": 84.1, "resid_tp4": 91.8, "pred_tp5": 78.4, "resid_tp5": 97.5, "pred_tp6": 85.6, "resid_tp6": 90.4}}, {"type": "Feature", "geometry": {"type": "Point", "coordinates": [-91.4865117, 41.1985371]}, "properties": {"plot_id": "Crawfordsville-4353-4-43", "site_id": "Crawfordsville", "year": 2022, "actual": 186.66, "pred_records": 93.4, "resid_records": 93.2, "pred_tp1": 107.4, "resid_tp1": 79.2, "pred_tp2": 115.9, "resid_tp2": 70.8, "pred_tp3": 121.2, "resid_tp3": 65.5, "pred_tp4": 81.2, "resid_tp4": 105.5, "pred_tp5": 82.0, "resid_tp5": 104.6, "pred_tp6": 81.4, "resid_tp6": 105.2}}, {"type": "Feature", "geometry": {"type": "Point", "coordinates": [-91.4865475, 41.1985376]}, "properties": {"plot_id": "Crawfordsville-4353-4-44", "site_id": "Crawfordsville", "year": 2022, "actual": 172.69, "pred_records": 100.8, "resid_records": 71.9, "pred_tp1": 114.7, "resid_tp1": 58.0, "pred_tp2": 118.2, "resid_tp2": 54.5, "pred_tp3": 126.0, "resid_tp3": 46.7, "pred_tp4": 83.0, "resid_tp4": 89.7, "pred_tp5": 85.1, "resid_tp5": 87.6, "pred_tp6": 83.8, "resid_tp6": 88.9}}, {"type": "Feature", "geometry": {"type": "Point", "coordinates": [-91.4865851, 41.1985367]}, "properties": {"plot_id": "Crawfordsville-4353-4-45", "site_id": "Crawfordsville", "year": 2022, "actual": 160.3, "pred_records": 96.5, "resid_records": 63.8, "pred_tp1": 101.2, "resid_tp1": 59.1, "pred_tp2": 118.2, "resid_tp2": 42.1, "pred_tp3": 123.0, "resid_tp3": 37.3, "pred_tp4": 82.4, "resid_tp4": 77.9, "pred_tp5": 77.6, "resid_tp5": 82.7, "pred_tp6": 90.3, "resid_tp6": 70.0}}, {"type": "Feature", "geometry": {"type": "Point", "coordinates": [-91.4866209, 41.1985372]}, "properties": {"plot_id": "Crawfordsville-4353-4-46", "site_id": "Crawfordsville", "year": 2022, "actual": 177.03, "pred_records": 93.4, "resid_records": 83.6, "pred_tp1": 111.7, "resid_tp1": 65.4, "pred_tp2": 113.3, "resid_tp2": 63.8, "pred_tp3": 121.2, "resid_tp3": 55.9, "pred_tp4": 85.5, "resid_tp4": 91.5, "pred_tp5": 84.8, "resid_tp5": 92.3, "pred_tp6": 85.1, "resid_tp6": 92.0}}, {"type": "Feature", "geometry": {"type": "Point", "coordinates": [-91.4865112, 41.1984817]}, "properties": {"plot_id": "Crawfordsville-4353-5-43", "site_id": "Crawfordsville", "year": 2022, "actual": 183.82, "pred_records": 65.5, "resid_records": 118.3, "pred_tp1": 115.7, "resid_tp1": 68.1, "pred_tp2": 114.2, "resid_tp2": 69.6, "pred_tp3": 132.1, "resid_tp3": 51.7, "pred_tp4": 88.1, "resid_tp4": 95.8, "pred_tp5": 87.8, "resid_tp5": 96.0, "pred_tp6": 88.9, "resid_tp6": 94.9}}, {"type": "Feature", "geometry": {"type": "Point", "coordinates": [-91.486547, 41.1984822]}, "properties": {"plot_id": "Crawfordsville-4353-5-44", "site_id": "Crawfordsville", "year": 2022, "actual": 194.38, "pred_records": 93.4, "resid_records": 100.9, "pred_tp1": 106.4, "resid_tp1": 88.0, "pred_tp2": 118.2, "resid_tp2": 76.1, "pred_tp3": 129.0, "resid_tp3": 65.3, "pred_tp4": 80.3, "resid_tp4": 114.1, "pred_tp5": 78.8, "resid_tp5": 115.5, "pred_tp6": 90.5, "resid_tp6": 103.9}}, {"type": "Feature", "geometry": {"type": "Point", "coordinates": [-91.4865846, 41.1984827]}, "properties": {"plot_id": "Crawfordsville-4353-5-45", "site_id": "Crawfordsville", "year": 2022, "actual": 154.35, "pred_records": 93.4, "resid_records": 60.9, "pred_tp1": 102.8, "resid_tp1": 51.6, "pred_tp2": 130.8, "resid_tp2": 23.5, "pred_tp3": 140.8, "resid_tp3": 13.6, "pred_tp4": 80.5, "resid_tp4": 73.9, "pred_tp5": 75.2, "resid_tp5": 79.2, "pred_tp6": 90.5, "resid_tp6": 63.8}}, {"type": "Feature", "geometry": {"type": "Point", "coordinates": [-91.4866204, 41.1984818]}, "properties": {"plot_id": "Crawfordsville-4353-5-46", "site_id": "Crawfordsville", "year": 2022, "actual": 149.47, "pred_records": 93.4, "resid_records": 56.0, "pred_tp1": 112.7, "resid_tp1": 36.7, "pred_tp2": 117.9, "resid_tp2": 31.6, "pred_tp3": 123.0, "resid_tp3": 26.5, "pred_tp4": 82.8, "resid_tp4": 66.6, "pred_tp5": 78.3, "resid_tp5": 71.2, "pred_tp6": 83.9, "resid_tp6": 65.5}}, {"type": "Feature", "geometry": {"type": "Point", "coordinates": [-91.4864749, 41.1984272]}, "properties": {"plot_id": "Crawfordsville-4353-6-42", "site_id": "Crawfordsville", "year": 2022, "actual": 158.33, "pred_records": 83.7, "resid_records": 74.6, "pred_tp1": 110.4, "resid_tp1": 48.0, "pred_tp2": 123.6, "resid_tp2": 34.7, "pred_tp3": 140.2, "resid_tp3": 18.2, "pred_tp4": 91.3, "resid_tp4": 67.0, "pred_tp5": 83.4, "resid_tp5": 74.9, "pred_tp6": 93.8, "resid_tp6": 64.6}}, {"type": "Feature", "geometry": {"type": "Point", "coordinates": [-91.4865107, 41.1984276]}, "properties": {"plot_id": "Crawfordsville-4353-6-43", "site_id": "Crawfordsville", "year": 2022, "actual": 172.74, "pred_records": 74.2, "resid_records": 98.5, "pred_tp1": 110.5, "resid_tp1": 62.3, "pred_tp2": 128.6, "resid_tp2": 44.1, "pred_tp3": 135.5, "resid_tp3": 37.3, "pred_tp4": 94.3, "resid_tp4": 78.5, "pred_tp5": 93.2, "resid_tp5": 79.6, "pred_tp6": 89.7, "resid_tp6": 83.0}}, {"type": "Feature", "geometry": {"type": "Point", "coordinates": [-91.4865483, 41.1984268]}, "properties": {"plot_id": "Crawfordsville-4353-6-44", "site_id": "Crawfordsville", "year": 2022, "actual": 190.74, "pred_records": 93.4, "resid_records": 97.3, "pred_tp1": 118.5, "resid_tp1": 72.2, "pred_tp2": 112.7, "resid_tp2": 78.0, "pred_tp3": 125.1, "resid_tp3": 65.6, "pred_tp4": 83.4, "resid_tp4": 107.3, "pred_tp5": 77.8, "resid_tp5": 113.0, "pred_tp6": 78.3, "resid_tp6": 112.5}}, {"type": "Feature", "geometry": {"type": "Point", "coordinates": [-91.486584, 41.1984272]}, "properties": {"plot_id": "Crawfordsville-4353-6-45", "site_id": "Crawfordsville", "year": 2022, "actual": 182.19, "pred_records": 93.4, "resid_records": 88.7, "pred_tp1": 115.2, "resid_tp1": 67.0, "pred_tp2": 119.2, "resid_tp2": 63.0, "pred_tp3": 122.0, "resid_tp3": 60.2, "pred_tp4": 86.6, "resid_tp4": 95.6, "pred_tp5": 79.6, "resid_tp5": 102.6, "pred_tp6": 91.6, "resid_tp6": 90.6}}, {"type": "Feature", "geometry": {"type": "Point", "coordinates": [-91.4866198, 41.1984277]}, "properties": {"plot_id": "Crawfordsville-4353-6-46", "site_id": "Crawfordsville", "year": 2022, "actual": 149.37, "pred_records": 93.4, "resid_records": 55.9, "pred_tp1": 112.3, "resid_tp1": 37.1, "pred_tp2": 121.6, "resid_tp2": 27.8, "pred_tp3": 121.3, "resid_tp3": 28.1, "pred_tp4": 84.8, "resid_tp4": 64.6, "pred_tp5": 87.3, "resid_tp5": 62.0, "pred_tp6": 89.7, "resid_tp6": 59.7}}, {"type": "Feature", "geometry": {"type": "Point", "coordinates": [-91.486512, 41.1983723]}, "properties": {"plot_id": "Crawfordsville-4353-7-43", "site_id": "Crawfordsville", "year": 2022, "actual": 178.88, "pred_records": 93.4, "resid_records": 85.4, "pred_tp1": 108.6, "resid_tp1": 70.3, "pred_tp2": 119.5, "resid_tp2": 59.4, "pred_tp3": 134.1, "resid_tp3": 44.7, "pred_tp4": 89.4, "resid_tp4": 89.4, "pred_tp5": 87.9, "resid_tp5": 91.0, "pred_tp6": 87.1, "resid_tp6": 91.8}}, {"type": "Feature", "geometry": {"type": "Point", "coordinates": [-91.4865477, 41.1983727]}, "properties": {"plot_id": "Crawfordsville-4353-7-44", "site_id": "Crawfordsville", "year": 2022, "actual": 176.02, "pred_records": 93.4, "resid_records": 82.6, "pred_tp1": 109.5, "resid_tp1": 66.5, "pred_tp2": 113.1, "resid_tp2": 62.9, "pred_tp3": 131.8, "resid_tp3": 44.3, "pred_tp4": 89.7, "resid_tp4": 86.3, "pred_tp5": 89.2, "resid_tp5": 86.9, "pred_tp6": 88.2, "resid_tp6": 87.8}}, {"type": "Feature", "geometry": {"type": "Point", "coordinates": [-91.4866211, 41.1983723]}, "properties": {"plot_id": "Crawfordsville-4353-7-46", "site_id": "Crawfordsville", "year": 2022, "actual": 136.53, "pred_records": 58.2, "resid_records": 78.4, "pred_tp1": 107.9, "resid_tp1": 28.7, "pred_tp2": 107.6, "resid_tp2": 28.9, "pred_tp3": 111.4, "resid_tp3": 25.1, "pred_tp4": 78.4, "resid_tp4": 58.1, "pred_tp5": 89.1, "resid_tp5": 47.5, "pred_tp6": 79.6, "resid_tp6": 56.9}}, {"type": "Feature", "geometry": {"type": "Point", "coordinates": [-91.4864757, 41.1983177]}, "properties": {"plot_id": "Crawfordsville-4353-8-42", "site_id": "Crawfordsville", "year": 2022, "actual": 226.42, "pred_records": 114.7, "resid_records": 111.8, "pred_tp1": 123.8, "resid_tp1": 102.7, "pred_tp2": 127.5, "resid_tp2": 98.9, "pred_tp3": 135.8, "resid_tp3": 90.6, "pred_tp4": 102.3, "resid_tp4": 124.1, "pred_tp5": 105.1, "resid_tp5": 121.3, "pred_tp6": 91.6, "resid_tp6": 134.8}}, {"type": "Feature", "geometry": {"type": "Point", "coordinates": [-91.4865114, 41.1983182]}, "properties": {"plot_id": "Crawfordsville-4353-8-43", "site_id": "Crawfordsville", "year": 2022, "actual": 216.64, "pred_records": 93.4, "resid_records": 123.2, "pred_tp1": 108.8, "resid_tp1": 107.8, "pred_tp2": 121.7, "resid_tp2": 94.9, "pred_tp3": 132.6, "resid_tp3": 84.0, "pred_tp4": 108.6, "resid_tp4": 108.0, "pred_tp5": 106.1, "resid_tp5": 110.6, "pred_tp6": 90.2, "resid_tp6": 126.4}}, {"type": "Feature", "geometry": {"type": "Point", "coordinates": [-91.4865472, 41.1983173]}, "properties": {"plot_id": "Crawfordsville-4353-8-44", "site_id": "Crawfordsville", "year": 2022, "actual": 185.62, "pred_records": 100.5, "resid_records": 85.1, "pred_tp1": 107.0, "resid_tp1": 78.6, "pred_tp2": 115.0, "resid_tp2": 70.6, "pred_tp3": 129.1, "resid_tp3": 56.5, "pred_tp4": 96.1, "resid_tp4": 89.5, "pred_tp5": 98.6, "resid_tp5": 87.1, "pred_tp6": 87.7, "resid_tp6": 97.9}}, {"type": "Feature", "geometry": {"type": "Point", "coordinates": [-91.486583, 41.1983178]}, "properties": {"plot_id": "Crawfordsville-4353-8-45", "site_id": "Crawfordsville", "year": 2022, "actual": 197.3, "pred_records": 93.4, "resid_records": 103.9, "pred_tp1": 112.2, "resid_tp1": 85.1, "pred_tp2": 118.8, "resid_tp2": 78.5, "pred_tp3": 129.9, "resid_tp3": 67.4, "pred_tp4": 89.5, "resid_tp4": 107.8, "pred_tp5": 88.2, "resid_tp5": 109.1, "pred_tp6": 87.7, "resid_tp6": 109.6}}, {"type": "Feature", "geometry": {"type": "Point", "coordinates": [-91.4866206, 41.1983169]}, "properties": {"plot_id": "Crawfordsville-4353-8-46", "site_id": "Crawfordsville", "year": 2022, "actual": 154.89, "pred_records": 93.4, "resid_records": 61.4, "pred_tp1": 118.4, "resid_tp1": 36.4, "pred_tp2": 112.2, "resid_tp2": 42.7, "pred_tp3": 126.0, "resid_tp3": 28.9, "pred_tp4": 81.5, "resid_tp4": 73.4, "pred_tp5": 79.6, "resid_tp5": 75.3, "pred_tp6": 80.3, "resid_tp6": 74.6}}, {"type": "Feature", "geometry": {"type": "Point", "coordinates": [-91.4864751, 41.1982623]}, "properties": {"plot_id": "Crawfordsville-4353-9-42", "site_id": "Crawfordsville", "year": 2022, "actual": 149.61, "pred_records": 47.9, "resid_records": 101.7, "pred_tp1": 91.9, "resid_tp1": 57.7, "pred_tp2": 97.5, "resid_tp2": 52.1, "pred_tp3": 107.7, "resid_tp3": 41.9, "pred_tp4": 66.7, "resid_tp4": 82.9, "pred_tp5": 74.9, "resid_tp5": 74.7, "pred_tp6": 67.4, "resid_tp6": 82.2}}, {"type": "Feature", "geometry": {"type": "Point", "coordinates": [-91.4865109, 41.1982628]}, "properties": {"plot_id": "Crawfordsville-4353-9-43", "site_id": "Crawfordsville", "year": 2022, "actual": 149.43, "pred_records": 93.4, "resid_records": 56.0, "pred_tp1": 115.0, "resid_tp1": 34.4, "pred_tp2": 106.7, "resid_tp2": 42.7, "pred_tp3": 119.3, "resid_tp3": 30.1, "pred_tp4": 84.9, "resid_tp4": 64.6, "pred_tp5": 88.2, "resid_tp5": 61.2, "pred_tp6": 84.5, "resid_tp6": 64.9}}, {"type": "Feature", "geometry": {"type": "Point", "coordinates": [-91.4865467, 41.1982619]}, "properties": {"plot_id": "Crawfordsville-4353-9-44", "site_id": "Crawfordsville", "year": 2022, "actual": 169.02, "pred_records": 85.3, "resid_records": 83.7, "pred_tp1": 110.2, "resid_tp1": 58.9, "pred_tp2": 109.2, "resid_tp2": 59.8, "pred_tp3": 125.3, "resid_tp3": 43.7, "pred_tp4": 77.8, "resid_tp4": 91.2, "pred_tp5": 79.5, "resid_tp5": 89.5, "pred_tp6": 86.7, "resid_tp6": 82.3}}, {"type": "Feature", "geometry": {"type": "Point", "coordinates": [-91.4865843, 41.1982624]}, "properties": {"plot_id": "Crawfordsville-4353-9-45", "site_id": "Crawfordsville", "year": 2022, "actual": 169.93, "pred_records": 93.4, "resid_records": 76.5, "pred_tp1": 121.4, "resid_tp1": 48.6, "pred_tp2": 111.5, "resid_tp2": 58.5, "pred_tp3": 118.6, "resid_tp3": 51.4, "pred_tp4": 86.8, "resid_tp4": 83.1, "pred_tp5": 80.2, "resid_tp5": 89.8, "pred_tp6": 90.6, "resid_tp6": 79.3}}, {"type": "Feature", "geometry": {"type": "Point", "coordinates": [-91.48662, 41.1982629]}, "properties": {"plot_id": "Crawfordsville-4353-9-46", "site_id": "Crawfordsville", "year": 2022, "actual": 158.97, "pred_records": 65.5, "resid_records": 93.5, "pred_tp1": 102.4, "resid_tp1": 56.6, "pred_tp2": 132.9, "resid_tp2": 26.0, "pred_tp3": 136.7, "resid_tp3": 22.3, "pred_tp4": 94.0, "resid_tp4": 65.0, "pred_tp5": 89.1, "resid_tp5": 69.9, "pred_tp6": 94.4, "resid_tp6": 64.6}}, {"type": "Feature", "geometry": {"type": "Point", "coordinates": [-96.6161204, 40.8521645]}, "properties": {"plot_id": "Lincoln-hybrids-10-10", "site_id": "Lincoln", "year": 2022, "actual": 27.16, "pred_records": 108.0, "resid_records": -80.9, "pred_tp1": 125.2, "resid_tp1": -98.0, "pred_tp2": 104.5, "resid_tp2": -77.3, "pred_tp3": 101.8, "resid_tp3": -74.7, "pred_tp4": 102.4, "resid_tp4": -75.3, "pred_tp5": 104.2, "resid_tp5": -77.0, "pred_tp6": 105.5, "resid_tp6": -78.3}}, {"type": "Feature", "geometry": {"type": "Point", "coordinates": [-96.6160492, 40.8521644]}, "properties": {"plot_id": "Lincoln-hybrids-10-11", "site_id": "Lincoln", "year": 2022, "actual": 29.65, "pred_records": 125.2, "resid_records": -95.5, "pred_tp1": 124.8, "resid_tp1": -95.2, "pred_tp2": 111.5, "resid_tp2": -81.9, "pred_tp3": 97.1, "resid_tp3": -67.5, "pred_tp4": 101.4, "resid_tp4": -71.7, "pred_tp5": 102.3, "resid_tp5": -72.6, "pred_tp6": 114.6, "resid_tp6": -85.0}}, {"type": "Feature", "geometry": {"type": "Point", "coordinates": [-96.6159762, 40.8521642]}, "properties": {"plot_id": "Lincoln-hybrids-10-12", "site_id": "Lincoln", "year": 2022, "actual": 43.87, "pred_records": 114.0, "resid_records": -70.1, "pred_tp1": 122.8, "resid_tp1": -78.9, "pred_tp2": 126.5, "resid_tp2": -82.6, "pred_tp3": 103.2, "resid_tp3": -59.4, "pred_tp4": 115.5, "resid_tp4": -71.6, "pred_tp5": 131.6, "resid_tp5": -87.8, "pred_tp6": 125.3, "resid_tp6": -81.5}}, {"type": "Feature", "geometry": {"type": "Point", "coordinates": [-96.6159051, 40.8521628]}, "properties": {"plot_id": "Lincoln-hybrids-10-13", "site_id": "Lincoln", "year": 2022, "actual": 78.16, "pred_records": 114.9, "resid_records": -36.7, "pred_tp1": 116.9, "resid_tp1": -38.8, "pred_tp2": 130.6, "resid_tp2": -52.4, "pred_tp3": 109.9, "resid_tp3": -31.8, "pred_tp4": 112.5, "resid_tp4": -34.3, "pred_tp5": 122.3, "resid_tp5": -44.1, "pred_tp6": 116.1, "resid_tp6": -37.9}}, {"type": "Feature", "geometry": {"type": "Point", "coordinates": [-96.615761, 40.8521625]}, "properties": {"plot_id": "Lincoln-hybrids-10-15", "site_id": "Lincoln", "year": 2022, "actual": 69.07, "pred_records": 135.0, "resid_records": -65.9, "pred_tp1": 146.5, "resid_tp1": -77.4, "pred_tp2": 138.2, "resid_tp2": -69.2, "pred_tp3": 127.0, "resid_tp3": -57.9, "pred_tp4": 116.3, "resid_tp4": -47.2, "pred_tp5": 126.2, "resid_tp5": -57.2, "pred_tp6": 131.7, "resid_tp6": -62.7}}, {"type": "Feature", "geometry": {"type": "Point", "coordinates": [-96.6156899, 40.852161]}, "properties": {"plot_id": "Lincoln-hybrids-10-16", "site_id": "Lincoln", "year": 2022, "actual": 35.9, "pred_records": 150.1, "resid_records": -114.2, "pred_tp1": 142.4, "resid_tp1": -106.5, "pred_tp2": 132.1, "resid_tp2": -96.2, "pred_tp3": 137.9, "resid_tp3": -102.0, "pred_tp4": 124.7, "resid_tp4": -88.8, "pred_tp5": 123.7, "resid_tp5": -87.8, "pred_tp6": 126.0, "resid_tp6": -90.1}}, {"type": "Feature", "geometry": {"type": "Point", "coordinates": [-96.615617, 40.8521595]}, "properties": {"plot_id": "Lincoln-hybrids-10-17", "site_id": "Lincoln", "year": 2022, "actual": 28.73, "pred_records": 133.8, "resid_records": -105.1, "pred_tp1": 118.7, "resid_tp1": -90.0, "pred_tp2": 113.8, "resid_tp2": -85.1, "pred_tp3": 118.4, "resid_tp3": -89.7, "pred_tp4": 114.4, "resid_tp4": -85.7, "pred_tp5": 119.9, "resid_tp5": -91.1, "pred_tp6": 120.7, "resid_tp6": -92.0}}, {"type": "Feature", "geometry": {"type": "Point", "coordinates": [-96.6155458, 40.8521594]}, "properties": {"plot_id": "Lincoln-hybrids-10-18", "site_id": "Lincoln", "year": 2022, "actual": 59.0, "pred_records": 121.8, "resid_records": -62.8, "pred_tp1": 125.5, "resid_tp1": -66.5, "pred_tp2": 118.9, "resid_tp2": -59.9, "pred_tp3": 121.2, "resid_tp3": -62.2, "pred_tp4": 117.3, "resid_tp4": -58.3, "pred_tp5": 121.3, "resid_tp5": -62.3, "pred_tp6": 121.7, "resid_tp6": -62.7}}, {"type": "Feature", "geometry": {"type": "Point", "coordinates": [-96.6154729, 40.8521592]}, "properties": {"plot_id": "Lincoln-hybrids-10-19", "site_id": "Lincoln", "year": 2022, "actual": 112.43, "pred_records": 162.7, "resid_records": -50.3, "pred_tp1": 156.7, "resid_tp1": -44.3, "pred_tp2": 147.3, "resid_tp2": -34.9, "pred_tp3": 147.3, "resid_tp3": -34.9, "pred_tp4": 143.3, "resid_tp4": -30.9, "pred_tp5": 141.0, "resid_tp5": -28.6, "pred_tp6": 148.5, "resid_tp6": -36.1}}, {"type": "Feature", "geometry": {"type": "Point", "coordinates": [-96.6166966, 40.852171]}, "properties": {"plot_id": "Lincoln-hybrids-10-2", "site_id": "Lincoln", "year": 2022, "actual": 102.31, "pred_records": 152.3, "resid_records": -50.0, "pred_tp1": 164.5, "resid_tp1": -62.2, "pred_tp2": 160.0, "resid_tp2": -57.7, "pred_tp3": 128.0, "resid_tp3": -25.7, "pred_tp4": 140.5, "resid_tp4": -38.2, "pred_tp5": 145.8, "resid_tp5": -43.5, "pred_tp6": 156.9, "resid_tp6": -54.6}}, {"type": "Feature", "geometry": {"type": "Point", "coordinates": [-96.6154017, 40.8521578]}, "properties": {"plot_id": "Lincoln-hybrids-10-20", "site_id": "Lincoln", "year": 2022, "actual": 52.14, "pred_records": 146.6, "resid_records": -94.5, "pred_tp1": 144.9, "resid_tp1": -92.7, "pred_tp2": 129.4, "resid_tp2": -77.2, "pred_tp3": 131.7, "resid_tp3": -79.6, "pred_tp4": 122.8, "resid_tp4": -70.6, "pred_tp5": 120.9, "resid_tp5": -68.7, "pred_tp6": 130.3, "resid_tp6": -78.2}}, {"type": "Feature", "geometry": {"type": "Point", "coordinates": [-96.6153288, 40.8521576]}, "properties": {"plot_id": "Lincoln-hybrids-10-21", "site_id": "Lincoln", "year": 2022, "actual": 66.04, "pred_records": 147.0, "resid_records": -81.0, "pred_tp1": 155.7, "resid_tp1": -89.6, "pred_tp2": 139.0, "resid_tp2": -72.9, "pred_tp3": 123.0, "resid_tp3": -56.9, "pred_tp4": 126.7, "resid_tp4": -60.6, "pred_tp5": 127.2, "resid_tp5": -61.1, "pred_tp6": 131.8, "resid_tp6": -65.8}}, {"type": "Feature", "geometry": {"type": "Point", "coordinates": [-96.6152576, 40.8521575]}, "properties": {"plot_id": "Lincoln-hybrids-10-22", "site_id": "Lincoln", "year": 2022, "actual": 48.6, "pred_records": 128.0, "resid_records": -79.4, "pred_tp1": 116.2, "resid_tp1": -67.6, "pred_tp2": 107.5, "resid_tp2": -58.9, "pred_tp3": 95.8, "resid_tp3": -47.2, "pred_tp4": 101.2, "resid_tp4": -52.6, "pred_tp5": 100.2, "resid_tp5": -51.6, "pred_tp6": 110.0, "resid_tp6": -61.4}}, {"type": "Feature", "geometry": {"type": "Point", "coordinates": [-96.6151865, 40.852156]}, "properties": {"plot_id": "Lincoln-hybrids-10-23", "site_id": "Lincoln", "year": 2022, "actual": 11.15, "pred_records": 126.5, "resid_records": -115.3, "pred_tp1": 109.5, "resid_tp1": -98.4, "pred_tp2": 109.3, "resid_tp2": -98.2, "pred_tp3": 98.9, "resid_tp3": -87.7, "pred_tp4": 101.2, "resid_tp4": -90.0, "pred_tp5": 99.4, "resid_tp5": -88.2, "pred_tp6": 110.3, "resid_tp6": -99.2}}, {"type": "Feature", "geometry": {"type": "Point", "coordinates": [-96.6151136, 40.8521559]}, "properties": {"plot_id": "Lincoln-hybrids-10-24", "site_id": "Lincoln", "year": 2022, "actual": 34.23, "pred_records": 147.0, "resid_records": -112.7, "pred_tp1": 137.1, "resid_tp1": -102.9, "pred_tp2": 126.6, "resid_tp2": -92.3, "pred_tp3": 135.1, "resid_tp3": -100.9, "pred_tp4": 121.2, "resid_tp4": -87.0, "pred_tp5": 115.1, "resid_tp5": -80.9, "pred_tp6": 125.9, "resid_tp6": -91.7}}, {"type": "Feature", "geometry": {"type": "Point", "coordinates": [-96.6150424, 40.8521544]}, "properties": {"plot_id": "Lincoln-hybrids-10-25", "site_id": "Lincoln", "year": 2022, "actual": 39.63, "pred_records": 124.6, "resid_records": -85.0, "pred_tp1": 99.7, "resid_tp1": -60.0, "pred_tp2": 104.1, "resid_tp2": -64.5, "pred_tp3": 90.6, "resid_tp3": -51.0, "pred_tp4": 102.6, "resid_tp4": -63.0, "pred_tp5": 100.3, "resid_tp5": -60.7, "pred_tp6": 108.1, "resid_tp6": -68.5}}, {"type": "Feature", "geometry": {"type": "Point", "coordinates": [-96.6149695, 40.8521542]}, "properties": {"plot_id": "Lincoln-hybrids-10-26", "site_id": "Lincoln", "year": 2022, "actual": 43.42, "pred_records": 133.8, "resid_records": -90.4, "pred_tp1": 130.0, "resid_tp1": -86.5, "pred_tp2": 114.3, "resid_tp2": -70.9, "pred_tp3": 91.2, "resid_tp3": -47.7, "pred_tp4": 107.4, "resid_tp4": -64.0, "pred_tp5": 106.6, "resid_tp5": -63.2, "pred_tp6": 117.7, "resid_tp6": -74.2}}, {"type": "Feature", "geometry": {"type": "Point", "coordinates": [-96.6148272, 40.8521526]}, "properties": {"plot_id": "Lincoln-hybrids-10-28", "site_id": "Lincoln", "year": 2022, "actual": 47.98, "pred_records": 119.7, "resid_records": -71.7, "pred_tp1": 131.4, "resid_tp1": -83.5, "pred_tp2": 131.4, "resid_tp2": -83.4, "pred_tp3": 118.3, "resid_tp3": -70.4, "pred_tp4": 120.9, "resid_tp4": -72.9, "pred_tp5": 124.0, "resid_tp5": -76.1, "pred_tp6": 139.6, "resid_tp6": -91.6}}, {"type": "Feature", "geometry": {"type": "Point", "coordinates": [-96.6147542, 40.8521525]}, "properties": {"plot_id": "Lincoln-hybrids-10-29", "site_id": "Lincoln", "year": 2022, "actual": 31.08, "pred_records": 143.5, "resid_records": -112.4, "pred_tp1": 145.4, "resid_tp1": -114.4, "pred_tp2": 122.2, "resid_tp2": -91.1, "pred_tp3": 117.0, "resid_tp3": -85.9, "pred_tp4": 126.9, "resid_tp4": -95.8, "pred_tp5": 124.0, "resid_tp5": -92.9, "pred_tp6": 131.5, "resid_tp6": -100.4}}, {"type": "Feature", "geometry": {"type": "Point", "coordinates": [-96.6166237, 40.8521695]}, "properties": {"plot_id": "Lincoln-hybrids-10-3", "site_id": "Lincoln", "year": 2022, "actual": 75.29, "pred_records": 114.9, "resid_records": -39.6, "pred_tp1": 112.4, "resid_tp1": -37.1, "pred_tp2": 120.7, "resid_tp2": -45.5, "pred_tp3": 103.4, "resid_tp3": -28.1, "pred_tp4": 107.2, "resid_tp4": -31.9, "pred_tp5": 121.9, "resid_tp5": -46.6, "pred_tp6": 114.8, "resid_tp6": -39.5}}, {"type": "Feature", "geometry": {"type": "Point", "coordinates": [-96.6146813, 40.852151]}, "properties": {"plot_id": "Lincoln-hybrids-10-30", "site_id": "Lincoln", "year": 2022, "actual": 50.75, "pred_records": 140.9, "resid_records": -90.2, "pred_tp1": 138.8, "resid_tp1": -88.1, "pred_tp2": 133.0, "resid_tp2": -82.2, "pred_tp3": 114.8, "resid_tp3": -64.0, "pred_tp4": 126.6, "resid_tp4": -75.9, "pred_tp5": 126.4, "resid_tp5": -75.6, "pred_tp6": 137.9, "resid_tp6": -87.1}}, {"type": "Feature", "geometry": {"type": "Point", "coordinates": [-96.6146102, 40.8521508]}, "properties": {"plot_id": "Lincoln-hybrids-10-31", "site_id": "Lincoln", "year": 2022, "actual": 19.84, "pred_records": 114.5, "resid_records": -94.7, "pred_tp1": 121.9, "resid_tp1": -102.1, "pred_tp2": 109.0, "resid_tp2": -89.1, "pred_tp3": 110.0, "resid_tp3": -90.2, "pred_tp4": 110.9, "resid_tp4": -91.1, "pred_tp5": 107.1, "resid_tp5": -87.2, "pred_tp6": 121.2, "resid_tp6": -101.4}}, {"type": "Feature", "geometry": {"type": "Point", "coordinates": [-96.614539, 40.8521507]}, "properties": {"plot_id": "Lincoln-hybrids-10-32", "site_id": "Lincoln", "year": 2022, "actual": 14.48, "pred_records": 106.7, "resid_records": -92.2, "pred_tp1": 91.9, "resid_tp1": -77.4, "pred_tp2": 96.8, "resid_tp2": -82.3, "pred_tp3": 110.0, "resid_tp3": -95.6, "pred_tp4": 109.7, "resid_tp4": -95.2, "pred_tp5": 111.6, "resid_tp5": -97.1, "pred_tp6": 117.3, "resid_tp6": -102.8}}, {"type": "Feature", "geometry": {"type": "Point", "coordinates": [-96.6144661, 40.8521492]}, "properties": {"plot_id": "Lincoln-hybrids-10-33", "site_id": "Lincoln", "year": 2022, "actual": 14.29, "pred_records": 138.4, "resid_records": -124.1, "pred_tp1": 132.3, "resid_tp1": -118.0, "pred_tp2": 117.9, "resid_tp2": -103.6, "pred_tp3": 117.0, "resid_tp3": -102.7, "pred_tp4": 126.7, "resid_tp4": -112.4, "pred_tp5": 113.7, "resid_tp5": -99.4, "pred_tp6": 129.0, "resid_tp6": -114.7}}, {"type": "Feature", "geometry": {"type": "Point", "coordinates": [-96.614395, 40.8521477]}, "properties": {"plot_id": "Lincoln-hybrids-10-34", "site_id": "Lincoln", "year": 2022, "actual": 8.59, "pred_records": 115.4, "resid_records": -106.8, "pred_tp1": 94.2, "resid_tp1": -85.6, "pred_tp2": 101.5, "resid_tp2": -92.9, "pred_tp3": 107.2, "resid_tp3": -98.6, "pred_tp4": 102.0, "resid_tp4": -93.5, "pred_tp5": 90.6, "resid_tp5": -82.0, "pred_tp6": 109.4, "resid_tp6": -100.8}}, {"type": "Feature", "geometry": {"type": "Point", "coordinates": [-96.614322, 40.8521476]}, "properties": {"plot_id": "Lincoln-hybrids-10-35", "site_id": "Lincoln", "year": 2022, "actual": 13.27, "pred_records": 134.3, "resid_records": -121.1, "pred_tp1": 129.1, "resid_tp1": -115.8, "pred_tp2": 119.1, "resid_tp2": -105.9, "pred_tp3": 107.8, "resid_tp3": -94.5, "pred_tp4": 111.8, "resid_tp4": -98.5, "pred_tp5": 101.9, "resid_tp5": -88.7, "pred_tp6": 119.6, "resid_tp6": -106.3}}, {"type": "Feature", "geometry": {"type": "Point", "coordinates": [-96.6142509, 40.8521475]}, "properties": {"plot_id": "Lincoln-hybrids-10-36", "site_id": "Lincoln", "year": 2022, "actual": 15.07, "pred_records": 126.6, "resid_records": -111.5, "pred_tp1": 106.7, "resid_tp1": -91.7, "pred_tp2": 125.7, "resid_tp2": -110.6, "pred_tp3": 118.5, "resid_tp3": -103.4, "pred_tp4": 134.2, "resid_tp4": -119.2, "pred_tp5": 122.8, "resid_tp5": -107.7, "pred_tp6": 131.2, "resid_tp6": -116.1}}, {"type": "Feature", "geometry": {"type": "Point", "coordinates": [-96.6141797, 40.852146]}, "properties": {"plot_id": "Lincoln-hybrids-10-37", "site_id": "Lincoln", "year": 2022, "actual": 3.6, "pred_records": 128.8, "resid_records": -125.2, "pred_tp1": 104.4, "resid_tp1": -100.8, "pred_tp2": 112.4, "resid_tp2": -108.8, "pred_tp3": 120.8, "resid_tp3": -117.2, "pred_tp4": 127.0, "resid_tp4": -123.4, "pred_tp5": 128.7, "resid_tp5": -125.1, "pred_tp6": 133.0, "resid_tp6": -129.4}}, {"type": "Feature", "geometry": {"type": "Point", "coordinates": [-96.6141068, 40.8521458]}, "properties": {"plot_id": "Lincoln-hybrids-10-38", "site_id": "Lincoln", "year": 2022, "actual": 14.98, "pred_records": 110.8, "resid_records": -95.9, "pred_tp1": 125.5, "resid_tp1": -110.5, "pred_tp2": 107.5, "resid_tp2": -92.5, "pred_tp3": 116.9, "resid_tp3": -101.9, "pred_tp4": 118.1, "resid_tp4": -103.1, "pred_tp5": 111.1, "resid_tp5": -96.2, "pred_tp6": 128.2, "resid_tp6": -113.2}}, {"type": "Feature", "geometry": {"type": "Point", "coordinates": [-96.6140338, 40.8521457]}, "properties": {"plot_id": "Lincoln-hybrids-10-39", "site_id": "Lincoln", "year": 2022, "actual": 20.07, "pred_records": 136.4, "resid_records": -116.3, "pred_tp1": 99.5, "resid_tp1": -79.4, "pred_tp2": 109.0, "resid_tp2": -89.0, "pred_tp3": 124.0, "resid_tp3": -103.9, "pred_tp4": 125.3, "resid_tp4": -105.2, "pred_tp5": 119.2, "resid_tp5": -99.1, "pred_tp6": 131.6, "resid_tp6": -111.6}}, {"type": "Feature", "geometry": {"type": "Point", "coordinates": [-96.6165526, 40.8521694]}, "properties": {"plot_id": "Lincoln-hybrids-10-4", "site_id": "Lincoln", "year": 2022, "actual": 24.04, "pred_records": 114.9, "resid_records": -90.9, "pred_tp1": 104.2, "resid_tp1": -80.2, "pred_tp2": 106.4, "resid_tp2": -82.4, "pred_tp3": 110.4, "resid_tp3": -86.3, "pred_tp4": 98.4, "resid_tp4": -74.3, "pred_tp5": 96.8, "resid_tp5": -72.8, "pred_tp6": 105.5, "resid_tp6": -81.5}}, {"type": "Feature", "geometry": {"type": "Point", "coordinates": [-96.6164796, 40.8521692]}, "properties": {"plot_id": "Lincoln-hybrids-10-5", "site_id": "Lincoln", "year": 2022, "actual": 32.22, "pred_records": 123.8, "resid_records": -91.5, "pred_tp1": 133.7, "resid_tp1": -101.5, "pred_tp2": 119.8, "resid_tp2": -87.5, "pred_tp3": 112.0, "resid_tp3": -79.7, "pred_tp4": 115.9, "resid_tp4": -83.7, "pred_tp5": 116.7, "resid_tp5": -84.4, "pred_tp6": 121.7, "resid_tp6": -89.5}}, {"type": "Feature", "geometry": {"type": "Point", "coordinates": [-96.6164085, 40.8521678]}, "properties": {"plot_id": "Lincoln-hybrids-10-6", "site_id": "Lincoln", "year": 2022, "actual": 71.69, "pred_records": 133.5, "resid_records": -61.8, "pred_tp1": 142.7, "resid_tp1": -71.0, "pred_tp2": 123.6, "resid_tp2": -51.9, "pred_tp3": 81.9, "resid_tp3": -10.2, "pred_tp4": 107.3, "resid_tp4": -35.7, "pred_tp5": 111.5, "resid_tp5": -39.8, "pred_tp6": 116.6, "resid_tp6": -44.9}}, {"type": "Feature", "geometry": {"type": "Point", "coordinates": [-96.6163356, 40.8521676]}, "properties": {"plot_id": "Lincoln-hybrids-10-7", "site_id": "Lincoln", "year": 2022, "actual": 10.57, "pred_records": 114.3, "resid_records": -103.8, "pred_tp1": 91.1, "resid_tp1": -80.6, "pred_tp2": 105.7, "resid_tp2": -95.1, "pred_tp3": 101.3, "resid_tp3": -90.8, "pred_tp4": 93.6, "resid_tp4": -83.1, "pred_tp5": 88.2, "resid_tp5": -77.7, "pred_tp6": 99.7, "resid_tp6": -89.1}}, {"type": "Feature", "geometry": {"type": "Point", "coordinates": [-96.6162644, 40.8521661]}, "properties": {"plot_id": "Lincoln-hybrids-10-8", "site_id": "Lincoln", "year": 2022, "actual": 8.33, "pred_records": 65.1, "resid_records": -56.8, "pred_tp1": 105.3, "resid_tp1": -96.9, "pred_tp2": 105.6, "resid_tp2": -97.3, "pred_tp3": 81.3, "resid_tp3": -73.0, "pred_tp4": 102.4, "resid_tp4": -94.0, "pred_tp5": 107.5, "resid_tp5": -99.1, "pred_tp6": 108.9, "resid_tp6": -100.6}}, {"type": "Feature", "geometry": {"type": "Point", "coordinates": [-96.6161933, 40.852166]}, "properties": {"plot_id": "Lincoln-hybrids-10-9", "site_id": "Lincoln", "year": 2022, "actual": 35.64, "pred_records": 114.1, "resid_records": -78.5, "pred_tp1": 120.6, "resid_tp1": -84.9, "pred_tp2": 103.8, "resid_tp2": -68.2, "pred_tp3": 93.1, "resid_tp3": -57.5, "pred_tp4": 104.6, "resid_tp4": -69.0, "pred_tp5": 117.8, "resid_tp5": -82.2, "pred_tp6": 118.5, "resid_tp6": -82.9}}, {"type": "Feature", "geometry": {"type": "Point", "coordinates": [-96.6161213, 40.8521375]}, "properties": {"plot_id": "Lincoln-hybrids-11-10", "site_id": "Lincoln", "year": 2022, "actual": 53.92, "pred_records": 108.9, "resid_records": -55.0, "pred_tp1": 105.3, "resid_tp1": -51.3, "pred_tp2": 112.9, "resid_tp2": -59.0, "pred_tp3": 89.3, "resid_tp3": -35.4, "pred_tp4": 104.2, "resid_tp4": -50.3, "pred_tp5": 110.4, "resid_tp5": -56.4, "pred_tp6": 116.1, "resid_tp6": -62.2}}, {"type": "Feature", "geometry": {"type": "Point", "coordinates": [-96.6160484, 40.8521374]}, "properties": {"plot_id": "Lincoln-hybrids-11-11", "site_id": "Lincoln", "year": 2022, "actual": 14.9, "pred_records": 125.2, "resid_records": -110.3, "pred_tp1": 124.5, "resid_tp1": -109.6, "pred_tp2": 112.3, "resid_tp2": -97.4, "pred_tp3": 127.4, "resid_tp3": -112.5, "pred_tp4": 116.9, "resid_tp4": -102.0, "pred_tp5": 112.3, "resid_tp5": -97.4, "pred_tp6": 121.5, "resid_tp6": -106.6}}, {"type": "Feature", "geometry": {"type": "Point", "coordinates": [-96.6159772, 40.8521372]}, "properties": {"plot_id": "Lincoln-hybrids-11-12", "site_id": "Lincoln", "year": 2022, "actual": 44.83, "pred_records": 115.3, "resid_records": -70.4, "pred_tp1": 124.7, "resid_tp1": -79.9, "pred_tp2": 125.4, "resid_tp2": -80.6, "pred_tp3": 114.2, "resid_tp3": -69.4, "pred_tp4": 117.1, "resid_tp4": -72.3, "pred_tp5": 126.3, "resid_tp5": -81.4, "pred_tp6": 131.4, "resid_tp6": -86.5}}, {"type": "Feature", "geometry": {"type": "Point", "coordinates": [-96.6159061, 40.8521358]}, "properties": {"plot_id": "Lincoln-hybrids-11-13", "site_id": "Lincoln", "year": 2022, "actual": 33.22, "pred_records": 65.1, "resid_records": -31.9, "pred_tp1": 94.5, "resid_tp1": -61.3, "pred_tp2": 91.2, "resid_tp2": -58.0, "pred_tp3": 62.6, "resid_tp3": -29.4, "pred_tp4": 98.4, "resid_tp4": -65.1, "pred_tp5": 100.8, "resid_tp5": -67.6, "pred_tp6": 95.5, "resid_tp6": -62.3}}, {"type": "Feature", "geometry": {"type": "Point", "coordinates": [-96.615762, 40.8521341]}, "properties": {"plot_id": "Lincoln-hybrids-11-15", "site_id": "Lincoln", "year": 2022, "actual": 76.42, "pred_records": 130.0, "resid_records": -53.5, "pred_tp1": 146.1, "resid_tp1": -69.7, "pred_tp2": 146.0, "resid_tp2": -69.6, "pred_tp3": 117.3, "resid_tp3": -40.9, "pred_tp4": 119.6, "resid_tp4": -43.2, "pred_tp5": 127.2, "resid_tp5": -50.8, "pred_tp6": 122.9, "resid_tp6": -46.5}}, {"type": "Feature", "geometry": {"type": "Point", "coordinates": [-96.6156891, 40.852134]}, "properties": {"plot_id": "Lincoln-hybrids-11-16", "site_id": "Lincoln", "year": 2022, "actual": 52.9, "pred_records": 100.1, "resid_records": -47.2, "pred_tp1": 114.3, "resid_tp1": -61.4, "pred_tp2": 118.5, "resid_tp2": -65.6, "pred_tp3": 102.3, "resid_tp3": -49.4, "pred_tp4": 115.1, "resid_tp4": -62.2, "pred_tp5": 121.8, "resid_tp5": -68.9, "pred_tp6": 112.3, "resid_tp6": -59.4}}, {"type": "Feature", "geometry": {"type": "Point", "coordinates": [-96.6156179, 40.8521325]}, "properties": {"plot_id": "Lincoln-hybrids-11-17", "site_id": "Lincoln", "year": 2022, "actual": 66.1, "pred_records": 108.6, "resid_records": -42.5, "pred_tp1": 99.6, "resid_tp1": -33.5, "pred_tp2": 108.5, "resid_tp2": -42.4, "pred_tp3": 94.1, "resid_tp3": -28.0, "pred_tp4": 110.5, "resid_tp4": -44.4, "pred_tp5": 108.7, "resid_tp5": -42.6, "pred_tp6": 108.5, "resid_tp6": -42.4}}, {"type": "Feature", "geometry": {"type": "Point", "coordinates": [-96.615545, 40.8521324]}, "properties": {"plot_id": "Lincoln-hybrids-11-18", "site_id": "Lincoln", "year": 2022, "actual": 26.48, "pred_records": 149.7, "resid_records": -123.2, "pred_tp1": 122.5, "resid_tp1": -96.0, "pred_tp2": 124.8, "resid_tp2": -98.4, "pred_tp3": 131.3, "resid_tp3": -104.8, "pred_tp4": 128.1, "resid_tp4": -101.6, "pred_tp5": 123.3, "resid_tp5": -96.9, "pred_tp6": 130.0, "resid_tp6": -103.5}}, {"type": "Feature", "geometry": {"type": "Point", "coordinates": [-96.6154738, 40.8521322]}, "properties": {"plot_id": "Lincoln-hybrids-11-19", "site_id": "Lincoln", "year": 2022, "actual": 27.25, "pred_records": 135.8, "resid_records": -108.5, "pred_tp1": 122.5, "resid_tp1": -95.3, "pred_tp2": 124.4, "resid_tp2": -97.2, "pred_tp3": 136.8, "resid_tp3": -109.6, "pred_tp4": 127.0, "resid_tp4": -99.7, "pred_tp5": 133.2, "resid_tp5": -105.9, "pred_tp6": 132.3, "resid_tp6": -105.0}}, {"type": "Feature", "geometry": {"type": "Point", "coordinates": [-96.6166958, 40.852144]}, "properties": {"plot_id": "Lincoln-hybrids-11-2", "site_id": "Lincoln", "year": 2022, "actual": 51.16, "pred_records": 133.3, "resid_records": -82.2, "pred_tp1": 148.5, "resid_tp1": -97.3, "pred_tp2": 140.6, "resid_tp2": -89.4, "pred_tp3": 122.5, "resid_tp3": -71.4, "pred_tp4": 133.6, "resid_tp4": -82.4, "pred_tp5": 136.6, "resid_tp5": -85.4, "pred_tp6": 139.4, "resid_tp6": -88.2}}, {"type": "Feature", "geometry": {"type": "Point", "coordinates": [-96.6154009, 40.8521307]}, "properties": {"plot_id": "Lincoln-hybrids-11-20", "site_id": "Lincoln", "year": 2022, "actual": 20.81, "pred_records": 99.1, "resid_records": -78.3, "pred_tp1": 113.0, "resid_tp1": -92.2, "pred_tp2": 93.2, "resid_tp2": -72.4, "pred_tp3": 90.7, "resid_tp3": -69.9, "pred_tp4": 99.9, "resid_tp4": -79.1, "pred_tp5": 104.0, "resid_tp5": -83.2, "pred_tp6": 103.2, "resid_tp6": -82.4}}, {"type": "Feature", "geometry": {"type": "Point", "coordinates": [-96.6153298, 40.8521306]}, "properties": {"plot_id": "Lincoln-hybrids-11-21", "site_id": "Lincoln", "year": 2022, "actual": 28.23, "pred_records": 129.9, "resid_records": -101.7, "pred_tp1": 136.2, "resid_tp1": -107.9, "pred_tp2": 122.9, "resid_tp2": -94.6, "pred_tp3": 116.3, "resid_tp3": -88.1, "pred_tp4": 117.5, "resid_tp4": -89.2, "pred_tp5": 117.0, "resid_tp5": -88.8, "pred_tp6": 122.9, "resid_tp6": -94.7}}, {"type": "Feature", "geometry": {"type": "Point", "coordinates": [-96.6152586, 40.8521305]}, "properties": {"plot_id": "Lincoln-hybrids-11-22", "site_id": "Lincoln", "year": 2022, "actual": 31.78, "pred_records": 135.6, "resid_records": -103.8, "pred_tp1": 126.0, "resid_tp1": -94.3, "pred_tp2": 113.3, "resid_tp2": -81.5, "pred_tp3": 98.3, "resid_tp3": -66.5, "pred_tp4": 102.3, "resid_tp4": -70.6, "pred_tp5": 104.9, "resid_tp5": -73.1, "pred_tp6": 116.4, "resid_tp6": -84.7}}, {"type": "Feature", "geometry": {"type": "Point", "coordinates": [-96.6151857, 40.852129]}, "properties": {"plot_id": "Lincoln-hybrids-11-23", "site_id": "Lincoln", "year": 2022, "actual": 32.79, "pred_records": 128.5, "resid_records": -95.7, "pred_tp1": 135.2, "resid_tp1": -102.4, "pred_tp2": 115.1, "resid_tp2": -82.3, "pred_tp3": 111.7, "resid_tp3": -78.9, "pred_tp4": 115.6, "resid_tp4": -82.8, "pred_tp5": 113.9, "resid_tp5": -81.1, "pred_tp6": 120.1, "resid_tp6": -87.3}}, {"type": "Feature", "geometry": {"type": "Point", "coordinates": [-96.6151146, 40.8521275]}, "properties": {"plot_id": "Lincoln-hybrids-11-24", "site_id": "Lincoln", "year": 2022, "actual": 30.75, "pred_records": 149.7, "resid_records": -118.9, "pred_tp1": 128.1, "resid_tp1": -97.3, "pred_tp2": 129.6, "resid_tp2": -98.9, "pred_tp3": 108.7, "resid_tp3": -77.9, "pred_tp4": 117.2, "resid_tp4": -86.5, "pred_tp5": 114.7, "resid_tp5": -83.9, "pred_tp6": 122.0, "resid_tp6": -91.2}}, {"type": "Feature", "geometry": {"type": "Point", "coordinates": [-96.6150416, 40.8521273]}, "properties": {"plot_id": "Lincoln-hybrids-11-25", "site_id": "Lincoln", "year": 2022, "actual": 21.06, "pred_records": 134.1, "resid_records": -113.1, "pred_tp1": 118.4, "resid_tp1": -97.4, "pred_tp2": 118.1, "resid_tp2": -97.0, "pred_tp3": 125.9, "resid_tp3": -104.8, "pred_tp4": 109.8, "resid_tp4": -88.8, "pred_tp5": 115.0, "resid_tp5": -94.0, "pred_tp6": 119.4, "resid_tp6": -98.3}}, {"type": "Feature", "geometry": {"type": "Point", "coordinates": [-96.6149704, 40.8521272]}, "properties": {"plot_id": "Lincoln-hybrids-11-26", "site_id": "Lincoln", "year": 2022, "actual": 20.36, "pred_records": 133.8, "resid_records": -113.4, "pred_tp1": 118.0, "resid_tp1": -97.6, "pred_tp2": 117.8, "resid_tp2": -97.4, "pred_tp3": 127.6, "resid_tp3": -107.3, "pred_tp4": 109.2, "resid_tp4": -88.8, "pred_tp5": 112.2, "resid_tp5": -91.8, "pred_tp6": 116.7, "resid_tp6": -96.4}}, {"type": "Feature", "geometry": {"type": "Point", "coordinates": [-96.6148264, 40.8521256]}, "properties": {"plot_id": "Lincoln-hybrids-11-28", "site_id": "Lincoln", "year": 2022, "actual": 34.01, "pred_records": 80.5, "resid_records": -46.5, "pred_tp1": 86.8, "resid_tp1": -52.8, "pred_tp2": 97.5, "resid_tp2": -63.4, "pred_tp3": 98.6, "resid_tp3": -64.6, "pred_tp4": 106.6, "resid_tp4": -72.6, "pred_tp5": 112.3, "resid_tp5": -78.3, "pred_tp6": 116.1, "resid_tp6": -82.1}}, {"type": "Feature", "geometry": {"type": "Point", "coordinates": [-96.6147552, 40.8521255]}, "properties": {"plot_id": "Lincoln-hybrids-11-29", "site_id": "Lincoln", "year": 2022, "actual": 36.79, "pred_records": 75.1, "resid_records": -38.3, "pred_tp1": 79.5, "resid_tp1": -42.7, "pred_tp2": 91.5, "resid_tp2": -54.7, "pred_tp3": 89.4, "resid_tp3": -52.6, "pred_tp4": 103.8, "resid_tp4": -67.0, "pred_tp5": 99.8, "resid_tp5": -63.0, "pred_tp6": 103.3, "resid_tp6": -66.5}}, {"type": "Feature", "geometry": {"type": "Point", "coordinates": [-96.6166247, 40.8521425]}, "properties": {"plot_id": "Lincoln-hybrids-11-3", "site_id": "Lincoln", "year": 2022, "actual": 41.94, "pred_records": 119.7, "resid_records": -77.8, "pred_tp1": 129.3, "resid_tp1": -87.3, "pred_tp2": 125.8, "resid_tp2": -83.8, "pred_tp3": 122.9, "resid_tp3": -81.0, "pred_tp4": 136.2, "resid_tp4": -94.2, "pred_tp5": 135.3, "resid_tp5": -93.4, "pred_tp6": 135.2, "resid_tp6": -93.3}}, {"type": "Feature", "geometry": {"type": "Point", "coordinates": [-96.6146823, 40.852124]}, "properties": {"plot_id": "Lincoln-hybrids-11-30", "site_id": "Lincoln", "year": 2022, "actual": 31.48, "pred_records": 130.9, "resid_records": -99.4, "pred_tp1": 135.6, "resid_tp1": -104.1, "pred_tp2": 114.4, "resid_tp2": -82.9, "pred_tp3": 109.7, "resid_tp3": -78.2, "pred_tp4": 113.1, "resid_tp4": -81.6, "pred_tp5": 112.2, "resid_tp5": -80.7, "pred_tp6": 117.1, "resid_tp6": -85.6}}, {"type": "Feature", "geometry": {"type": "Point", "coordinates": [-96.6146111, 40.8521238]}, "properties": {"plot_id": "Lincoln-hybrids-11-31", "site_id": "Lincoln", "year": 2022, "actual": 22.78, "pred_records": 88.1, "resid_records": -65.3, "pred_tp1": 97.6, "resid_tp1": -74.8, "pred_tp2": 112.2, "resid_tp2": -89.4, "pred_tp3": 88.6, "resid_tp3": -65.8, "pred_tp4": 100.3, "resid_tp4": -77.5, "pred_tp5": 103.9, "resid_tp5": -81.1, "pred_tp6": 110.3, "resid_tp6": -87.5}}, {"type": "Feature", "geometry": {"type": "Point", "coordinates": [-96.61454, 40.8521224]}, "properties": {"plot_id": "Lincoln-hybrids-11-32", "site_id": "Lincoln", "year": 2022, "actual": 28.69, "pred_records": 111.2, "resid_records": -82.5, "pred_tp1": 118.9, "resid_tp1": -90.3, "pred_tp2": 106.6, "resid_tp2": -77.9, "pred_tp3": 107.9, "resid_tp3": -79.2, "pred_tp4": 114.1, "resid_tp4": -85.4, "pred_tp5": 112.9, "resid_tp5": -84.2, "pred_tp6": 121.6, "resid_tp6": -92.9}}, {"type": "Feature", "geometry": {"type": "Point", "coordinates": [-96.6144671, 40.8521222]}, "properties": {"plot_id": "Lincoln-hybrids-11-33", "site_id": "Lincoln", "year": 2022, "actual": 10.03, "pred_records": 126.6, "resid_records": -116.5, "pred_tp1": 137.1, "resid_tp1": -127.1, "pred_tp2": 121.9, "resid_tp2": -111.9, "pred_tp3": 115.9, "resid_tp3": -105.9, "pred_tp4": 118.2, "resid_tp4": -108.2, "pred_tp5": 112.7, "resid_tp5": -102.7, "pred_tp6": 120.5, "resid_tp6": -110.4}}, {"type": "Feature", "geometry": {"type": "Point", "coordinates": [-96.6143942, 40.8521207]}, "properties": {"plot_id": "Lincoln-hybrids-11-34", "site_id": "Lincoln", "year": 2022, "actual": 4.89, "pred_records": 89.4, "resid_records": -84.5, "pred_tp1": 84.6, "resid_tp1": -79.7, "pred_tp2": 91.2, "resid_tp2": -86.3, "pred_tp3": 88.2, "resid_tp3": -83.3, "pred_tp4": 102.4, "resid_tp4": -97.5, "pred_tp5": 94.8, "resid_tp5": -89.9, "pred_tp6": 97.7, "resid_tp6": -92.8}}, {"type": "Feature", "geometry": {"type": "Point", "coordinates": [-96.614323, 40.8521206]}, "properties": {"plot_id": "Lincoln-hybrids-11-35", "site_id": "Lincoln", "year": 2022, "actual": 12.57, "pred_records": 111.2, "resid_records": -98.7, "pred_tp1": 91.8, "resid_tp1": -79.2, "pred_tp2": 102.1, "resid_tp2": -89.5, "pred_tp3": 106.3, "resid_tp3": -93.8, "pred_tp4": 116.0, "resid_tp4": -103.4, "pred_tp5": 115.4, "resid_tp5": -102.8, "pred_tp6": 121.0, "resid_tp6": -108.4}}, {"type": "Feature", "geometry": {"type": "Point", "coordinates": [-96.6142518, 40.8521205]}, "properties": {"plot_id": "Lincoln-hybrids-11-36", "site_id": "Lincoln", "year": 2022, "actual": 21.43, "pred_records": 126.7, "resid_records": -105.2, "pred_tp1": 104.2, "resid_tp1": -82.7, "pred_tp2": 112.3, "resid_tp2": -90.9, "pred_tp3": 116.0, "resid_tp3": -94.6, "pred_tp4": 126.7, "resid_tp4": -105.3, "pred_tp5": 124.6, "resid_tp5": -103.2, "pred_tp6": 131.4, "resid_tp6": -110.0}}, {"type": "Feature", "geometry": {"type": "Point", "coordinates": [-96.6141789, 40.852119]}, "properties": {"plot_id": "Lincoln-hybrids-11-37", "site_id": "Lincoln", "year": 2022, "actual": 7.67, "pred_records": 134.5, "resid_records": -126.9, "pred_tp1": 106.9, "resid_tp1": -99.3, "pred_tp2": 120.7, "resid_tp2": -113.1, "pred_tp3": 125.9, "resid_tp3": -118.3, "pred_tp4": 130.5, "resid_tp4": -122.8, "pred_tp5": 120.9, "resid_tp5": -113.2, "pred_tp6": 138.1, "resid_tp6": -130.5}}, {"type": "Feature", "geometry": {"type": "Point", "coordinates": [-96.6141078, 40.8521188]}, "properties": {"plot_id": "Lincoln-hybrids-11-38", "site_id": "Lincoln", "year": 2022, "actual": 25.03, "pred_records": 106.1, "resid_records": -81.0, "pred_tp1": 97.7, "resid_tp1": -72.7, "pred_tp2": 99.4, "resid_tp2": -74.4, "pred_tp3": 114.6, "resid_tp3": -89.6, "pred_tp4": 117.4, "resid_tp4": -92.4, "pred_tp5": 110.5, "resid_tp5": -85.4, "pred_tp6": 125.8, "resid_tp6": -100.8}}, {"type": "Feature", "geometry": {"type": "Point", "coordinates": [-96.6140348, 40.8521187]}, "properties": {"plot_id": "Lincoln-hybrids-11-39", "site_id": "Lincoln", "year": 2022, "actual": 38.19, "pred_records": 128.8, "resid_records": -90.6, "pred_tp1": 123.5, "resid_tp1": -85.3, "pred_tp2": 108.5, "resid_tp2": -70.3, "pred_tp3": 123.9, "resid_tp3": -85.7, "pred_tp4": 123.7, "resid_tp4": -85.5, "pred_tp5": 124.7, "resid_tp5": -86.5, "pred_tp6": 129.9, "resid_tp6": -91.7}}, {"type": "Feature", "geometry": {"type": "Point", "coordinates": [-96.6165518, 40.8521424]}, "properties": {"plot_id": "Lincoln-hybrids-11-4", "site_id": "Lincoln", "year": 2022, "actual": 9.3, "pred_records": 138.2, "resid_records": -128.9, "pred_tp1": 117.2, "resid_tp1": -107.9, "pred_tp2": 125.2, "resid_tp2": -115.9, "pred_tp3": 112.8, "resid_tp3": -103.5, "pred_tp4": 111.0, "resid_tp4": -101.7, "pred_tp5": 103.2, "resid_tp5": -93.9, "pred_tp6": 111.3, "resid_tp6": -102.0}}, {"type": "Feature", "geometry": {"type": "Point", "coordinates": [-96.6164806, 40.8521422]}, "properties": {"plot_id": "Lincoln-hybrids-11-5", "site_id": "Lincoln", "year": 2022, "actual": 11.36, "pred_records": 125.4, "resid_records": -114.1, "pred_tp1": 98.3, "resid_tp1": -86.9, "pred_tp2": 109.9, "resid_tp2": -98.6, "pred_tp3": 107.7, "resid_tp3": -96.3, "pred_tp4": 102.2, "resid_tp4": -90.9, "pred_tp5": 98.0, "resid_tp5": -86.6, "pred_tp6": 105.2, "resid_tp6": -93.8}}, {"type": "Feature", "geometry": {"type": "Point", "coordinates": [-96.6164077, 40.8521407]}, "properties": {"plot_id": "Lincoln-hybrids-11-6", "site_id": "Lincoln", "year": 2022, "actual": 12.52, "pred_records": 112.3, "resid_records": -99.8, "pred_tp1": 98.3, "resid_tp1": -85.8, "pred_tp2": 101.4, "resid_tp2": -88.9, "pred_tp3": 87.9, "resid_tp3": -75.3, "pred_tp4": 91.9, "resid_tp4": -79.4, "pred_tp5": 88.5, "resid_tp5": -75.9, "pred_tp6": 100.4, "resid_tp6": -87.9}}, {"type": "Feature", "geometry": {"type": "Point", "coordinates": [-96.6163366, 40.8521393]}, "properties": {"plot_id": "Lincoln-hybrids-11-7", "site_id": "Lincoln", "year": 2022, "actual": 75.92, "pred_records": 123.4, "resid_records": -47.5, "pred_tp1": 143.1, "resid_tp1": -67.1, "pred_tp2": 125.8, "resid_tp2": -49.9, "pred_tp3": 102.9, "resid_tp3": -27.0, "pred_tp4": 100.5, "resid_tp4": -24.6, "pred_tp5": 112.0, "resid_tp5": -36.0, "pred_tp6": 120.2, "resid_tp6": -44.3}}, {"type": "Feature", "geometry": {"type": "Point", "coordinates": [-96.6162654, 40.8521391]}, "properties": {"plot_id": "Lincoln-hybrids-11-8", "site_id": "Lincoln", "year": 2022, "actual": 39.9, "pred_records": 114.9, "resid_records": -75.0, "pred_tp1": 111.3, "resid_tp1": -71.4, "pred_tp2": 109.6, "resid_tp2": -69.7, "pred_tp3": 77.8, "resid_tp3": -37.9, "pred_tp4": 94.3, "resid_tp4": -54.4, "pred_tp5": 108.1, "resid_tp5": -68.2, "pred_tp6": 111.2, "resid_tp6": -71.3}}, {"type": "Feature", "geometry": {"type": "Point", "coordinates": [-96.6161924, 40.852139]}, "properties": {"plot_id": "Lincoln-hybrids-11-9", "site_id": "Lincoln", "year": 2022, "actual": 15.35, "pred_records": 82.5, "resid_records": -67.1, "pred_tp1": 101.8, "resid_tp1": -86.4, "pred_tp2": 94.5, "resid_tp2": -79.1, "pred_tp3": 77.1, "resid_tp3": -61.7, "pred_tp4": 91.3, "resid_tp4": -75.9, "pred_tp5": 80.9, "resid_tp5": -65.5, "pred_tp6": 93.1, "resid_tp6": -77.7}}, {"type": "Feature", "geometry": {"type": "Point", "coordinates": [-96.6161205, 40.8521105]}, "properties": {"plot_id": "Lincoln-hybrids-12-10", "site_id": "Lincoln", "year": 2022, "actual": 20.99, "pred_records": 124.7, "resid_records": -103.7, "pred_tp1": 119.9, "resid_tp1": -98.9, "pred_tp2": 122.9, "resid_tp2": -101.9, "pred_tp3": 125.9, "resid_tp3": -104.9, "pred_tp4": 121.5, "resid_tp4": -100.6, "pred_tp5": 113.1, "resid_tp5": -92.1, "pred_tp6": 114.7, "resid_tp6": -93.7}}, {"type": "Feature", "geometry": {"type": "Point", "coordinates": [-96.6160493, 40.8521104]}, "properties": {"plot_id": "Lincoln-hybrids-12-11", "site_id": "Lincoln", "year": 2022, "actual": 34.18, "pred_records": 133.3, "resid_records": -99.2, "pred_tp1": 140.0, "resid_tp1": -105.8, "pred_tp2": 125.4, "resid_tp2": -91.2, "pred_tp3": 131.6, "resid_tp3": -97.4, "pred_tp4": 124.7, "resid_tp4": -90.5, "pred_tp5": 116.2, "resid_tp5": -82.0, "pred_tp6": 129.5, "resid_tp6": -95.4}}, {"type": "Feature", "geometry": {"type": "Point", "coordinates": [-96.6159782, 40.8521102]}, "properties": {"plot_id": "Lincoln-hybrids-12-12", "site_id": "Lincoln", "year": 2022, "actual": 35.5, "pred_records": 77.8, "resid_records": -42.3, "pred_tp1": 99.4, "resid_tp1": -63.9, "pred_tp2": 113.3, "resid_tp2": -77.8, "pred_tp3": 83.8, "resid_tp3": -48.3, "pred_tp4": 100.4, "resid_tp4": -64.9, "pred_tp5": 115.0, "resid_tp5": -79.5, "pred_tp6": 96.9, "resid_tp6": -61.4}}, {"type": "Feature", "geometry": {"type": "Point", "coordinates": [-96.6159053, 40.8521087]}, "properties": {"plot_id": "Lincoln-hybrids-12-13", "site_id": "Lincoln", "year": 2022, "actual": 144.93, "pred_records": 114.0, "resid_records": 30.9, "pred_tp1": 115.0, "resid_tp1": 29.9, "pred_tp2": 118.7, "resid_tp2": 26.2, "pred_tp3": 105.8, "resid_tp3": 39.1, "pred_tp4": 112.8, "resid_tp4": 32.1, "pred_tp5": 121.7, "resid_tp5": 23.2, "pred_tp6": 116.9, "resid_tp6": 28.0}}, {"type": "Feature", "geometry": {"type": "Point", "coordinates": [-96.6157612, 40.8521071]}, "properties": {"plot_id": "Lincoln-hybrids-12-15", "site_id": "Lincoln", "year": 2022, "actual": 10.15, "pred_records": 134.0, "resid_records": -123.9, "pred_tp1": 142.3, "resid_tp1": -132.1, "pred_tp2": 140.0, "resid_tp2": -129.8, "pred_tp3": 124.5, "resid_tp3": -114.4, "pred_tp4": 126.2, "resid_tp4": -116.0, "pred_tp5": 125.4, "resid_tp5": -115.2, "pred_tp6": 132.2, "resid_tp6": -122.1}}, {"type": "Feature", "geometry": {"type": "Point", "coordinates": [-96.61569, 40.852107]}, "properties": {"plot_id": "Lincoln-hybrids-12-16", "site_id": "Lincoln", "year": 2022, "actual": 77.69, "pred_records": 131.8, "resid_records": -54.2, "pred_tp1": 123.7, "resid_tp1": -46.0, "pred_tp2": 113.6, "resid_tp2": -35.9, "pred_tp3": 119.1, "resid_tp3": -41.4, "pred_tp4": 109.9, "resid_tp4": -32.2, "pred_tp5": 117.1, "resid_tp5": -39.4, "pred_tp6": 124.3, "resid_tp6": -46.6}}, {"type": "Feature", "geometry": {"type": "Point", "coordinates": [-96.6156189, 40.8521055]}, "properties": {"plot_id": "Lincoln-hybrids-12-17", "site_id": "Lincoln", "year": 2022, "actual": 62.37, "pred_records": 129.5, "resid_records": -67.2, "pred_tp1": 139.9, "resid_tp1": -77.5, "pred_tp2": 133.8, "resid_tp2": -71.4, "pred_tp3": 120.3, "resid_tp3": -57.9, "pred_tp4": 120.1, "resid_tp4": -57.7, "pred_tp5": 126.6, "resid_tp5": -64.3, "pred_tp6": 129.3, "resid_tp6": -66.9}}, {"type": "Feature", "geometry": {"type": "Point", "coordinates": [-96.615546, 40.8521054]}, "properties": {"plot_id": "Lincoln-hybrids-12-18", "site_id": "Lincoln", "year": 2022, "actual": 9.93, "pred_records": 159.1, "resid_records": -149.2, "pred_tp1": 138.7, "resid_tp1": -128.8, "pred_tp2": 136.0, "resid_tp2": -126.1, "pred_tp3": 132.2, "resid_tp3": -122.2, "pred_tp4": 129.8, "resid_tp4": -119.9, "pred_tp5": 128.4, "resid_tp5": -118.5, "pred_tp6": 137.1, "resid_tp6": -127.2}}, {"type": "Feature", "geometry": {"type": "Point", "coordinates": [-96.615473, 40.8521052]}, "properties": {"plot_id": "Lincoln-hybrids-12-19", "site_id": "Lincoln", "year": 2022, "actual": 7.68, "pred_records": 130.3, "resid_records": -122.6, "pred_tp1": 107.2, "resid_tp1": -99.6, "pred_tp2": 107.4, "resid_tp2": -99.7, "pred_tp3": 116.2, "resid_tp3": -108.6, "pred_tp4": 106.3, "resid_tp4": -98.6, "pred_tp5": 103.2, "resid_tp5": -95.5, "pred_tp6": 110.3, "resid_tp6": -102.6}}, {"type": "Feature", "geometry": {"type": "Point", "coordinates": [-96.6166968, 40.852117]}, "properties": {"plot_id": "Lincoln-hybrids-12-2", "site_id": "Lincoln", "year": 2022, "actual": 47.28, "pred_records": 65.1, "resid_records": -17.9, "pred_tp1": 102.7, "resid_tp1": -55.4, "pred_tp2": 107.9, "resid_tp2": -60.6, "pred_tp3": 96.2, "resid_tp3": -48.9, "pred_tp4": 105.8, "resid_tp4": -58.5, "pred_tp5": 121.3, "resid_tp5": -74.0, "pred_tp6": 110.6, "resid_tp6": -63.3}}, {"type": "Feature", "geometry": {"type": "Point", "coordinates": [-96.6154019, 40.8521037]}, "properties": {"plot_id": "Lincoln-hybrids-12-20", "site_id": "Lincoln", "year": 2022, "actual": 21.29, "pred_records": 148.7, "resid_records": -127.4, "pred_tp1": 140.7, "resid_tp1": -119.4, "pred_tp2": 126.1, "resid_tp2": -104.8, "pred_tp3": 113.5, "resid_tp3": -92.2, "pred_tp4": 115.6, "resid_tp4": -94.3, "pred_tp5": 113.2, "resid_tp5": -91.9, "pred_tp6": 127.9, "resid_tp6": -106.6}}, {"type": "Feature", "geometry": {"type": "Point", "coordinates": [-96.6153307, 40.8521036]}, "properties": {"plot_id": "Lincoln-hybrids-12-21", "site_id": "Lincoln", "year": 2022, "actual": 42.9, "pred_records": 100.1, "resid_records": -57.2, "pred_tp1": 102.9, "resid_tp1": -60.0, "pred_tp2": 103.5, "resid_tp2": -60.6, "pred_tp3": 91.3, "resid_tp3": -48.4, "pred_tp4": 106.2, "resid_tp4": -63.3, "pred_tp5": 103.3, "resid_tp5": -60.4, "pred_tp6": 108.2, "resid_tp6": -65.3}}, {"type": "Feature", "geometry": {"type": "Point", "coordinates": [-96.6152578, 40.8521021]}, "properties": {"plot_id": "Lincoln-hybrids-12-22", "site_id": "Lincoln", "year": 2022, "actual": 44.88, "pred_records": 156.9, "resid_records": -112.0, "pred_tp1": 122.8, "resid_tp1": -77.9, "pred_tp2": 130.2, "resid_tp2": -85.3, "pred_tp3": 118.4, "resid_tp3": -73.5, "pred_tp4": 114.2, "resid_tp4": -69.3, "pred_tp5": 129.1, "resid_tp5": -84.2, "pred_tp6": 125.0, "resid_tp6": -80.2}}, {"type": "Feature", "geometry": {"type": "Point", "coordinates": [-96.6151867, 40.852102]}, "properties": {"plot_id": "Lincoln-hybrids-12-23", "site_id": "Lincoln", "year": 2022, "actual": 22.35, "pred_records": 135.0, "resid_records": -112.6, "pred_tp1": 105.3, "resid_tp1": -83.0, "pred_tp2": 111.5, "resid_tp2": -89.2, "pred_tp3": 111.6, "resid_tp3": -89.3, "pred_tp4": 105.3, "resid_tp4": -83.0, "pred_tp5": 105.5, "resid_tp5": -83.1, "pred_tp6": 115.6, "resid_tp6": -93.3}}, {"type": "Feature", "geometry": {"type": "Point", "coordinates": [-96.6151138, 40.8521005]}, "properties": {"plot_id": "Lincoln-hybrids-12-24", "site_id": "Lincoln", "year": 2022, "actual": 28.47, "pred_records": 151.7, "resid_records": -123.2, "pred_tp1": 125.2, "resid_tp1": -96.8, "pred_tp2": 129.1, "resid_tp2": -100.6, "pred_tp3": 109.8, "resid_tp3": -81.3, "pred_tp4": 116.5, "resid_tp4": -88.0, "pred_tp5": 113.5, "resid_tp5": -85.0, "pred_tp6": 122.5, "resid_tp6": -94.0}}, {"type": "Feature", "geometry": {"type": "Point", "coordinates": [-96.6150426, 40.8521003]}, "properties": {"plot_id": "Lincoln-hybrids-12-25", "site_id": "Lincoln", "year": 2022, "actual": 21.01, "pred_records": 133.8, "resid_records": -112.8, "pred_tp1": 121.8, "resid_tp1": -100.8, "pred_tp2": 120.9, "resid_tp2": -99.9, "pred_tp3": 106.3, "resid_tp3": -85.3, "pred_tp4": 104.3, "resid_tp4": -83.3, "pred_tp5": 111.6, "resid_tp5": -90.6, "pred_tp6": 115.4, "resid_tp6": -94.4}}, {"type": "Feature", "geometry": {"type": "Point", "coordinates": [-96.6149714, 40.8521002]}, "properties": {"plot_id": "Lincoln-hybrids-12-26", "site_id": "Lincoln", "year": 2022, "actual": 23.68, "pred_records": 126.6, "resid_records": -102.9, "pred_tp1": 106.8, "resid_tp1": -83.1, "pred_tp2": 110.5, "resid_tp2": -86.8, "pred_tp3": 95.1, "resid_tp3": -71.4, "pred_tp4": 110.8, "resid_tp4": -87.2, "pred_tp5": 105.5, "resid_tp5": -81.8, "pred_tp6": 116.0, "resid_tp6": -92.3}}, {"type": "Feature", "geometry": {"type": "Point", "coordinates": [-96.6148273, 40.8520986]}, "properties": {"plot_id": "Lincoln-hybrids-12-28", "site_id": "Lincoln", "year": 2022, "actual": 49.0, "pred_records": 143.5, "resid_records": -94.5, "pred_tp1": 138.4, "resid_tp1": -89.4, "pred_tp2": 134.0, "resid_tp2": -85.0, "pred_tp3": 124.9, "resid_tp3": -75.9, "pred_tp4": 130.4, "resid_tp4": -81.4, "pred_tp5": 132.0, "resid_tp5": -83.0, "pred_tp6": 137.8, "resid_tp6": -88.8}}, {"type": "Feature", "geometry": {"type": "Point", "coordinates": [-96.6147544, 40.8520984]}, "properties": {"plot_id": "Lincoln-hybrids-12-29", "site_id": "Lincoln", "year": 2022, "actual": 44.11, "pred_records": 137.6, "resid_records": -93.5, "pred_tp1": 146.9, "resid_tp1": -102.8, "pred_tp2": 133.5, "resid_tp2": -89.4, "pred_tp3": 122.7, "resid_tp3": -78.6, "pred_tp4": 120.3, "resid_tp4": -76.2, "pred_tp5": 120.4, "resid_tp5": -76.3, "pred_tp6": 132.3, "resid_tp6": -88.2}}, {"type": "Feature", "geometry": {"type": "Point", "coordinates": [-96.6166239, 40.8521155]}, "properties": {"plot_id": "Lincoln-hybrids-12-3", "site_id": "Lincoln", "year": 2022, "actual": 56.72, "pred_records": 125.2, "resid_records": -68.4, "pred_tp1": 135.3, "resid_tp1": -78.6, "pred_tp2": 136.7, "resid_tp2": -79.9, "pred_tp3": 118.1, "resid_tp3": -61.4, "pred_tp4": 113.0, "resid_tp4": -56.3, "pred_tp5": 129.4, "resid_tp5": -72.7, "pred_tp6": 134.6, "resid_tp6": -77.9}}, {"type": "Feature", "geometry": {"type": "Point", "coordinates": [-96.6146833, 40.852097]}, "properties": {"plot_id": "Lincoln-hybrids-12-30", "site_id": "Lincoln", "year": 2022, "actual": 24.53, "pred_records": 97.1, "resid_records": -72.6, "pred_tp1": 95.1, "resid_tp1": -70.6, "pred_tp2": 99.0, "resid_tp2": -74.5, "pred_tp3": 104.2, "resid_tp3": -79.6, "pred_tp4": 105.4, "resid_tp4": -80.8, "pred_tp5": 107.0, "resid_tp5": -82.5, "pred_tp6": 115.9, "resid_tp6": -91.3}}, {"type": "Feature", "geometry": {"type": "Point", "coordinates": [-96.6146122, 40.8520955]}, "properties": {"plot_id": "Lincoln-hybrids-12-31", "site_id": "Lincoln", "year": 2022, "actual": 39.02, "pred_records": 152.9, "resid_records": -113.8, "pred_tp1": 142.4, "resid_tp1": -103.4, "pred_tp2": 119.0, "resid_tp2": -80.0, "pred_tp3": 111.9, "resid_tp3": -72.9, "pred_tp4": 115.7, "resid_tp4": -76.7, "pred_tp5": 111.1, "resid_tp5": -72.1, "pred_tp6": 123.6, "resid_tp6": -84.6}}, {"type": "Feature", "geometry": {"type": "Point", "coordinates": [-96.6145392, 40.8520953]}, "properties": {"plot_id": "Lincoln-hybrids-12-32", "site_id": "Lincoln", "year": 2022, "actual": 40.5, "pred_records": 152.9, "resid_records": -112.4, "pred_tp1": 138.7, "resid_tp1": -98.2, "pred_tp2": 124.1, "resid_tp2": -83.6, "pred_tp3": 121.1, "resid_tp3": -80.6, "pred_tp4": 121.1, "resid_tp4": -80.6, "pred_tp5": 116.2, "resid_tp5": -75.7, "pred_tp6": 125.7, "resid_tp6": -85.2}}, {"type": "Feature", "geometry": {"type": "Point", "coordinates": [-96.614468, 40.8520952]}, "properties": {"plot_id": "Lincoln-hybrids-12-33", "site_id": "Lincoln", "year": 2022, "actual": 20.94, "pred_records": 152.9, "resid_records": -131.9, "pred_tp1": 131.3, "resid_tp1": -110.4, "pred_tp2": 118.8, "resid_tp2": -97.9, "pred_tp3": 125.9, "resid_tp3": -105.0, "pred_tp4": 123.3, "resid_tp4": -102.3, "pred_tp5": 117.9, "resid_tp5": -96.9, "pred_tp6": 118.1, "resid_tp6": -97.2}}, {"type": "Feature", "geometry": {"type": "Point", "coordinates": [-96.6143951, 40.8520937]}, "properties": {"plot_id": "Lincoln-hybrids-12-34", "site_id": "Lincoln", "year": 2022, "actual": 19.81, "pred_records": 152.9, "resid_records": -133.1, "pred_tp1": 128.7, "resid_tp1": -108.9, "pred_tp2": 120.6, "resid_tp2": -100.8, "pred_tp3": 125.3, "resid_tp3": -105.5, "pred_tp4": 129.5, "resid_tp4": -109.7, "pred_tp5": 122.1, "resid_tp5": -102.3, "pred_tp6": 121.0, "resid_tp6": -101.2}}, {"type": "Feature", "geometry": {"type": "Point", "coordinates": [-96.614324, 40.8520936]}, "properties": {"plot_id": "Lincoln-hybrids-12-35", "site_id": "Lincoln", "year": 2022, "actual": 24.9, "pred_records": 152.9, "resid_records": -128.0, "pred_tp1": 123.4, "resid_tp1": -98.5, "pred_tp2": 121.7, "resid_tp2": -96.8, "pred_tp3": 127.6, "resid_tp3": -102.7, "pred_tp4": 131.5, "resid_tp4": -106.6, "pred_tp5": 122.6, "resid_tp5": -97.7, "pred_tp6": 123.5, "resid_tp6": -98.6}}, {"type": "Feature", "geometry": {"type": "Point", "coordinates": [-96.6142528, 40.8520935]}, "properties": {"plot_id": "Lincoln-hybrids-12-36", "site_id": "Lincoln", "year": 2022, "actual": 8.22, "pred_records": 75.1, "resid_records": -66.8, "pred_tp1": 77.5, "resid_tp1": -69.3, "pred_tp2": 96.9, "resid_tp2": -88.7, "pred_tp3": 96.7, "resid_tp3": -88.5, "pred_tp4": 113.6, "resid_tp4": -105.4, "pred_tp5": 115.2, "resid_tp5": -107.0, "pred_tp6": 115.2, "resid_tp6": -107.0}}, {"type": "Feature", "geometry": {"type": "Point", "coordinates": [-96.6141799, 40.852092]}, "properties": {"plot_id": "Lincoln-hybrids-12-37", "site_id": "Lincoln", "year": 2022, "actual": 4.9, "pred_records": 88.1, "resid_records": -83.2, "pred_tp1": 87.6, "resid_tp1": -82.7, "pred_tp2": 95.3, "resid_tp2": -90.4, "pred_tp3": 97.3, "resid_tp3": -92.4, "pred_tp4": 109.9, "resid_tp4": -105.0, "pred_tp5": 107.5, "resid_tp5": -102.6, "pred_tp6": 120.2, "resid_tp6": -115.3}}, {"type": "Feature", "geometry": {"type": "Point", "coordinates": [-96.614107, 40.8520918]}, "properties": {"plot_id": "Lincoln-hybrids-12-38", "site_id": "Lincoln", "year": 2022, "actual": 7.61, "pred_records": 75.1, "resid_records": -67.5, "pred_tp1": 82.5, "resid_tp1": -74.9, "pred_tp2": 88.0, "resid_tp2": -80.4, "pred_tp3": 87.9, "resid_tp3": -80.3, "pred_tp4": 103.1, "resid_tp4": -95.5, "pred_tp5": 93.0, "resid_tp5": -85.4, "pred_tp6": 109.5, "resid_tp6": -101.9}}, {"type": "Feature", "geometry": {"type": "Point", "coordinates": [-96.6140358, 40.8520917]}, "properties": {"plot_id": "Lincoln-hybrids-12-39", "site_id": "Lincoln", "year": 2022, "actual": 7.58, "pred_records": 107.4, "resid_records": -99.8, "pred_tp1": 80.4, "resid_tp1": -72.8, "pred_tp2": 110.8, "resid_tp2": -103.2, "pred_tp3": 113.4, "resid_tp3": -105.8, "pred_tp4": 120.4, "resid_tp4": -112.8, "pred_tp5": 111.8, "resid_tp5": -104.3, "pred_tp6": 120.5, "resid_tp6": -112.9}}, {"type": "Feature", "geometry": {"type": "Point", "coordinates": [-96.6165527, 40.8521154]}, "properties": {"plot_id": "Lincoln-hybrids-12-4", "site_id": "Lincoln", "year": 2022, "actual": 48.57, "pred_records": 136.5, "resid_records": -87.9, "pred_tp1": 132.5, "resid_tp1": -84.0, "pred_tp2": 129.4, "resid_tp2": -80.8, "pred_tp3": 116.6, "resid_tp3": -68.0, "pred_tp4": 126.3, "resid_tp4": -77.7, "pred_tp5": 130.2, "resid_tp5": -81.7, "pred_tp6": 136.7, "resid_tp6": -88.1}}, {"type": "Feature", "geometry": {"type": "Point", "coordinates": [-96.6164798, 40.8521139]}, "properties": {"plot_id": "Lincoln-hybrids-12-5", "site_id": "Lincoln", "year": 2022, "actual": 61.23, "pred_records": 109.3, "resid_records": -48.1, "pred_tp1": 113.2, "resid_tp1": -51.9, "pred_tp2": 115.9, "resid_tp2": -54.6, "pred_tp3": 103.5, "resid_tp3": -42.2, "pred_tp4": 113.8, "resid_tp4": -52.6, "pred_tp5": 113.7, "resid_tp5": -52.4, "pred_tp6": 117.5, "resid_tp6": -56.3}}, {"type": "Feature", "geometry": {"type": "Point", "coordinates": [-96.6164087, 40.8521137]}, "properties": {"plot_id": "Lincoln-hybrids-12-6", "site_id": "Lincoln", "year": 2022, "actual": 59.79, "pred_records": 125.2, "resid_records": -65.4, "pred_tp1": 119.9, "resid_tp1": -60.1, "pred_tp2": 117.2, "resid_tp2": -57.4, "pred_tp3": 114.9, "resid_tp3": -55.1, "pred_tp4": 104.3, "resid_tp4": -44.5, "pred_tp5": 109.0, "resid_tp5": -49.2, "pred_tp6": 112.9, "resid_tp6": -53.1}}, {"type": "Feature", "geometry": {"type": "Point", "coordinates": [-96.6163375, 40.8521123]}, "properties": {"plot_id": "Lincoln-hybrids-12-7", "site_id": "Lincoln", "year": 2022, "actual": 49.27, "pred_records": 125.4, "resid_records": -76.2, "pred_tp1": 125.4, "resid_tp1": -76.1, "pred_tp2": 117.3, "resid_tp2": -68.0, "pred_tp3": 101.9, "resid_tp3": -52.7, "pred_tp4": 109.0, "resid_tp4": -59.7, "pred_tp5": 114.3, "resid_tp5": -65.0, "pred_tp6": 114.5, "resid_tp6": -65.3}}, {"type": "Feature", "geometry": {"type": "Point", "coordinates": [-96.6162646, 40.8521121]}, "properties": {"plot_id": "Lincoln-hybrids-12-8", "site_id": "Lincoln", "year": 2022, "actual": 68.22, "pred_records": 112.0, "resid_records": -43.8, "pred_tp1": 114.4, "resid_tp1": -46.2, "pred_tp2": 110.8, "resid_tp2": -42.6, "pred_tp3": 91.3, "resid_tp3": -23.1, "pred_tp4": 96.9, "resid_tp4": -28.7, "pred_tp5": 109.9, "resid_tp5": -41.7, "pred_tp6": 111.0, "resid_tp6": -42.7}}, {"type": "Feature", "geometry": {"type": "Point", "coordinates": [-96.6161934, 40.852112]}, "properties": {"plot_id": "Lincoln-hybrids-12-9", "site_id": "Lincoln", "year": 2022, "actual": 60.02, "pred_records": 150.5, "resid_records": -90.5, "pred_tp1": 147.4, "resid_tp1": -87.4, "pred_tp2": 137.3, "resid_tp2": -77.3, "pred_tp3": 113.6, "resid_tp3": -53.6, "pred_tp4": 113.4, "resid_tp4": -53.4, "pred_tp5": 118.6, "resid_tp5": -58.6, "pred_tp6": 138.0, "resid_tp6": -77.9}}, {"type": "Feature", "geometry": {"type": "Point", "coordinates": [-96.6161215, 40.8520835]}, "properties": {"plot_id": "Lincoln-hybrids-13-10", "site_id": "Lincoln", "year": 2022, "actual": 81.93, "pred_records": 166.3, "resid_records": -84.3, "pred_tp1": 155.2, "resid_tp1": -73.3, "pred_tp2": 152.1, "resid_tp2": -70.2, "pred_tp3": 118.9, "resid_tp3": -37.0, "pred_tp4": 128.5, "resid_tp4": -46.5, "pred_tp5": 132.8, "resid_tp5": -50.9, "pred_tp6": 149.4, "resid_tp6": -67.4}}, {"type": "Feature", "geometry": {"type": "Point", "coordinates": [-96.6160503, 40.8520834]}, "properties": {"plot_id": "Lincoln-hybrids-13-11", "site_id": "Lincoln", "year": 2022, "actual": 59.17, "pred_records": 112.0, "resid_records": -52.8, "pred_tp1": 138.6, "resid_tp1": -79.4, "pred_tp2": 131.2, "resid_tp2": -72.0, "pred_tp3": 122.1, "resid_tp3": -63.0, "pred_tp4": 126.2, "resid_tp4": -67.1, "pred_tp5": 136.3, "resid_tp5": -77.1, "pred_tp6": 139.1, "resid_tp6": -79.9}}, {"type": "Feature", "geometry": {"type": "Point", "coordinates": [-96.6159774, 40.8520818]}, "properties": {"plot_id": "Lincoln-hybrids-13-12", "site_id": "Lincoln", "year": 2022, "actual": 44.33, "pred_records": 138.1, "resid_records": -93.8, "pred_tp1": 141.3, "resid_tp1": -96.9, "pred_tp2": 128.3, "resid_tp2": -84.0, "pred_tp3": 120.7, "resid_tp3": -76.3, "pred_tp4": 124.4, "resid_tp4": -80.0, "pred_tp5": 123.7, "resid_tp5": -79.3, "pred_tp6": 128.0, "resid_tp6": -83.6}}, {"type": "Feature", "geometry": {"type": "Point", "coordinates": [-96.6159062, 40.8520817]}, "properties": {"plot_id": "Lincoln-hybrids-13-13", "site_id": "Lincoln", "year": 2022, "actual": 50.12, "pred_records": 109.4, "resid_records": -59.3, "pred_tp1": 123.8, "resid_tp1": -73.7, "pred_tp2": 116.9, "resid_tp2": -66.8, "pred_tp3": 111.4, "resid_tp3": -61.3, "pred_tp4": 115.2, "resid_tp4": -65.1, "pred_tp5": 123.0, "resid_tp5": -72.9, "pred_tp6": 124.0, "resid_tp6": -73.9}}, {"type": "Feature", "geometry": {"type": "Point", "coordinates": [-96.6157622, 40.8520801]}, "properties": {"plot_id": "Lincoln-hybrids-13-15", "site_id": "Lincoln", "year": 2022, "actual": 45.05, "pred_records": 132.6, "resid_records": -87.5, "pred_tp1": 117.7, "resid_tp1": -72.7, "pred_tp2": 123.7, "resid_tp2": -78.7, "pred_tp3": 113.1, "resid_tp3": -68.0, "pred_tp4": 117.4, "resid_tp4": -72.3, "pred_tp5": 119.7, "resid_tp5": -74.6, "pred_tp6": 124.5, "resid_tp6": -79.5}}, {"type": "Feature", "geometry": {"type": "Point", "coordinates": [-96.615691, 40.85208]}, "properties": {"plot_id": "Lincoln-hybrids-13-16", "site_id": "Lincoln", "year": 2022, "actual": 14.59, "pred_records": 126.3, "resid_records": -111.7, "pred_tp1": 108.6, "resid_tp1": -94.0, "pred_tp2": 111.1, "resid_tp2": -96.5, "pred_tp3": 128.5, "resid_tp3": -113.9, "pred_tp4": 131.4, "resid_tp4": -116.8, "pred_tp5": 137.0, "resid_tp5": -122.4, "pred_tp6": 124.6, "resid_tp6": -110.0}}, {"type": "Feature", "geometry": {"type": "Point", "coordinates": [-96.6156181, 40.8520785]}, "properties": {"plot_id": "Lincoln-hybrids-13-17", "site_id": "Lincoln", "year": 2022, "actual": 58.1, "pred_records": 109.7, "resid_records": -51.6, "pred_tp1": 110.4, "resid_tp1": -52.3, "pred_tp2": 104.9, "resid_tp2": -46.8, "pred_tp3": 96.2, "resid_tp3": -38.1, "pred_tp4": 106.7, "resid_tp4": -48.6, "pred_tp5": 107.1, "resid_tp5": -49.0, "pred_tp6": 109.6, "resid_tp6": -51.5}}, {"type": "Feature", "geometry": {"type": "Point", "coordinates": [-96.6155469, 40.8520784]}, "properties": {"plot_id": "Lincoln-hybrids-13-18", "site_id": "Lincoln", "year": 2022, "actual": 6.04, "pred_records": 131.2, "resid_records": -125.2, "pred_tp1": 118.4, "resid_tp1": -112.4, "pred_tp2": 110.9, "resid_tp2": -104.8, "pred_tp3": 114.9, "resid_tp3": -108.9, "pred_tp4": 106.9, "resid_tp4": -100.9, "pred_tp5": 106.3, "resid_tp5": -100.2, "pred_tp6": 109.8, "resid_tp6": -103.7}}, {"type": "Feature", "geometry": {"type": "Point", "coordinates": [-96.615474, 40.8520782]}, "properties": {"plot_id": "Lincoln-hybrids-13-19", "site_id": "Lincoln", "year": 2022, "actual": 43.54, "pred_records": 135.0, "resid_records": -91.4, "pred_tp1": 107.6, "resid_tp1": -64.1, "pred_tp2": 116.3, "resid_tp2": -72.8, "pred_tp3": 123.9, "resid_tp3": -80.3, "pred_tp4": 112.5, "resid_tp4": -69.0, "pred_tp5": 112.8, "resid_tp5": -69.2, "pred_tp6": 125.1, "resid_tp6": -81.5}}, {"type": "Feature", "geometry": {"type": "Point", "coordinates": [-96.616696, 40.85209]}, "properties": {"plot_id": "Lincoln-hybrids-13-2", "site_id": "Lincoln", "year": 2022, "actual": 63.25, "pred_records": 125.4, "resid_records": -62.1, "pred_tp1": 133.0, "resid_tp1": -69.7, "pred_tp2": 138.1, "resid_tp2": -74.8, "pred_tp3": 119.1, "resid_tp3": -55.9, "pred_tp4": 120.6, "resid_tp4": -57.4, "pred_tp5": 124.7, "resid_tp5": -61.4, "pred_tp6": 128.3, "resid_tp6": -65.0}}, {"type": "Feature", "geometry": {"type": "Point", "coordinates": [-96.6154029, 40.8520767]}, "properties": {"plot_id": "Lincoln-hybrids-13-20", "site_id": "Lincoln", "year": 2022, "actual": 21.32, "pred_records": 130.9, "resid_records": -109.5, "pred_tp1": 114.2, "resid_tp1": -92.9, "pred_tp2": 115.0, "resid_tp2": -93.6, "pred_tp3": 131.9, "resid_tp3": -110.5, "pred_tp4": 123.2, "resid_tp4": -101.9, "pred_tp5": 129.1, "resid_tp5": -107.8, "pred_tp6": 126.2, "resid_tp6": -104.9}}, {"type": "Feature", "geometry": {"type": "Point", "coordinates": [-96.61533, 40.8520752]}, "properties": {"plot_id": "Lincoln-hybrids-13-21", "site_id": "Lincoln", "year": 2022, "actual": 69.26, "pred_records": 131.8, "resid_records": -62.6, "pred_tp1": 131.3, "resid_tp1": -62.0, "pred_tp2": 117.7, "resid_tp2": -48.4, "pred_tp3": 106.7, "resid_tp3": -37.5, "pred_tp4": 112.2, "resid_tp4": -42.9, "pred_tp5": 122.9, "resid_tp5": -53.7, "pred_tp6": 126.5, "resid_tp6": -57.3}}, {"type": "Feature", "geometry": {"type": "Point", "coordinates": [-96.6152588, 40.8520751]}, "properties": {"plot_id": "Lincoln-hybrids-13-22", "site_id": "Lincoln", "year": 2022, "actual": 39.86, "pred_records": 111.5, "resid_records": -71.6, "pred_tp1": 120.8, "resid_tp1": -80.9, "pred_tp2": 101.9, "resid_tp2": -62.0, "pred_tp3": 81.0, "resid_tp3": -41.2, "pred_tp4": 96.5, "resid_tp4": -56.7, "pred_tp5": 95.1, "resid_tp5": -55.2, "pred_tp6": 102.2, "resid_tp6": -62.3}}, {"type": "Feature", "geometry": {"type": "Point", "coordinates": [-96.6151858, 40.8520749]}, "properties": {"plot_id": "Lincoln-hybrids-13-23", "site_id": "Lincoln", "year": 2022, "actual": 7.36, "pred_records": 148.7, "resid_records": -141.3, "pred_tp1": 132.6, "resid_tp1": -125.3, "pred_tp2": 127.6, "resid_tp2": -120.3, "pred_tp3": 122.9, "resid_tp3": -115.6, "pred_tp4": 112.2, "resid_tp4": -104.8, "pred_tp5": 108.0, "resid_tp5": -100.7, "pred_tp6": 120.5, "resid_tp6": -113.1}}, {"type": "Feature", "geometry": {"type": "Point", "coordinates": [-96.6151147, 40.8520735]}, "properties": {"plot_id": "Lincoln-hybrids-13-24", "site_id": "Lincoln", "year": 2022, "actual": 20.71, "pred_records": 99.1, "resid_records": -78.4, "pred_tp1": 97.4, "resid_tp1": -76.7, "pred_tp2": 97.8, "resid_tp2": -77.1, "pred_tp3": 82.7, "resid_tp3": -62.0, "pred_tp4": 103.8, "resid_tp4": -83.1, "pred_tp5": 106.8, "resid_tp5": -86.1, "pred_tp6": 100.7, "resid_tp6": -80.0}}, {"type": "Feature", "geometry": {"type": "Point", "coordinates": [-96.6150436, 40.8520733]}, "properties": {"plot_id": "Lincoln-hybrids-13-25", "site_id": "Lincoln", "year": 2022, "actual": 35.66, "pred_records": 145.0, "resid_records": -109.3, "pred_tp1": 140.1, "resid_tp1": -104.4, "pred_tp2": 129.1, "resid_tp2": -93.5, "pred_tp3": 114.0, "resid_tp3": -78.4, "pred_tp4": 118.8, "resid_tp4": -83.2, "pred_tp5": 118.9, "resid_tp5": -83.3, "pred_tp6": 125.8, "resid_tp6": -90.1}}, {"type": "Feature", "geometry": {"type": "Point", "coordinates": [-96.6149706, 40.8520732]}, "properties": {"plot_id": "Lincoln-hybrids-13-26", "site_id": "Lincoln", "year": 2022, "actual": 21.87, "pred_records": 133.6, "resid_records": -111.7, "pred_tp1": 117.1, "resid_tp1": -95.3, "pred_tp2": 112.9, "resid_tp2": -91.1, "pred_tp3": 120.6, "resid_tp3": -98.7, "pred_tp4": 113.3, "resid_tp4": -91.5, "pred_tp5": 110.2, "resid_tp5": -88.4, "pred_tp6": 117.4, "resid_tp6": -95.5}}, {"type": "Feature", "geometry": {"type": "Point", "coordinates": [-96.6148265, 40.8520716]}, "properties": {"plot_id": "Lincoln-hybrids-13-28", "site_id": "Lincoln", "year": 2022, "actual": 36.91, "pred_records": 143.6, "resid_records": -106.7, "pred_tp1": 139.2, "resid_tp1": -102.2, "pred_tp2": 133.0, "resid_tp2": -96.1, "pred_tp3": 123.9, "resid_tp3": -86.9, "pred_tp4": 127.7, "resid_tp4": -90.8, "pred_tp5": 117.4, "resid_tp5": -80.5, "pred_tp6": 137.7, "resid_tp6": -100.8}}, {"type": "Feature", "geometry": {"type": "Point", "coordinates": [-96.6147554, 40.8520714]}, "properties": {"plot_id": "Lincoln-hybrids-13-29", "site_id": "Lincoln", "year": 2022, "actual": 81.56, "pred_records": 166.5, "resid_records": -84.9, "pred_tp1": 148.4, "resid_tp1": -66.9, "pred_tp2": 144.3, "resid_tp2": -62.7, "pred_tp3": 128.4, "resid_tp3": -46.8, "pred_tp4": 134.5, "resid_tp4": -52.9, "pred_tp5": 134.0, "resid_tp5": -52.4, "pred_tp6": 143.3, "resid_tp6": -61.8}}, {"type": "Feature", "geometry": {"type": "Point", "coordinates": [-96.6166249, 40.8520885]}, "properties": {"plot_id": "Lincoln-hybrids-13-3", "site_id": "Lincoln", "year": 2022, "actual": 48.49, "pred_records": 121.5, "resid_records": -73.0, "pred_tp1": 138.4, "resid_tp1": -89.9, "pred_tp2": 142.9, "resid_tp2": -94.4, "pred_tp3": 122.9, "resid_tp3": -74.4, "pred_tp4": 132.3, "resid_tp4": -83.8, "pred_tp5": 143.4, "resid_tp5": -94.9, "pred_tp6": 142.9, "resid_tp6": -94.4}}, {"type": "Feature", "geometry": {"type": "Point", "coordinates": [-96.6146842, 40.85207]}, "properties": {"plot_id": "Lincoln-hybrids-13-30", "site_id": "Lincoln", "year": 2022, "actual": 12.66, "pred_records": 114.5, "resid_records": -101.9, "pred_tp1": 102.3, "resid_tp1": -89.7, "pred_tp2": 97.4, "resid_tp2": -84.7, "pred_tp3": 114.9, "resid_tp3": -102.2, "pred_tp4": 119.8, "resid_tp4": -107.2, "pred_tp5": 117.5, "resid_tp5": -104.8, "pred_tp6": 123.4, "resid_tp6": -110.8}}, {"type": "Feature", "geometry": {"type": "Point", "coordinates": [-96.6146113, 40.8520685]}, "properties": {"plot_id": "Lincoln-hybrids-13-31", "site_id": "Lincoln", "year": 2022, "actual": 18.47, "pred_records": 143.3, "resid_records": -124.8, "pred_tp1": 114.7, "resid_tp1": -96.2, "pred_tp2": 118.4, "resid_tp2": -100.0, "pred_tp3": 119.3, "resid_tp3": -100.8, "pred_tp4": 121.4, "resid_tp4": -102.9, "pred_tp5": 111.4, "resid_tp5": -92.9, "pred_tp6": 114.9, "resid_tp6": -96.4}}, {"type": "Feature", "geometry": {"type": "Point", "coordinates": [-96.6145402, 40.8520683]}, "properties": {"plot_id": "Lincoln-hybrids-13-32", "site_id": "Lincoln", "year": 2022, "actual": 37.84, "pred_records": 126.3, "resid_records": -88.4, "pred_tp1": 127.6, "resid_tp1": -89.8, "pred_tp2": 118.2, "resid_tp2": -80.3, "pred_tp3": 106.7, "resid_tp3": -68.9, "pred_tp4": 116.8, "resid_tp4": -79.0, "pred_tp5": 107.1, "resid_tp5": -69.3, "pred_tp6": 124.2, "resid_tp6": -86.3}}, {"type": "Feature", "geometry": {"type": "Point", "coordinates": [-96.6144672, 40.8520682]}, "properties": {"plot_id": "Lincoln-hybrids-13-33", "site_id": "Lincoln", "year": 2022, "actual": 8.98, "pred_records": 128.5, "resid_records": -119.5, "pred_tp1": 101.1, "resid_tp1": -92.1, "pred_tp2": 115.2, "resid_tp2": -106.2, "pred_tp3": 117.8, "resid_tp3": -108.8, "pred_tp4": 118.2, "resid_tp4": -109.2, "pred_tp5": 121.2, "resid_tp5": -112.2, "pred_tp6": 130.6, "resid_tp6": -121.6}}, {"type": "Feature", "geometry": {"type": "Point", "coordinates": [-96.6143961, 40.8520667]}, "properties": {"plot_id": "Lincoln-hybrids-13-34", "site_id": "Lincoln", "year": 2022, "actual": 17.0, "pred_records": 103.4, "resid_records": -86.4, "pred_tp1": 88.4, "resid_tp1": -71.4, "pred_tp2": 101.8, "resid_tp2": -84.8, "pred_tp3": 119.9, "resid_tp3": -102.9, "pred_tp4": 119.6, "resid_tp4": -102.6, "pred_tp5": 115.9, "resid_tp5": -98.9, "pred_tp6": 125.7, "resid_tp6": -108.7}}, {"type": "Feature", "geometry": {"type": "Point", "coordinates": [-96.6143249, 40.8520666]}, "properties": {"plot_id": "Lincoln-hybrids-13-35", "site_id": "Lincoln", "year": 2022, "actual": 8.97, "pred_records": 128.5, "resid_records": -119.5, "pred_tp1": 102.4, "resid_tp1": -93.4, "pred_tp2": 117.6, "resid_tp2": -108.6, "pred_tp3": 117.2, "resid_tp3": -108.2, "pred_tp4": 122.5, "resid_tp4": -113.6, "pred_tp5": 124.1, "resid_tp5": -115.2, "pred_tp6": 132.0, "resid_tp6": -123.0}}, {"type": "Feature", "geometry": {"type": "Point", "coordinates": [-96.614252, 40.8520664]}, "properties": {"plot_id": "Lincoln-hybrids-13-36", "site_id": "Lincoln", "year": 2022, "actual": 31.52, "pred_records": 130.8, "resid_records": -99.3, "pred_tp1": 135.1, "resid_tp1": -103.5, "pred_tp2": 121.8, "resid_tp2": -90.3, "pred_tp3": 130.3, "resid_tp3": -98.8, "pred_tp4": 133.0, "resid_tp4": -101.5, "pred_tp5": 131.9, "resid_tp5": -100.3, "pred_tp6": 138.9, "resid_tp6": -107.3}}, {"type": "Feature", "geometry": {"type": "Point", "coordinates": [-96.6141809, 40.852065]}, "properties": {"plot_id": "Lincoln-hybrids-13-37", "site_id": "Lincoln", "year": 2022, "actual": 8.06, "pred_records": 138.4, "resid_records": -130.3, "pred_tp1": 113.0, "resid_tp1": -105.0, "pred_tp2": 117.3, "resid_tp2": -109.3, "pred_tp3": 132.5, "resid_tp3": -124.5, "pred_tp4": 126.4, "resid_tp4": -118.3, "pred_tp5": 122.4, "resid_tp5": -114.4, "pred_tp6": 137.5, "resid_tp6": -129.5}}, {"type": "Feature", "geometry": {"type": "Point", "coordinates": [-96.6141079, 40.8520648]}, "properties": {"plot_id": "Lincoln-hybrids-13-38", "site_id": "Lincoln", "year": 2022, "actual": 22.7, "pred_records": 109.9, "resid_records": -87.2, "pred_tp1": 112.2, "resid_tp1": -89.5, "pred_tp2": 100.3, "resid_tp2": -77.6, "pred_tp3": 112.6, "resid_tp3": -89.9, "pred_tp4": 117.2, "resid_tp4": -94.5, "pred_tp5": 117.9, "resid_tp5": -95.2, "pred_tp6": 123.9, "resid_tp6": -101.2}}, {"type": "Feature", "geometry": {"type": "Point", "coordinates": [-96.6140368, 40.8520633]}, "properties": {"plot_id": "Lincoln-hybrids-13-39", "site_id": "Lincoln", "year": 2022, "actual": 58.82, "pred_records": 134.4, "resid_records": -75.6, "pred_tp1": 150.5, "resid_tp1": -91.7, "pred_tp2": 135.3, "resid_tp2": -76.4, "pred_tp3": 130.8, "resid_tp3": -72.0, "pred_tp4": 147.1, "resid_tp4": -88.3, "pred_tp5": 135.9, "resid_tp5": -77.1, "pred_tp6": 146.9, "resid_tp6": -88.1}}, {"type": "Feature", "geometry": {"type": "Point", "coordinates": [-96.616552, 40.852087]}, "properties": {"plot_id": "Lincoln-hybrids-13-4", "site_id": "Lincoln", "year": 2022, "actual": 49.55, "pred_records": 132.7, "resid_records": -83.1, "pred_tp1": 130.3, "resid_tp1": -80.7, "pred_tp2": 135.7, "resid_tp2": -86.2, "pred_tp3": 124.0, "resid_tp3": -74.4, "pred_tp4": 127.1, "resid_tp4": -77.5, "pred_tp5": 128.7, "resid_tp5": -79.1, "pred_tp6": 134.7, "resid_tp6": -85.1}}, {"type": "Feature", "geometry": {"type": "Point", "coordinates": [-96.6164808, 40.8520869]}, "properties": {"plot_id": "Lincoln-hybrids-13-5", "site_id": "Lincoln", "year": 2022, "actual": 51.92, "pred_records": 109.3, "resid_records": -57.4, "pred_tp1": 119.8, "resid_tp1": -67.9, "pred_tp2": 125.7, "resid_tp2": -73.8, "pred_tp3": 105.8, "resid_tp3": -53.8, "pred_tp4": 117.0, "resid_tp4": -65.1, "pred_tp5": 118.7, "resid_tp5": -66.8, "pred_tp6": 123.4, "resid_tp6": -71.5}}, {"type": "Feature", "geometry": {"type": "Point", "coordinates": [-96.6164096, 40.8520867]}, "properties": {"plot_id": "Lincoln-hybrids-13-6", "site_id": "Lincoln", "year": 2022, "actual": 67.54, "pred_records": 125.4, "resid_records": -57.9, "pred_tp1": 130.0, "resid_tp1": -62.5, "pred_tp2": 114.8, "resid_tp2": -47.2, "pred_tp3": 103.0, "resid_tp3": -35.5, "pred_tp4": 106.7, "resid_tp4": -39.2, "pred_tp5": 117.5, "resid_tp5": -49.9, "pred_tp6": 128.3, "resid_tp6": -60.8}}, {"type": "Feature", "geometry": {"type": "Point", "coordinates": [-96.6163367, 40.8520852]}, "properties": {"plot_id": "Lincoln-hybrids-13-7", "site_id": "Lincoln", "year": 2022, "actual": 56.97, "pred_records": 130.9, "resid_records": -73.9, "pred_tp1": 110.8, "resid_tp1": -53.8, "pred_tp2": 118.7, "resid_tp2": -61.7, "pred_tp3": 113.4, "resid_tp3": -56.5, "pred_tp4": 107.1, "resid_tp4": -50.1, "pred_tp5": 113.2, "resid_tp5": -56.2, "pred_tp6": 119.1, "resid_tp6": -62.1}}, {"type": "Feature", "geometry": {"type": "Point", "coordinates": [-96.6162656, 40.8520851]}, "properties": {"plot_id": "Lincoln-hybrids-13-8", "site_id": "Lincoln", "year": 2022, "actual": 80.08, "pred_records": 77.8, "resid_records": 2.2, "pred_tp1": 97.9, "resid_tp1": -17.8, "pred_tp2": 117.4, "resid_tp2": -37.3, "pred_tp3": 85.0, "resid_tp3": -4.9, "pred_tp4": 110.0, "resid_tp4": -30.0, "pred_tp5": 113.3, "resid_tp5": -33.2, "pred_tp6": 112.9, "resid_tp6": -32.8}}, {"type": "Feature", "geometry": {"type": "Point", "coordinates": [-96.6161926, 40.8520849]}, "properties": {"plot_id": "Lincoln-hybrids-13-9", "site_id": "Lincoln", "year": 2022, "actual": 71.11, "pred_records": 125.2, "resid_records": -54.1, "pred_tp1": 116.9, "resid_tp1": -45.7, "pred_tp2": 136.8, "resid_tp2": -65.7, "pred_tp3": 114.8, "resid_tp3": -43.7, "pred_tp4": 120.7, "resid_tp4": -49.6, "pred_tp5": 128.3, "resid_tp5": -57.2, "pred_tp6": 135.8, "resid_tp6": -64.7}}, {"type": "Feature", "geometry": {"type": "Point", "coordinates": [-96.6161225, 40.8520565]}, "properties": {"plot_id": "Lincoln-hybrids-14-10", "site_id": "Lincoln", "year": 2022, "actual": 51.1, "pred_records": 126.1, "resid_records": -75.0, "pred_tp1": 118.3, "resid_tp1": -67.2, "pred_tp2": 123.6, "resid_tp2": -72.5, "pred_tp3": 123.6, "resid_tp3": -72.5, "pred_tp4": 116.8, "resid_tp4": -65.7, "pred_tp5": 120.9, "resid_tp5": -69.8, "pred_tp6": 125.2, "resid_tp6": -74.1}}, {"type": "Feature", "geometry": {"type": "Point", "coordinates": [-96.6160496, 40.852055]}, "properties": {"plot_id": "Lincoln-hybrids-14-11", "site_id": "Lincoln", "year": 2022, "actual": 72.57, "pred_records": 125.4, "resid_records": -52.8, "pred_tp1": 125.2, "resid_tp1": -52.7, "pred_tp2": 137.0, "resid_tp2": -64.4, "pred_tp3": 120.6, "resid_tp3": -48.0, "pred_tp4": 121.2, "resid_tp4": -48.6, "pred_tp5": 128.0, "resid_tp5": -55.5, "pred_tp6": 138.1, "resid_tp6": -65.5}}, {"type": "Feature", "geometry": {"type": "Point", "coordinates": [-96.6159784, 40.8520548]}, "properties": {"plot_id": "Lincoln-hybrids-14-12", "site_id": "Lincoln", "year": 2022, "actual": 38.11, "pred_records": 129.5, "resid_records": -91.4, "pred_tp1": 140.8, "resid_tp1": -102.7, "pred_tp2": 132.6, "resid_tp2": -94.5, "pred_tp3": 128.8, "resid_tp3": -90.7, "pred_tp4": 138.8, "resid_tp4": -100.7, "pred_tp5": 141.4, "resid_tp5": -103.3, "pred_tp6": 137.2, "resid_tp6": -99.1}}, {"type": "Feature", "geometry": {"type": "Point", "coordinates": [-96.6159054, 40.8520547]}, "properties": {"plot_id": "Lincoln-hybrids-14-13", "site_id": "Lincoln", "year": 2022, "actual": 57.47, "pred_records": 125.4, "resid_records": -67.9, "pred_tp1": 133.6, "resid_tp1": -76.1, "pred_tp2": 125.8, "resid_tp2": -68.3, "pred_tp3": 119.7, "resid_tp3": -62.2, "pred_tp4": 115.2, "resid_tp4": -57.8, "pred_tp5": 129.2, "resid_tp5": -71.7, "pred_tp6": 124.6, "resid_tp6": -67.1}}, {"type": "Feature", "geometry": {"type": "Point", "coordinates": [-96.6157631, 40.8520531]}, "properties": {"plot_id": "Lincoln-hybrids-14-15", "site_id": "Lincoln", "year": 2022, "actual": 61.05, "pred_records": 134.8, "resid_records": -73.8, "pred_tp1": 136.6, "resid_tp1": -75.6, "pred_tp2": 146.6, "resid_tp2": -85.6, "pred_tp3": 125.5, "resid_tp3": -64.5, "pred_tp4": 131.3, "resid_tp4": -70.3, "pred_tp5": 133.5, "resid_tp5": -72.5, "pred_tp6": 134.3, "resid_tp6": -73.3}}, {"type": "Feature", "geometry": {"type": "Point", "coordinates": [-96.6156902, 40.8520529]}, "properties": {"plot_id": "Lincoln-hybrids-14-16", "site_id": "Lincoln", "year": 2022, "actual": 118.89, "pred_records": 156.9, "resid_records": -38.0, "pred_tp1": 154.4, "resid_tp1": -35.5, "pred_tp2": 156.4, "resid_tp2": -37.5, "pred_tp3": 134.6, "resid_tp3": -15.7, "pred_tp4": 135.1, "resid_tp4": -16.2, "pred_tp5": 138.4, "resid_tp5": -19.5, "pred_tp6": 152.2, "resid_tp6": -33.3}}, {"type": "Feature", "geometry": {"type": "Point", "coordinates": [-96.6156191, 40.8520515]}, "properties": {"plot_id": "Lincoln-hybrids-14-17", "site_id": "Lincoln", "year": 2022, "actual": 84.74, "pred_records": 128.5, "resid_records": -43.8, "pred_tp1": 131.5, "resid_tp1": -46.8, "pred_tp2": 123.5, "resid_tp2": -38.8, "pred_tp3": 112.9, "resid_tp3": -28.2, "pred_tp4": 113.4, "resid_tp4": -28.6, "pred_tp5": 121.7, "resid_tp5": -36.9, "pred_tp6": 119.8, "resid_tp6": -35.0}}, {"type": "Feature", "geometry": {"type": "Point", "coordinates": [-96.6155461, 40.8520513]}, "properties": {"plot_id": "Lincoln-hybrids-14-18", "site_id": "Lincoln", "year": 2022, "actual": 58.38, "pred_records": 100.1, "resid_records": -41.7, "pred_tp1": 113.9, "resid_tp1": -55.5, "pred_tp2": 109.5, "resid_tp2": -51.1, "pred_tp3": 105.2, "resid_tp3": -46.8, "pred_tp4": 113.0, "resid_tp4": -54.7, "pred_tp5": 114.2, "resid_tp5": -55.8, "pred_tp6": 114.5, "resid_tp6": -56.1}}, {"type": "Feature", "geometry": {"type": "Point", "coordinates": [-96.615475, 40.8520512]}, "properties": {"plot_id": "Lincoln-hybrids-14-19", "site_id": "Lincoln", "year": 2022, "actual": 42.16, "pred_records": 148.4, "resid_records": -106.2, "pred_tp1": 128.9, "resid_tp1": -86.7, "pred_tp2": 128.1, "resid_tp2": -85.9, "pred_tp3": 132.0, "resid_tp3": -89.8, "pred_tp4": 130.3, "resid_tp4": -88.2, "pred_tp5": 134.5, "resid_tp5": -92.3, "pred_tp6": 137.6, "resid_tp6": -95.5}}, {"type": "Feature", "geometry": {"type": "Point", "coordinates": [-96.616697, 40.8520616]}, "properties": {"plot_id": "Lincoln-hybrids-14-2", "site_id": "Lincoln", "year": 2022, "actual": 18.63, "pred_records": 99.6, "resid_records": -81.0, "pred_tp1": 118.8, "resid_tp1": -100.2, "pred_tp2": 107.0, "resid_tp2": -88.4, "pred_tp3": 110.7, "resid_tp3": -92.0, "pred_tp4": 127.1, "resid_tp4": -108.5, "pred_tp5": 123.9, "resid_tp5": -105.3, "pred_tp6": 120.8, "resid_tp6": -102.1}}, {"type": "Feature", "geometry": {"type": "Point", "coordinates": [-96.6154038, 40.8520497]}, "properties": {"plot_id": "Lincoln-hybrids-14-20", "site_id": "Lincoln", "year": 2022, "actual": 12.22, "pred_records": 124.6, "resid_records": -112.4, "pred_tp1": 111.8, "resid_tp1": -99.6, "pred_tp2": 114.2, "resid_tp2": -102.0, "pred_tp3": 120.9, "resid_tp3": -108.7, "pred_tp4": 127.5, "resid_tp4": -115.3, "pred_tp5": 134.6, "resid_tp5": -122.4, "pred_tp6": 126.6, "resid_tp6": -114.4}}, {"type": "Feature", "geometry": {"type": "Point", "coordinates": [-96.6153309, 40.8520482]}, "properties": {"plot_id": "Lincoln-hybrids-14-21", "site_id": "Lincoln", "year": 2022, "actual": 20.29, "pred_records": 143.6, "resid_records": -123.3, "pred_tp1": 141.4, "resid_tp1": -121.1, "pred_tp2": 129.4, "resid_tp2": -109.1, "pred_tp3": 124.5, "resid_tp3": -104.3, "pred_tp4": 120.6, "resid_tp4": -100.3, "pred_tp5": 117.9, "resid_tp5": -97.6, "pred_tp6": 127.3, "resid_tp6": -107.0}}, {"type": "Feature", "geometry": {"type": "Point", "coordinates": [-96.615258, 40.8520481]}, "properties": {"plot_id": "Lincoln-hybrids-14-22", "site_id": "Lincoln", "year": 2022, "actual": 61.01, "pred_records": 134.8, "resid_records": -73.8, "pred_tp1": 128.5, "resid_tp1": -67.5, "pred_tp2": 123.9, "resid_tp2": -62.9, "pred_tp3": 107.8, "resid_tp3": -46.8, "pred_tp4": 119.5, "resid_tp4": -58.5, "pred_tp5": 123.7, "resid_tp5": -62.7, "pred_tp6": 124.4, "resid_tp6": -63.4}}, {"type": "Feature", "geometry": {"type": "Point", "coordinates": [-96.6151868, 40.8520479]}, "properties": {"plot_id": "Lincoln-hybrids-14-23", "site_id": "Lincoln", "year": 2022, "actual": 74.14, "pred_records": 115.3, "resid_records": -41.2, "pred_tp1": 131.7, "resid_tp1": -57.6, "pred_tp2": 119.5, "resid_tp2": -45.4, "pred_tp3": 95.3, "resid_tp3": -21.2, "pred_tp4": 104.9, "resid_tp4": -30.7, "pred_tp5": 108.9, "resid_tp5": -34.7, "pred_tp6": 113.3, "resid_tp6": -39.2}}, {"type": "Feature", "geometry": {"type": "Point", "coordinates": [-96.6151157, 40.8520465]}, "properties": {"plot_id": "Lincoln-hybrids-14-24", "site_id": "Lincoln", "year": 2022, "actual": 35.54, "pred_records": 131.8, "resid_records": -96.3, "pred_tp1": 141.7, "resid_tp1": -106.1, "pred_tp2": 113.1, "resid_tp2": -77.5, "pred_tp3": 90.2, "resid_tp3": -54.7, "pred_tp4": 109.9, "resid_tp4": -74.4, "pred_tp5": 113.6, "resid_tp5": -78.1, "pred_tp6": 119.1, "resid_tp6": -83.6}}, {"type": "Feature", "geometry": {"type": "Point", "coordinates": [-96.6150445, 40.8520463]}, "properties": {"plot_id": "Lincoln-hybrids-14-25", "site_id": "Lincoln", "year": 2022, "actual": 71.95, "pred_records": 157.1, "resid_records": -85.2, "pred_tp1": 157.9, "resid_tp1": -86.0, "pred_tp2": 142.1, "resid_tp2": -70.1, "pred_tp3": 131.9, "resid_tp3": -59.9, "pred_tp4": 124.4, "resid_tp4": -52.4, "pred_tp5": 125.5, "resid_tp5": -53.5, "pred_tp6": 132.7, "resid_tp6": -60.8}}, {"type": "Feature", "geometry": {"type": "Point", "coordinates": [-96.6149716, 40.8520462]}, "properties": {"plot_id": "Lincoln-hybrids-14-26", "site_id": "Lincoln", "year": 2022, "actual": 60.92, "pred_records": 148.7, "resid_records": -87.7, "pred_tp1": 147.4, "resid_tp1": -86.5, "pred_tp2": 128.0, "resid_tp2": -67.1, "pred_tp3": 129.0, "resid_tp3": -68.1, "pred_tp4": 120.6, "resid_tp4": -59.7, "pred_tp5": 117.5, "resid_tp5": -56.6, "pred_tp6": 126.4, "resid_tp6": -65.5}}, {"type": "Feature", "geometry": {"type": "Point", "coordinates": [-96.6148275, 40.8520446]}, "properties": {"plot_id": "Lincoln-hybrids-14-28", "site_id": "Lincoln", "year": 2022, "actual": 54.47, "pred_records": 128.7, "resid_records": -74.3, "pred_tp1": 137.1, "resid_tp1": -82.7, "pred_tp2": 130.9, "resid_tp2": -76.4, "pred_tp3": 119.4, "resid_tp3": -65.0, "pred_tp4": 120.7, "resid_tp4": -66.2, "pred_tp5": 127.0, "resid_tp5": -72.5, "pred_tp6": 137.2, "resid_tp6": -82.7}}, {"type": "Feature", "geometry": {"type": "Point", "coordinates": [-96.6147564, 40.8520431]}, "properties": {"plot_id": "Lincoln-hybrids-14-29", "site_id": "Lincoln", "year": 2022, "actual": 49.22, "pred_records": 130.9, "resid_records": -81.7, "pred_tp1": 120.0, "resid_tp1": -70.8, "pred_tp2": 122.3, "resid_tp2": -73.0, "pred_tp3": 117.3, "resid_tp3": -68.1, "pred_tp4": 128.4, "resid_tp4": -79.2, "pred_tp5": 124.9, "resid_tp5": -75.6, "pred_tp6": 133.7, "resid_tp6": -84.5}}, {"type": "Feature", "geometry": {"type": "Point", "coordinates": [-96.6166241, 40.8520614]}, "properties": {"plot_id": "Lincoln-hybrids-14-3", "site_id": "Lincoln", "year": 2022, "actual": 67.54, "pred_records": 106.4, "resid_records": -38.8, "pred_tp1": 139.2, "resid_tp1": -71.7, "pred_tp2": 138.8, "resid_tp2": -71.2, "pred_tp3": 113.3, "resid_tp3": -45.8, "pred_tp4": 129.5, "resid_tp4": -62.0, "pred_tp5": 138.2, "resid_tp5": -70.7, "pred_tp6": 132.3, "resid_tp6": -64.8}}, {"type": "Feature", "geometry": {"type": "Point", "coordinates": [-96.6146834, 40.8520429]}, "properties": {"plot_id": "Lincoln-hybrids-14-30", "site_id": "Lincoln", "year": 2022, "actual": 35.9, "pred_records": 107.1, "resid_records": -71.2, "pred_tp1": 120.0, "resid_tp1": -84.1, "pred_tp2": 112.4, "resid_tp2": -76.5, "pred_tp3": 118.4, "resid_tp3": -82.5, "pred_tp4": 123.0, "resid_tp4": -87.1, "pred_tp5": 117.8, "resid_tp5": -81.9, "pred_tp6": 128.6, "resid_tp6": -92.7}}, {"type": "Feature", "geometry": {"type": "Point", "coordinates": [-96.6146123, 40.8520415]}, "properties": {"plot_id": "Lincoln-hybrids-14-31", "site_id": "Lincoln", "year": 2022, "actual": 41.61, "pred_records": 126.7, "resid_records": -85.0, "pred_tp1": 145.8, "resid_tp1": -104.2, "pred_tp2": 124.3, "resid_tp2": -82.7, "pred_tp3": 120.6, "resid_tp3": -79.0, "pred_tp4": 124.8, "resid_tp4": -83.2, "pred_tp5": 118.8, "resid_tp5": -77.2, "pred_tp6": 126.7, "resid_tp6": -85.1}}, {"type": "Feature", "geometry": {"type": "Point", "coordinates": [-96.6145394, 40.8520413]}, "properties": {"plot_id": "Lincoln-hybrids-14-32", "site_id": "Lincoln", "year": 2022, "actual": 27.71, "pred_records": 110.8, "resid_records": -83.1, "pred_tp1": 126.9, "resid_tp1": -99.2, "pred_tp2": 118.6, "resid_tp2": -90.9, "pred_tp3": 109.1, "resid_tp3": -81.4, "pred_tp4": 117.3, "resid_tp4": -89.6, "pred_tp5": 120.7, "resid_tp5": -93.0, "pred_tp6": 125.6, "resid_tp6": -97.9}}, {"type": "Feature", "geometry": {"type": "Point", "coordinates": [-96.6144682, 40.8520412]}, "properties": {"plot_id": "Lincoln-hybrids-14-33", "site_id": "Lincoln", "year": 2022, "actual": 8.94, "pred_records": 113.6, "resid_records": -104.7, "pred_tp1": 89.0, "resid_tp1": -80.1, "pred_tp2": 119.9, "resid_tp2": -110.9, "pred_tp3": 119.7, "resid_tp3": -110.8, "pred_tp4": 127.3, "resid_tp4": -118.3, "pred_tp5": 119.7, "resid_tp5": -110.8, "pred_tp6": 123.5, "resid_tp6": -114.5}}, {"type": "Feature", "geometry": {"type": "Point", "coordinates": [-96.6143971, 40.8520397]}, "properties": {"plot_id": "Lincoln-hybrids-14-34", "site_id": "Lincoln", "year": 2022, "actual": 4.51, "pred_records": 126.7, "resid_records": -122.1, "pred_tp1": 94.5, "resid_tp1": -90.0, "pred_tp2": 119.9, "resid_tp2": -115.4, "pred_tp3": 121.3, "resid_tp3": -116.8, "pred_tp4": 128.5, "resid_tp4": -124.0, "pred_tp5": 113.9, "resid_tp5": -109.3, "pred_tp6": 126.2, "resid_tp6": -121.6}}, {"type": "Feature", "geometry": {"type": "Point", "coordinates": [-96.6143241, 40.8520395]}, "properties": {"plot_id": "Lincoln-hybrids-14-35", "site_id": "Lincoln", "year": 2022, "actual": 1.78, "pred_records": 128.1, "resid_records": -126.4, "pred_tp1": 112.9, "resid_tp1": -111.1, "pred_tp2": 145.0, "resid_tp2": -143.2, "pred_tp3": 129.9, "resid_tp3": -128.2, "pred_tp4": 134.4, "resid_tp4": -132.6, "pred_tp5": 125.7, "resid_tp5": -123.9, "pred_tp6": 133.3, "resid_tp6": -131.5}}, {"type": "Feature", "geometry": {"type": "Point", "coordinates": [-96.614253, 40.8520394]}, "properties": {"plot_id": "Lincoln-hybrids-14-36", "site_id": "Lincoln", "year": 2022, "actual": 15.4, "pred_records": 109.7, "resid_records": -94.3, "pred_tp1": 105.8, "resid_tp1": -90.4, "pred_tp2": 101.5, "resid_tp2": -86.1, "pred_tp3": 109.0, "resid_tp3": -93.6, "pred_tp4": 115.9, "resid_tp4": -100.5, "pred_tp5": 108.3, "resid_tp5": -92.9, "pred_tp6": 122.3, "resid_tp6": -106.9}}, {"type": "Feature", "geometry": {"type": "Point", "coordinates": [-96.6141801, 40.8520379]}, "properties": {"plot_id": "Lincoln-hybrids-14-37", "site_id": "Lincoln", "year": 2022, "actual": 32.68, "pred_records": 138.1, "resid_records": -105.4, "pred_tp1": 128.9, "resid_tp1": -96.2, "pred_tp2": 122.4, "resid_tp2": -89.7, "pred_tp3": 127.3, "resid_tp3": -94.6, "pred_tp4": 125.7, "resid_tp4": -93.0, "pred_tp5": 122.4, "resid_tp5": -89.8, "pred_tp6": 142.5, "resid_tp6": -109.8}}, {"type": "Feature", "geometry": {"type": "Point", "coordinates": [-96.6141089, 40.8520364]}, "properties": {"plot_id": "Lincoln-hybrids-14-38", "site_id": "Lincoln", "year": 2022, "actual": 22.64, "pred_records": 88.1, "resid_records": -65.5, "pred_tp1": 94.6, "resid_tp1": -71.9, "pred_tp2": 93.5, "resid_tp2": -70.9, "pred_tp3": 100.2, "resid_tp3": -77.5, "pred_tp4": 105.5, "resid_tp4": -82.9, "pred_tp5": 99.3, "resid_tp5": -76.6, "pred_tp6": 112.3, "resid_tp6": -89.6}}, {"type": "Feature", "geometry": {"type": "Point", "coordinates": [-96.6140378, 40.8520363]}, "properties": {"plot_id": "Lincoln-hybrids-14-39", "site_id": "Lincoln", "year": 2022, "actual": 14.04, "pred_records": 128.8, "resid_records": -114.7, "pred_tp1": 116.5, "resid_tp1": -102.5, "pred_tp2": 112.2, "resid_tp2": -98.1, "pred_tp3": 127.0, "resid_tp3": -113.0, "pred_tp4": 134.4, "resid_tp4": -120.4, "pred_tp5": 119.6, "resid_tp5": -105.5, "pred_tp6": 134.5, "resid_tp6": -120.5}}, {"type": "Feature", "geometry": {"type": "Point", "coordinates": [-96.6165529, 40.85206]}, "properties": {"plot_id": "Lincoln-hybrids-14-4", "site_id": "Lincoln", "year": 2022, "actual": 74.11, "pred_records": 119.1, "resid_records": -45.0, "pred_tp1": 127.9, "resid_tp1": -53.8, "pred_tp2": 135.0, "resid_tp2": -60.9, "pred_tp3": 123.2, "resid_tp3": -49.1, "pred_tp4": 127.3, "resid_tp4": -53.2, "pred_tp5": 137.7, "resid_tp5": -63.6, "pred_tp6": 138.8, "resid_tp6": -64.7}}, {"type": "Feature", "geometry": {"type": "Point", "coordinates": [-96.6164818, 40.8520599]}, "properties": {"plot_id": "Lincoln-hybrids-14-5", "site_id": "Lincoln", "year": 2022, "actual": 90.95, "pred_records": 136.5, "resid_records": -45.5, "pred_tp1": 147.6, "resid_tp1": -56.6, "pred_tp2": 139.9, "resid_tp2": -49.0, "pred_tp3": 118.0, "resid_tp3": -27.1, "pred_tp4": 132.4, "resid_tp4": -41.4, "pred_tp5": 138.8, "resid_tp5": -47.8, "pred_tp6": 136.6, "resid_tp6": -45.7}}, {"type": "Feature", "geometry": {"type": "Point", "coordinates": [-96.6164088, 40.8520597]}, "properties": {"plot_id": "Lincoln-hybrids-14-6", "site_id": "Lincoln", "year": 2022, "actual": 52.53, "pred_records": 129.7, "resid_records": -77.1, "pred_tp1": 143.0, "resid_tp1": -90.5, "pred_tp2": 127.3, "resid_tp2": -74.8, "pred_tp3": 101.6, "resid_tp3": -49.0, "pred_tp4": 112.4, "resid_tp4": -59.9, "pred_tp5": 126.4, "resid_tp5": -73.9, "pred_tp6": 125.2, "resid_tp6": -72.6}}, {"type": "Feature", "geometry": {"type": "Point", "coordinates": [-96.6163377, 40.8520582]}, "properties": {"plot_id": "Lincoln-hybrids-14-7", "site_id": "Lincoln", "year": 2022, "actual": 74.89, "pred_records": 150.5, "resid_records": -75.6, "pred_tp1": 147.1, "resid_tp1": -72.2, "pred_tp2": 150.3, "resid_tp2": -75.4, "pred_tp3": 127.5, "resid_tp3": -52.6, "pred_tp4": 125.8, "resid_tp4": -50.9, "pred_tp5": 135.0, "resid_tp5": -60.1, "pred_tp6": 143.7, "resid_tp6": -68.8}}, {"type": "Feature", "geometry": {"type": "Point", "coordinates": [-96.6162647, 40.8520581]}, "properties": {"plot_id": "Lincoln-hybrids-14-8", "site_id": "Lincoln", "year": 2022, "actual": 65.99, "pred_records": 124.3, "resid_records": -58.3, "pred_tp1": 138.4, "resid_tp1": -72.4, "pred_tp2": 137.3, "resid_tp2": -71.3, "pred_tp3": 113.1, "resid_tp3": -47.1, "pred_tp4": 118.7, "resid_tp4": -52.7, "pred_tp5": 134.4, "resid_tp5": -68.4, "pred_tp6": 134.2, "resid_tp6": -68.3}}, {"type": "Feature", "geometry": {"type": "Point", "coordinates": [-96.6161936, 40.8520579]}, "properties": {"plot_id": "Lincoln-hybrids-14-9", "site_id": "Lincoln", "year": 2022, "actual": 48.83, "pred_records": 122.0, "resid_records": -73.2, "pred_tp1": 111.8, "resid_tp1": -63.0, "pred_tp2": 125.1, "resid_tp2": -76.3, "pred_tp3": 114.6, "resid_tp3": -65.8, "pred_tp4": 117.6, "resid_tp4": -68.8, "pred_tp5": 118.4, "resid_tp5": -69.5, "pred_tp6": 128.5, "resid_tp6": -79.6}}, {"type": "Feature", "geometry": {"type": "Point", "coordinates": [-96.6161216, 40.8520294]}, "properties": {"plot_id": "Lincoln-hybrids-15-10", "site_id": "Lincoln", "year": 2022, "actual": 88.49, "pred_records": 133.3, "resid_records": -44.8, "pred_tp1": 147.3, "resid_tp1": -58.8, "pred_tp2": 143.3, "resid_tp2": -54.8, "pred_tp3": 121.8, "resid_tp3": -33.3, "pred_tp4": 116.6, "resid_tp4": -28.2, "pred_tp5": 126.4, "resid_tp5": -37.9, "pred_tp6": 137.0, "resid_tp6": -48.5}}, {"type": "Feature", "geometry": {"type": "Point", "coordinates": [-96.6160505, 40.852028]}, "properties": {"plot_id": "Lincoln-hybrids-15-11", "site_id": "Lincoln", "year": 2022, "actual": 75.86, "pred_records": 123.2, "resid_records": -47.3, "pred_tp1": 118.6, "resid_tp1": -42.7, "pred_tp2": 132.2, "resid_tp2": -56.4, "pred_tp3": 109.0, "resid_tp3": -33.2, "pred_tp4": 118.6, "resid_tp4": -42.8, "pred_tp5": 124.3, "resid_tp5": -48.4, "pred_tp6": 123.0, "resid_tp6": -47.2}}, {"type": "Feature", "geometry": {"type": "Point", "coordinates": [-96.6159776, 40.8520278]}, "properties": {"plot_id": "Lincoln-hybrids-15-12", "site_id": "Lincoln", "year": 2022, "actual": 51.43, "pred_records": 116.9, "resid_records": -65.4, "pred_tp1": 128.2, "resid_tp1": -76.7, "pred_tp2": 123.3, "resid_tp2": -71.8, "pred_tp3": 124.0, "resid_tp3": -72.6, "pred_tp4": 125.2, "resid_tp4": -73.8, "pred_tp5": 128.1, "resid_tp5": -76.7, "pred_tp6": 130.5, "resid_tp6": -79.1}}, {"type": "Feature", "geometry": {"type": "Point", "coordinates": [-96.6159064, 40.8520277]}, "properties": {"plot_id": "Lincoln-hybrids-15-13", "site_id": "Lincoln", "year": 2022, "actual": 85.52, "pred_records": 77.8, "resid_records": 7.7, "pred_tp1": 87.5, "resid_tp1": -2.0, "pred_tp2": 111.1, "resid_tp2": -25.6, "pred_tp3": 91.4, "resid_tp3": -5.9, "pred_tp4": 103.4, "resid_tp4": -17.8, "pred_tp5": 110.9, "resid_tp5": -25.4, "pred_tp6": 107.2, "resid_tp6": -21.6}}, {"type": "Feature", "geometry": {"type": "Point", "coordinates": [-96.6157623, 40.8520261]}, "properties": {"plot_id": "Lincoln-hybrids-15-15", "site_id": "Lincoln", "year": 2022, "actual": 114.39, "pred_records": 161.7, "resid_records": -47.3, "pred_tp1": 161.7, "resid_tp1": -47.3, "pred_tp2": 160.4, "resid_tp2": -46.0, "pred_tp3": 136.3, "resid_tp3": -21.9, "pred_tp4": 134.7, "resid_tp4": -20.3, "pred_tp5": 139.6, "resid_tp5": -25.2, "pred_tp6": 149.8, "resid_tp6": -35.4}}, {"type": "Feature", "geometry": {"type": "Point", "coordinates": [-96.6156912, 40.8520259]}, "properties": {"plot_id": "Lincoln-hybrids-15-16", "site_id": "Lincoln", "year": 2022, "actual": 18.1, "pred_records": 135.8, "resid_records": -117.7, "pred_tp1": 114.1, "resid_tp1": -96.0, "pred_tp2": 112.0, "resid_tp2": -93.9, "pred_tp3": 121.5, "resid_tp3": -103.4, "pred_tp4": 121.6, "resid_tp4": -103.5, "pred_tp5": 118.8, "resid_tp5": -100.7, "pred_tp6": 124.9, "resid_tp6": -106.8}}, {"type": "Feature", "geometry": {"type": "Point", "coordinates": [-96.6156183, 40.8520244]}, "properties": {"plot_id": "Lincoln-hybrids-15-17", "site_id": "Lincoln", "year": 2022, "actual": 38.01, "pred_records": 148.1, "resid_records": -110.1, "pred_tp1": 128.9, "resid_tp1": -90.9, "pred_tp2": 126.7, "resid_tp2": -88.7, "pred_tp3": 116.3, "resid_tp3": -78.3, "pred_tp4": 121.4, "resid_tp4": -83.4, "pred_tp5": 118.5, "resid_tp5": -80.5, "pred_tp6": 126.0, "resid_tp6": -88.0}}, {"type": "Feature", "geometry": {"type": "Point", "coordinates": [-96.6155471, 40.8520243]}, "properties": {"plot_id": "Lincoln-hybrids-15-18", "site_id": "Lincoln", "year": 2022, "actual": 31.14, "pred_records": 124.4, "resid_records": -93.3, "pred_tp1": 104.0, "resid_tp1": -72.9, "pred_tp2": 106.8, "resid_tp2": -75.7, "pred_tp3": 92.5, "resid_tp3": -61.4, "pred_tp4": 103.9, "resid_tp4": -72.8, "pred_tp5": 104.9, "resid_tp5": -73.8, "pred_tp6": 113.3, "resid_tp6": -82.2}}, {"type": "Feature", "geometry": {"type": "Point", "coordinates": [-96.615476, 40.8520228]}, "properties": {"plot_id": "Lincoln-hybrids-15-19", "site_id": "Lincoln", "year": 2022, "actual": 60.89, "pred_records": 169.6, "resid_records": -108.7, "pred_tp1": 139.4, "resid_tp1": -78.6, "pred_tp2": 136.4, "resid_tp2": -75.5, "pred_tp3": 129.9, "resid_tp3": -69.0, "pred_tp4": 129.8, "resid_tp4": -68.9, "pred_tp5": 125.1, "resid_tp5": -64.2, "pred_tp6": 136.4, "resid_tp6": -75.5}}, {"type": "Feature", "geometry": {"type": "Point", "coordinates": [-96.6166962, 40.8520346]}, "properties": {"plot_id": "Lincoln-hybrids-15-2", "site_id": "Lincoln", "year": 2022, "actual": 59.66, "pred_records": 119.1, "resid_records": -59.4, "pred_tp1": 129.4, "resid_tp1": -69.7, "pred_tp2": 117.9, "resid_tp2": -58.2, "pred_tp3": 105.4, "resid_tp3": -45.8, "pred_tp4": 118.4, "resid_tp4": -58.7, "pred_tp5": 120.7, "resid_tp5": -61.1, "pred_tp6": 124.7, "resid_tp6": -65.0}}, {"type": "Feature", "geometry": {"type": "Point", "coordinates": [-96.615403, 40.8520227]}, "properties": {"plot_id": "Lincoln-hybrids-15-20", "site_id": "Lincoln", "year": 2022, "actual": 22.0, "pred_records": 129.1, "resid_records": -107.1, "pred_tp1": 137.9, "resid_tp1": -115.9, "pred_tp2": 131.6, "resid_tp2": -109.6, "pred_tp3": 124.0, "resid_tp3": -102.0, "pred_tp4": 132.6, "resid_tp4": -110.6, "pred_tp5": 135.5, "resid_tp5": -113.5, "pred_tp6": 134.0, "resid_tp6": -112.0}}, {"type": "Feature", "geometry": {"type": "Point", "coordinates": [-96.6153319, 40.8520212]}, "properties": {"plot_id": "Lincoln-hybrids-15-21", "site_id": "Lincoln", "year": 2022, "actual": 3.16, "pred_records": 143.4, "resid_records": -140.3, "pred_tp1": 129.6, "resid_tp1": -126.5, "pred_tp2": 130.6, "resid_tp2": -127.5, "pred_tp3": 124.1, "resid_tp3": -120.9, "pred_tp4": 134.7, "resid_tp4": -131.5, "pred_tp5": 139.6, "resid_tp5": -136.5, "pred_tp6": 141.0, "resid_tp6": -137.8}}, {"type": "Feature", "geometry": {"type": "Point", "coordinates": [-96.615259, 40.8520211]}, "properties": {"plot_id": "Lincoln-hybrids-15-22", "site_id": "Lincoln", "year": 2022, "actual": 10.89, "pred_records": 133.8, "resid_records": -122.9, "pred_tp1": 107.0, "resid_tp1": -96.1, "pred_tp2": 110.1, "resid_tp2": -99.2, "pred_tp3": 109.6, "resid_tp3": -98.7, "pred_tp4": 109.1, "resid_tp4": -98.3, "pred_tp5": 105.8, "resid_tp5": -94.9, "pred_tp6": 112.7, "resid_tp6": -101.8}}, {"type": "Feature", "geometry": {"type": "Point", "coordinates": [-96.6151878, 40.8520209]}, "properties": {"plot_id": "Lincoln-hybrids-15-23", "site_id": "Lincoln", "year": 2022, "actual": 38.66, "pred_records": 131.8, "resid_records": -93.2, "pred_tp1": 115.0, "resid_tp1": -76.4, "pred_tp2": 113.5, "resid_tp2": -74.9, "pred_tp3": 108.5, "resid_tp3": -69.8, "pred_tp4": 106.8, "resid_tp4": -68.2, "pred_tp5": 110.2, "resid_tp5": -71.5, "pred_tp6": 119.9, "resid_tp6": -81.3}}, {"type": "Feature", "geometry": {"type": "Point", "coordinates": [-96.6151167, 40.8520195]}, "properties": {"plot_id": "Lincoln-hybrids-15-24", "site_id": "Lincoln", "year": 2022, "actual": 54.04, "pred_records": 129.3, "resid_records": -75.2, "pred_tp1": 141.9, "resid_tp1": -87.9, "pred_tp2": 121.0, "resid_tp2": -67.0, "pred_tp3": 115.1, "resid_tp3": -61.0, "pred_tp4": 113.6, "resid_tp4": -59.6, "pred_tp5": 120.6, "resid_tp5": -66.6, "pred_tp6": 120.4, "resid_tp6": -66.3}}, {"type": "Feature", "geometry": {"type": "Point", "coordinates": [-96.6150437, 40.8520193]}, "properties": {"plot_id": "Lincoln-hybrids-15-25", "site_id": "Lincoln", "year": 2022, "actual": 54.71, "pred_records": 129.9, "resid_records": -75.2, "pred_tp1": 131.8, "resid_tp1": -77.1, "pred_tp2": 124.9, "resid_tp2": -70.2, "pred_tp3": 116.1, "resid_tp3": -61.4, "pred_tp4": 112.7, "resid_tp4": -58.0, "pred_tp5": 118.0, "resid_tp5": -63.3, "pred_tp6": 123.4, "resid_tp6": -68.7}}, {"type": "Feature", "geometry": {"type": "Point", "coordinates": [-96.6149725, 40.8520192]}, "properties": {"plot_id": "Lincoln-hybrids-15-26", "site_id": "Lincoln", "year": 2022, "actual": 34.62, "pred_records": 132.5, "resid_records": -97.9, "pred_tp1": 133.4, "resid_tp1": -98.8, "pred_tp2": 128.5, "resid_tp2": -93.9, "pred_tp3": 131.9, "resid_tp3": -97.3, "pred_tp4": 122.2, "resid_tp4": -87.6, "pred_tp5": 125.6, "resid_tp5": -91.0, "pred_tp6": 132.2, "resid_tp6": -97.6}}, {"type": "Feature", "geometry": {"type": "Point", "coordinates": [-96.6148285, 40.8520162]}, "properties": {"plot_id": "Lincoln-hybrids-15-28", "site_id": "Lincoln", "year": 2022, "actual": 67.04, "pred_records": 96.1, "resid_records": -29.1, "pred_tp1": 95.5, "resid_tp1": -28.5, "pred_tp2": 105.9, "resid_tp2": -38.8, "pred_tp3": 95.6, "resid_tp3": -28.5, "pred_tp4": 109.2, "resid_tp4": -42.2, "pred_tp5": 101.7, "resid_tp5": -34.7, "pred_tp6": 108.7, "resid_tp6": -41.7}}, {"type": "Feature", "geometry": {"type": "Point", "coordinates": [-96.6147574, 40.8520161]}, "properties": {"plot_id": "Lincoln-hybrids-15-29", "site_id": "Lincoln", "year": 2022, "actual": 50.64, "pred_records": 101.5, "resid_records": -50.8, "pred_tp1": 133.3, "resid_tp1": -82.7, "pred_tp2": 114.2, "resid_tp2": -63.5, "pred_tp3": 108.5, "resid_tp3": -57.9, "pred_tp4": 119.4, "resid_tp4": -68.8, "pred_tp5": 113.2, "resid_tp5": -62.6, "pred_tp6": 121.5, "resid_tp6": -70.8}}, {"type": "Feature", "geometry": {"type": "Point", "coordinates": [-96.616625, 40.8520344]}, "properties": {"plot_id": "Lincoln-hybrids-15-3", "site_id": "Lincoln", "year": 2022, "actual": 39.25, "pred_records": 136.5, "resid_records": -97.3, "pred_tp1": 152.5, "resid_tp1": -113.3, "pred_tp2": 154.9, "resid_tp2": -115.7, "pred_tp3": 128.0, "resid_tp3": -88.8, "pred_tp4": 139.4, "resid_tp4": -100.2, "pred_tp5": 146.7, "resid_tp5": -107.4, "pred_tp6": 149.0, "resid_tp6": -109.7}}, {"type": "Feature", "geometry": {"type": "Point", "coordinates": [-96.6146844, 40.8520159]}, "properties": {"plot_id": "Lincoln-hybrids-15-30", "site_id": "Lincoln", "year": 2022, "actual": 44.25, "pred_records": 113.6, "resid_records": -69.4, "pred_tp1": 115.5, "resid_tp1": -71.2, "pred_tp2": 106.0, "resid_tp2": -61.7, "pred_tp3": 110.7, "resid_tp3": -66.4, "pred_tp4": 112.2, "resid_tp4": -67.9, "pred_tp5": 109.2, "resid_tp5": -64.9, "pred_tp6": 121.6, "resid_tp6": -77.4}}, {"type": "Feature", "geometry": {"type": "Point", "coordinates": [-96.6146115, 40.8520144]}, "properties": {"plot_id": "Lincoln-hybrids-15-31", "site_id": "Lincoln", "year": 2022, "actual": 38.75, "pred_records": 126.7, "resid_records": -87.9, "pred_tp1": 117.1, "resid_tp1": -78.4, "pred_tp2": 106.7, "resid_tp2": -68.0, "pred_tp3": 96.5, "resid_tp3": -57.8, "pred_tp4": 105.6, "resid_tp4": -66.8, "pred_tp5": 99.6, "resid_tp5": -60.8, "pred_tp6": 112.0, "resid_tp6": -73.3}}, {"type": "Feature", "geometry": {"type": "Point", "coordinates": [-96.6145403, 40.8520143]}, "properties": {"plot_id": "Lincoln-hybrids-15-32", "site_id": "Lincoln", "year": 2022, "actual": 38.76, "pred_records": 128.8, "resid_records": -90.0, "pred_tp1": 138.8, "resid_tp1": -100.1, "pred_tp2": 120.1, "resid_tp2": -81.4, "pred_tp3": 125.2, "resid_tp3": -86.4, "pred_tp4": 129.7, "resid_tp4": -90.9, "pred_tp5": 130.3, "resid_tp5": -91.6, "pred_tp6": 133.9, "resid_tp6": -95.1}}, {"type": "Feature", "geometry": {"type": "Point", "coordinates": [-96.6144692, 40.8520142]}, "properties": {"plot_id": "Lincoln-hybrids-15-33", "site_id": "Lincoln", "year": 2022, "actual": 50.37, "pred_records": 134.6, "resid_records": -84.2, "pred_tp1": 146.3, "resid_tp1": -95.9, "pred_tp2": 132.9, "resid_tp2": -82.5, "pred_tp3": 124.4, "resid_tp3": -74.0, "pred_tp4": 139.7, "resid_tp4": -89.3, "pred_tp5": 127.9, "resid_tp5": -77.5, "pred_tp6": 143.7, "resid_tp6": -93.3}}, {"type": "Feature", "geometry": {"type": "Point", "coordinates": [-96.614398, 40.8520127]}, "properties": {"plot_id": "Lincoln-hybrids-15-34", "site_id": "Lincoln", "year": 2022, "actual": 51.42, "pred_records": 172.0, "resid_records": -120.5, "pred_tp1": 132.7, "resid_tp1": -81.3, "pred_tp2": 125.5, "resid_tp2": -74.1, "pred_tp3": 125.8, "resid_tp3": -74.4, "pred_tp4": 136.0, "resid_tp4": -84.6, "pred_tp5": 123.6, "resid_tp5": -72.2, "pred_tp6": 138.6, "resid_tp6": -87.2}}, {"type": "Feature", "geometry": {"type": "Point", "coordinates": [-96.6143251, 40.8520125]}, "properties": {"plot_id": "Lincoln-hybrids-15-35", "site_id": "Lincoln", "year": 2022, "actual": 15.6, "pred_records": 126.7, "resid_records": -111.1, "pred_tp1": 108.6, "resid_tp1": -93.0, "pred_tp2": 112.0, "resid_tp2": -96.4, "pred_tp3": 124.0, "resid_tp3": -108.4, "pred_tp4": 125.1, "resid_tp4": -109.5, "pred_tp5": 116.3, "resid_tp5": -100.7, "pred_tp6": 124.2, "resid_tp6": -108.6}}, {"type": "Feature", "geometry": {"type": "Point", "coordinates": [-96.6142522, 40.8520124]}, "properties": {"plot_id": "Lincoln-hybrids-15-36", "site_id": "Lincoln", "year": 2022, "actual": 14.15, "pred_records": 75.1, "resid_records": -60.9, "pred_tp1": 98.3, "resid_tp1": -84.2, "pred_tp2": 88.5, "resid_tp2": -74.3, "pred_tp3": 85.1, "resid_tp3": -70.9, "pred_tp4": 100.3, "resid_tp4": -86.2, "pred_tp5": 97.1, "resid_tp5": -83.0, "pred_tp6": 92.4, "resid_tp6": -78.3}}, {"type": "Feature", "geometry": {"type": "Point", "coordinates": [-96.614181, 40.8520109]}, "properties": {"plot_id": "Lincoln-hybrids-15-37", "site_id": "Lincoln", "year": 2022, "actual": 23.0, "pred_records": 134.5, "resid_records": -111.5, "pred_tp1": 135.0, "resid_tp1": -112.0, "pred_tp2": 119.2, "resid_tp2": -96.2, "pred_tp3": 121.0, "resid_tp3": -98.0, "pred_tp4": 121.5, "resid_tp4": -98.5, "pred_tp5": 112.6, "resid_tp5": -89.6, "pred_tp6": 122.5, "resid_tp6": -99.5}}, {"type": "Feature", "geometry": {"type": "Point", "coordinates": [-96.6141099, 40.8520094]}, "properties": {"plot_id": "Lincoln-hybrids-15-38", "site_id": "Lincoln", "year": 2022, "actual": 10.17, "pred_records": 128.8, "resid_records": -118.6, "pred_tp1": 100.2, "resid_tp1": -90.0, "pred_tp2": 102.7, "resid_tp2": -92.6, "pred_tp3": 114.7, "resid_tp3": -104.5, "pred_tp4": 121.3, "resid_tp4": -111.2, "pred_tp5": 118.0, "resid_tp5": -107.8, "pred_tp6": 122.3, "resid_tp6": -112.2}}, {"type": "Feature", "geometry": {"type": "Point", "coordinates": [-96.6140387, 40.8520093]}, "properties": {"plot_id": "Lincoln-hybrids-15-39", "site_id": "Lincoln", "year": 2022, "actual": 8.81, "pred_records": 139.8, "resid_records": -131.0, "pred_tp1": 110.1, "resid_tp1": -101.3, "pred_tp2": 136.5, "resid_tp2": -127.7, "pred_tp3": 122.1, "resid_tp3": -113.3, "pred_tp4": 137.3, "resid_tp4": -128.5, "pred_tp5": 124.3, "resid_tp5": -115.5, "pred_tp6": 131.6, "resid_tp6": -122.8}}, {"type": "Feature", "geometry": {"type": "Point", "coordinates": [-96.6165539, 40.852033]}, "properties": {"plot_id": "Lincoln-hybrids-15-4", "site_id": "Lincoln", "year": 2022, "actual": 56.7, "pred_records": 109.6, "resid_records": -52.9, "pred_tp1": 108.6, "resid_tp1": -51.9, "pred_tp2": 114.5, "resid_tp2": -57.8, "pred_tp3": 116.5, "resid_tp3": -59.8, "pred_tp4": 111.7, "resid_tp4": -55.0, "pred_tp5": 116.2, "resid_tp5": -59.5, "pred_tp6": 122.6, "resid_tp6": -65.9}}, {"type": "Feature", "geometry": {"type": "Point", "coordinates": [-96.616481, 40.8520328]}, "properties": {"plot_id": "Lincoln-hybrids-15-5", "site_id": "Lincoln", "year": 2022, "actual": 80.45, "pred_records": 132.1, "resid_records": -51.7, "pred_tp1": 152.9, "resid_tp1": -72.5, "pred_tp2": 157.4, "resid_tp2": -76.9, "pred_tp3": 131.4, "resid_tp3": -51.0, "pred_tp4": 142.1, "resid_tp4": -61.7, "pred_tp5": 147.7, "resid_tp5": -67.3, "pred_tp6": 148.5, "resid_tp6": -68.0}}, {"type": "Feature", "geometry": {"type": "Point", "coordinates": [-96.6164098, 40.8520327]}, "properties": {"plot_id": "Lincoln-hybrids-15-6", "site_id": "Lincoln", "year": 2022, "actual": 55.15, "pred_records": 93.6, "resid_records": -38.5, "pred_tp1": 83.3, "resid_tp1": -28.1, "pred_tp2": 92.2, "resid_tp2": -37.0, "pred_tp3": 74.7, "resid_tp3": -19.5, "pred_tp4": 100.1, "resid_tp4": -44.9, "pred_tp5": 101.2, "resid_tp5": -46.0, "pred_tp6": 99.0, "resid_tp6": -43.8}}, {"type": "Feature", "geometry": {"type": "Point", "coordinates": [-96.6163369, 40.8520312]}, "properties": {"plot_id": "Lincoln-hybrids-15-7", "site_id": "Lincoln", "year": 2022, "actual": 73.55, "pred_records": 128.8, "resid_records": -55.2, "pred_tp1": 133.2, "resid_tp1": -59.7, "pred_tp2": 149.8, "resid_tp2": -76.3, "pred_tp3": 110.7, "resid_tp3": -37.1, "pred_tp4": 122.7, "resid_tp4": -49.2, "pred_tp5": 123.3, "resid_tp5": -49.7, "pred_tp6": 135.8, "resid_tp6": -62.2}}, {"type": "Feature", "geometry": {"type": "Point", "coordinates": [-96.6162657, 40.8520311]}, "properties": {"plot_id": "Lincoln-hybrids-15-8", "site_id": "Lincoln", "year": 2022, "actual": 80.45, "pred_records": 69.7, "resid_records": 10.8, "pred_tp1": 89.4, "resid_tp1": -8.9, "pred_tp2": 107.9, "resid_tp2": -27.4, "pred_tp3": 85.7, "resid_tp3": -5.2, "pred_tp4": 112.2, "resid_tp4": -31.7, "pred_tp5": 114.2, "resid_tp5": -33.8, "pred_tp6": 107.7, "resid_tp6": -27.2}}, {"type": "Feature", "geometry": {"type": "Point", "coordinates": [-96.6161946, 40.8520296]}, "properties": {"plot_id": "Lincoln-hybrids-15-9", "site_id": "Lincoln", "year": 2022, "actual": 65.73, "pred_records": 119.7, "resid_records": -54.0, "pred_tp1": 136.8, "resid_tp1": -71.1, "pred_tp2": 141.3, "resid_tp2": -75.5, "pred_tp3": 124.4, "resid_tp3": -58.6, "pred_tp4": 115.2, "resid_tp4": -49.4, "pred_tp5": 125.4, "resid_tp5": -59.7, "pred_tp6": 137.2, "resid_tp6": -71.4}}, {"type": "Feature", "geometry": {"type": "Point", "coordinates": [-96.6161178, 40.8523833]}, "properties": {"plot_id": "Lincoln-hybrids-2-10", "site_id": "Lincoln", "year": 2022, "actual": 70.35, "pred_records": 133.3, "resid_records": -63.0, "pred_tp1": 134.5, "resid_tp1": -64.1, "pred_tp2": 138.1, "resid_tp2": -67.8, "pred_tp3": 110.0, "resid_tp3": -39.7, "pred_tp4": 123.6, "resid_tp4": -53.3, "pred_tp5": 127.7, "resid_tp5": -57.4, "pred_tp6": 126.4, "resid_tp6": -56.1}}, {"type": "Feature", "geometry": {"type": "Point", "coordinates": [-96.6160467, 40.8523819]}, "properties": {"plot_id": "Lincoln-hybrids-2-11", "site_id": "Lincoln", "year": 2022, "actual": 70.22, "pred_records": 123.4, "resid_records": -53.2, "pred_tp1": 143.5, "resid_tp1": -73.3, "pred_tp2": 137.0, "resid_tp2": -66.8, "pred_tp3": 105.4, "resid_tp3": -35.2, "pred_tp4": 108.1, "resid_tp4": -37.9, "pred_tp5": 120.5, "resid_tp5": -50.2, "pred_tp6": 124.8, "resid_tp6": -54.6}}, {"type": "Feature", "geometry": {"type": "Point", "coordinates": [-96.6159756, 40.8523804]}, "properties": {"plot_id": "Lincoln-hybrids-2-12", "site_id": "Lincoln", "year": 2022, "actual": 57.27, "pred_records": 108.9, "resid_records": -51.7, "pred_tp1": 109.2, "resid_tp1": -51.9, "pred_tp2": 118.1, "resid_tp2": -60.9, "pred_tp3": 94.7, "resid_tp3": -37.4, "pred_tp4": 106.2, "resid_tp4": -48.9, "pred_tp5": 110.8, "resid_tp5": -53.5, "pred_tp6": 114.3, "resid_tp6": -57.1}}, {"type": "Feature", "geometry": {"type": "Point", "coordinates": [-96.6159027, 40.8523802]}, "properties": {"plot_id": "Lincoln-hybrids-2-13", "site_id": "Lincoln", "year": 2022, "actual": 54.25, "pred_records": 109.3, "resid_records": -55.0, "pred_tp1": 129.2, "resid_tp1": -74.9, "pred_tp2": 119.4, "resid_tp2": -65.2, "pred_tp3": 93.8, "resid_tp3": -39.6, "pred_tp4": 100.8, "resid_tp4": -46.5, "pred_tp5": 108.7, "resid_tp5": -54.4, "pred_tp6": 112.6, "resid_tp6": -58.3}}, {"type": "Feature", "geometry": {"type": "Point", "coordinates": [-96.6157586, 40.8523786]}, "properties": {"plot_id": "Lincoln-hybrids-2-15", "site_id": "Lincoln", "year": 2022, "actual": 77.44, "pred_records": 129.5, "resid_records": -52.1, "pred_tp1": 152.4, "resid_tp1": -74.9, "pred_tp2": 142.9, "resid_tp2": -65.4, "pred_tp3": 142.1, "resid_tp3": -64.6, "pred_tp4": 127.6, "resid_tp4": -50.2, "pred_tp5": 137.8, "resid_tp5": -60.3, "pred_tp6": 138.5, "resid_tp6": -61.1}}, {"type": "Feature", "geometry": {"type": "Point", "coordinates": [-96.6156874, 40.8523785]}, "properties": {"plot_id": "Lincoln-hybrids-2-16", "site_id": "Lincoln", "year": 2022, "actual": 66.73, "pred_records": 137.6, "resid_records": -70.9, "pred_tp1": 128.4, "resid_tp1": -61.7, "pred_tp2": 122.5, "resid_tp2": -55.8, "pred_tp3": 110.3, "resid_tp3": -43.6, "pred_tp4": 108.1, "resid_tp4": -41.4, "pred_tp5": 110.9, "resid_tp5": -44.1, "pred_tp6": 119.5, "resid_tp6": -52.8}}, {"type": "Feature", "geometry": {"type": "Point", "coordinates": [-96.6156145, 40.8523783]}, "properties": {"plot_id": "Lincoln-hybrids-2-17", "site_id": "Lincoln", "year": 2022, "actual": 29.92, "pred_records": 144.2, "resid_records": -114.3, "pred_tp1": 130.6, "resid_tp1": -100.7, "pred_tp2": 133.5, "resid_tp2": -103.6, "pred_tp3": 129.5, "resid_tp3": -99.5, "pred_tp4": 117.8, "resid_tp4": -87.9, "pred_tp5": 115.6, "resid_tp5": -85.7, "pred_tp6": 120.9, "resid_tp6": -90.9}}, {"type": "Feature", "geometry": {"type": "Point", "coordinates": [-96.6155433, 40.8523769]}, "properties": {"plot_id": "Lincoln-hybrids-2-18", "site_id": "Lincoln", "year": 2022, "actual": 29.77, "pred_records": 128.5, "resid_records": -98.7, "pred_tp1": 132.6, "resid_tp1": -102.9, "pred_tp2": 119.5, "resid_tp2": -89.7, "pred_tp3": 124.1, "resid_tp3": -94.4, "pred_tp4": 118.4, "resid_tp4": -88.7, "pred_tp5": 117.4, "resid_tp5": -87.7, "pred_tp6": 122.8, "resid_tp6": -93.1}}, {"type": "Feature", "geometry": {"type": "Point", "coordinates": [-96.6154704, 40.8523754]}, "properties": {"plot_id": "Lincoln-hybrids-2-19", "site_id": "Lincoln", "year": 2022, "actual": 27.55, "pred_records": 133.6, "resid_records": -106.0, "pred_tp1": 121.7, "resid_tp1": -94.2, "pred_tp2": 117.0, "resid_tp2": -89.5, "pred_tp3": 105.2, "resid_tp3": -77.6, "pred_tp4": 102.9, "resid_tp4": -75.4, "pred_tp5": 111.3, "resid_tp5": -83.7, "pred_tp6": 114.3, "resid_tp6": -86.7}}, {"type": "Feature", "geometry": {"type": "Point", "coordinates": [-96.6166942, 40.8523885]}, "properties": {"plot_id": "Lincoln-hybrids-2-2", "site_id": "Lincoln", "year": 2022, "actual": 51.57, "pred_records": 133.3, "resid_records": -81.8, "pred_tp1": 148.9, "resid_tp1": -97.4, "pred_tp2": 145.4, "resid_tp2": -93.8, "pred_tp3": 119.0, "resid_tp3": -67.5, "pred_tp4": 130.9, "resid_tp4": -79.4, "pred_tp5": 134.6, "resid_tp5": -83.0, "pred_tp6": 140.1, "resid_tp6": -88.6}}, {"type": "Feature", "geometry": {"type": "Point", "coordinates": [-96.6153993, 40.8523752]}, "properties": {"plot_id": "Lincoln-hybrids-2-20", "site_id": "Lincoln", "year": 2022, "actual": 11.6, "pred_records": 126.5, "resid_records": -114.9, "pred_tp1": 115.9, "resid_tp1": -104.3, "pred_tp2": 114.7, "resid_tp2": -103.1, "pred_tp3": 106.1, "resid_tp3": -94.5, "pred_tp4": 103.1, "resid_tp4": -91.5, "pred_tp5": 102.4, "resid_tp5": -90.8, "pred_tp6": 110.6, "resid_tp6": -99.0}}, {"type": "Feature", "geometry": {"type": "Point", "coordinates": [-96.6153263, 40.8523751]}, "properties": {"plot_id": "Lincoln-hybrids-2-21", "site_id": "Lincoln", "year": 2022, "actual": 32.51, "pred_records": 121.8, "resid_records": -89.3, "pred_tp1": 107.5, "resid_tp1": -75.0, "pred_tp2": 112.2, "resid_tp2": -79.7, "pred_tp3": 93.7, "resid_tp3": -61.2, "pred_tp4": 105.7, "resid_tp4": -73.2, "pred_tp5": 104.9, "resid_tp5": -72.4, "pred_tp6": 109.4, "resid_tp6": -76.9}}, {"type": "Feature", "geometry": {"type": "Point", "coordinates": [-96.6152552, 40.8523736]}, "properties": {"plot_id": "Lincoln-hybrids-2-22", "site_id": "Lincoln", "year": 2022, "actual": 5.63, "pred_records": 143.4, "resid_records": -137.8, "pred_tp1": 126.5, "resid_tp1": -120.8, "pred_tp2": 127.6, "resid_tp2": -122.0, "pred_tp3": 125.2, "resid_tp3": -119.6, "pred_tp4": 130.7, "resid_tp4": -125.1, "pred_tp5": 129.0, "resid_tp5": -123.4, "pred_tp6": 139.6, "resid_tp6": -133.9}}, {"type": "Feature", "geometry": {"type": "Point", "coordinates": [-96.6151823, 40.8523735]}, "properties": {"plot_id": "Lincoln-hybrids-2-23", "site_id": "Lincoln", "year": 2022, "actual": 25.85, "pred_records": 115.3, "resid_records": -89.5, "pred_tp1": 109.4, "resid_tp1": -83.5, "pred_tp2": 113.4, "resid_tp2": -87.6, "pred_tp3": 120.0, "resid_tp3": -94.1, "pred_tp4": 121.1, "resid_tp4": -95.3, "pred_tp5": 131.3, "resid_tp5": -105.5, "pred_tp6": 123.1, "resid_tp6": -97.2}}, {"type": "Feature", "geometry": {"type": "Point", "coordinates": [-96.6151111, 40.8523733]}, "properties": {"plot_id": "Lincoln-hybrids-2-24", "site_id": "Lincoln", "year": 2022, "actual": 33.58, "pred_records": 109.7, "resid_records": -76.1, "pred_tp1": 81.3, "resid_tp1": -47.7, "pred_tp2": 102.5, "resid_tp2": -68.9, "pred_tp3": 100.3, "resid_tp3": -66.7, "pred_tp4": 103.1, "resid_tp4": -69.5, "pred_tp5": 106.2, "resid_tp5": -72.6, "pred_tp6": 104.6, "resid_tp6": -71.1}}, {"type": "Feature", "geometry": {"type": "Point", "coordinates": [-96.6150382, 40.8523718]}, "properties": {"plot_id": "Lincoln-hybrids-2-25", "site_id": "Lincoln", "year": 2022, "actual": 12.1, "pred_records": 135.0, "resid_records": -122.9, "pred_tp1": 100.9, "resid_tp1": -88.8, "pred_tp2": 112.3, "resid_tp2": -100.2, "pred_tp3": 132.1, "resid_tp3": -120.0, "pred_tp4": 112.0, "resid_tp4": -99.9, "pred_tp5": 112.6, "resid_tp5": -100.5, "pred_tp6": 129.2, "resid_tp6": -117.1}}, {"type": "Feature", "geometry": {"type": "Point", "coordinates": [-96.6149671, 40.8523704]}, "properties": {"plot_id": "Lincoln-hybrids-2-26", "site_id": "Lincoln", "year": 2022, "actual": 7.9, "pred_records": 111.5, "resid_records": -103.6, "pred_tp1": 101.2, "resid_tp1": -93.3, "pred_tp2": 99.4, "resid_tp2": -91.5, "pred_tp3": 113.1, "resid_tp3": -105.2, "pred_tp4": 113.5, "resid_tp4": -105.6, "pred_tp5": 106.8, "resid_tp5": -98.9, "pred_tp6": 105.7, "resid_tp6": -97.8}}, {"type": "Feature", "geometry": {"type": "Point", "coordinates": [-96.6148229, 40.8523701]}, "properties": {"plot_id": "Lincoln-hybrids-2-28", "site_id": "Lincoln", "year": 2022, "actual": 12.31, "pred_records": 126.7, "resid_records": -114.3, "pred_tp1": 120.1, "resid_tp1": -107.8, "pred_tp2": 115.1, "resid_tp2": -102.8, "pred_tp3": 116.6, "resid_tp3": -104.3, "pred_tp4": 128.1, "resid_tp4": -115.8, "pred_tp5": 120.7, "resid_tp5": -108.4, "pred_tp6": 128.5, "resid_tp6": -116.2}}, {"type": "Feature", "geometry": {"type": "Point", "coordinates": [-96.6147518, 40.8523686]}, "properties": {"plot_id": "Lincoln-hybrids-2-29", "site_id": "Lincoln", "year": 2022, "actual": 13.41, "pred_records": 143.5, "resid_records": -130.1, "pred_tp1": 144.7, "resid_tp1": -131.2, "pred_tp2": 142.9, "resid_tp2": -129.5, "pred_tp3": 121.6, "resid_tp3": -108.2, "pred_tp4": 141.5, "resid_tp4": -128.1, "pred_tp5": 129.6, "resid_tp5": -116.2, "pred_tp6": 140.8, "resid_tp6": -127.3}}, {"type": "Feature", "geometry": {"type": "Point", "coordinates": [-96.616623, 40.8523884]}, "properties": {"plot_id": "Lincoln-hybrids-2-3", "site_id": "Lincoln", "year": 2022, "actual": 33.14, "pred_records": 77.8, "resid_records": -44.7, "pred_tp1": 105.1, "resid_tp1": -71.9, "pred_tp2": 113.8, "resid_tp2": -80.6, "pred_tp3": 91.7, "resid_tp3": -58.6, "pred_tp4": 110.0, "resid_tp4": -76.9, "pred_tp5": 119.7, "resid_tp5": -86.5, "pred_tp6": 107.5, "resid_tp6": -74.3}}, {"type": "Feature", "geometry": {"type": "Point", "coordinates": [-96.6146789, 40.8523684]}, "properties": {"plot_id": "Lincoln-hybrids-2-30", "site_id": "Lincoln", "year": 2022, "actual": 13.21, "pred_records": 115.4, "resid_records": -102.2, "pred_tp1": 124.9, "resid_tp1": -111.7, "pred_tp2": 121.2, "resid_tp2": -108.0, "pred_tp3": 118.6, "resid_tp3": -105.4, "pred_tp4": 130.5, "resid_tp4": -117.3, "pred_tp5": 114.6, "resid_tp5": -101.4, "pred_tp6": 131.9, "resid_tp6": -118.7}}, {"type": "Feature", "geometry": {"type": "Point", "coordinates": [-96.6146059, 40.8523683]}, "properties": {"plot_id": "Lincoln-hybrids-2-31", "site_id": "Lincoln", "year": 2022, "actual": 40.4, "pred_records": 113.6, "resid_records": -73.2, "pred_tp1": 125.2, "resid_tp1": -84.8, "pred_tp2": 120.9, "resid_tp2": -80.5, "pred_tp3": 107.5, "resid_tp3": -67.1, "pred_tp4": 126.3, "resid_tp4": -85.9, "pred_tp5": 116.5, "resid_tp5": -76.1, "pred_tp6": 128.1, "resid_tp6": -87.7}}, {"type": "Feature", "geometry": {"type": "Point", "coordinates": [-96.6145348, 40.8523668]}, "properties": {"plot_id": "Lincoln-hybrids-2-32", "site_id": "Lincoln", "year": 2022, "actual": 65.84, "pred_records": 128.8, "resid_records": -62.9, "pred_tp1": 121.0, "resid_tp1": -55.2, "pred_tp2": 112.1, "resid_tp2": -46.2, "pred_tp3": 106.1, "resid_tp3": -40.3, "pred_tp4": 113.5, "resid_tp4": -47.7, "pred_tp5": 108.0, "resid_tp5": -42.2, "pred_tp6": 119.2, "resid_tp6": -53.3}}, {"type": "Feature", "geometry": {"type": "Point", "coordinates": [-96.6144637, 40.8523653]}, "properties": {"plot_id": "Lincoln-hybrids-2-33", "site_id": "Lincoln", "year": 2022, "actual": 44.37, "pred_records": 128.7, "resid_records": -84.4, "pred_tp1": 140.8, "resid_tp1": -96.4, "pred_tp2": 121.5, "resid_tp2": -77.1, "pred_tp3": 122.8, "resid_tp3": -78.4, "pred_tp4": 116.1, "resid_tp4": -71.7, "pred_tp5": 112.3, "resid_tp5": -68.0, "pred_tp6": 132.3, "resid_tp6": -88.0}}, {"type": "Feature", "geometry": {"type": "Point", "coordinates": [-96.6143907, 40.8523652]}, "properties": {"plot_id": "Lincoln-hybrids-2-34", "site_id": "Lincoln", "year": 2022, "actual": 26.59, "pred_records": 75.1, "resid_records": -48.5, "pred_tp1": 90.2, "resid_tp1": -63.6, "pred_tp2": 100.9, "resid_tp2": -74.3, "pred_tp3": 95.3, "resid_tp3": -68.7, "pred_tp4": 112.8, "resid_tp4": -86.2, "pred_tp5": 114.1, "resid_tp5": -87.5, "pred_tp6": 113.0, "resid_tp6": -86.4}}, {"type": "Feature", "geometry": {"type": "Point", "coordinates": [-96.6143178, 40.852365]}, "properties": {"plot_id": "Lincoln-hybrids-2-35", "site_id": "Lincoln", "year": 2022, "actual": 18.56, "pred_records": 113.6, "resid_records": -95.1, "pred_tp1": 115.1, "resid_tp1": -96.6, "pred_tp2": 112.5, "resid_tp2": -93.9, "pred_tp3": 124.9, "resid_tp3": -106.4, "pred_tp4": 126.1, "resid_tp4": -107.5, "pred_tp5": 125.7, "resid_tp5": -107.2, "pred_tp6": 131.2, "resid_tp6": -112.6}}, {"type": "Feature", "geometry": {"type": "Point", "coordinates": [-96.6142467, 40.8523636]}, "properties": {"plot_id": "Lincoln-hybrids-2-36", "site_id": "Lincoln", "year": 2022, "actual": 22.14, "pred_records": 128.2, "resid_records": -106.0, "pred_tp1": 107.8, "resid_tp1": -85.7, "pred_tp2": 124.6, "resid_tp2": -102.4, "pred_tp3": 129.7, "resid_tp3": -107.6, "pred_tp4": 136.7, "resid_tp4": -114.6, "pred_tp5": 134.8, "resid_tp5": -112.7, "pred_tp6": 132.8, "resid_tp6": -110.7}}, {"type": "Feature", "geometry": {"type": "Point", "coordinates": [-96.6141755, 40.8523634]}, "properties": {"plot_id": "Lincoln-hybrids-2-37", "site_id": "Lincoln", "year": 2022, "actual": 70.22, "pred_records": 166.5, "resid_records": -96.3, "pred_tp1": 160.0, "resid_tp1": -89.8, "pred_tp2": 141.5, "resid_tp2": -71.3, "pred_tp3": 130.6, "resid_tp3": -60.4, "pred_tp4": 146.9, "resid_tp4": -76.7, "pred_tp5": 132.8, "resid_tp5": -62.6, "pred_tp6": 140.8, "resid_tp6": -70.6}}, {"type": "Feature", "geometry": {"type": "Point", "coordinates": [-96.6141025, 40.8523633]}, "properties": {"plot_id": "Lincoln-hybrids-2-38", "site_id": "Lincoln", "year": 2022, "actual": 17.19, "pred_records": 109.9, "resid_records": -92.7, "pred_tp1": 107.5, "resid_tp1": -90.3, "pred_tp2": 110.3, "resid_tp2": -93.1, "pred_tp3": 115.5, "resid_tp3": -98.3, "pred_tp4": 120.9, "resid_tp4": -103.8, "pred_tp5": 115.0, "resid_tp5": -97.8, "pred_tp6": 123.4, "resid_tp6": -106.2}}, {"type": "Feature", "geometry": {"type": "Point", "coordinates": [-96.6140296, 40.8523618]}, "properties": {"plot_id": "Lincoln-hybrids-2-39", "site_id": "Lincoln", "year": 2022, "actual": 29.21, "pred_records": 128.8, "resid_records": -99.6, "pred_tp1": 121.7, "resid_tp1": -92.5, "pred_tp2": 115.9, "resid_tp2": -86.6, "pred_tp3": 128.9, "resid_tp3": -99.7, "pred_tp4": 137.3, "resid_tp4": -108.1, "pred_tp5": 130.2, "resid_tp5": -101.0, "pred_tp6": 134.8, "resid_tp6": -105.6}}, {"type": "Feature", "geometry": {"type": "Point", "coordinates": [-96.6165501, 40.8523869]}, "properties": {"plot_id": "Lincoln-hybrids-2-4", "site_id": "Lincoln", "year": 2022, "actual": 65.77, "pred_records": 125.4, "resid_records": -59.6, "pred_tp1": 130.1, "resid_tp1": -64.4, "pred_tp2": 136.5, "resid_tp2": -70.7, "pred_tp3": 106.9, "resid_tp3": -41.2, "pred_tp4": 115.5, "resid_tp4": -49.7, "pred_tp5": 121.8, "resid_tp5": -56.0, "pred_tp6": 130.0, "resid_tp6": -64.2}}, {"type": "Feature", "geometry": {"type": "Point", "coordinates": [-96.616479, 40.8523854]}, "properties": {"plot_id": "Lincoln-hybrids-2-5", "site_id": "Lincoln", "year": 2022, "actual": 52.33, "pred_records": 119.7, "resid_records": -67.4, "pred_tp1": 122.7, "resid_tp1": -70.4, "pred_tp2": 125.8, "resid_tp2": -73.5, "pred_tp3": 114.3, "resid_tp3": -62.0, "pred_tp4": 117.2, "resid_tp4": -64.8, "pred_tp5": 117.2, "resid_tp5": -64.8, "pred_tp6": 119.1, "resid_tp6": -66.8}}, {"type": "Feature", "geometry": {"type": "Point", "coordinates": [-96.616406, 40.8523853]}, "properties": {"plot_id": "Lincoln-hybrids-2-6", "site_id": "Lincoln", "year": 2022, "actual": 41.75, "pred_records": 65.1, "resid_records": -23.4, "pred_tp1": 91.8, "resid_tp1": -50.1, "pred_tp2": 100.2, "resid_tp2": -58.5, "pred_tp3": 75.2, "resid_tp3": -33.4, "pred_tp4": 96.2, "resid_tp4": -54.5, "pred_tp5": 108.1, "resid_tp5": -66.3, "pred_tp6": 94.8, "resid_tp6": -53.1}}, {"type": "Feature", "geometry": {"type": "Point", "coordinates": [-96.6163349, 40.8523851]}, "properties": {"plot_id": "Lincoln-hybrids-2-7", "site_id": "Lincoln", "year": 2022, "actual": 49.76, "pred_records": 82.5, "resid_records": -32.7, "pred_tp1": 105.4, "resid_tp1": -55.6, "pred_tp2": 102.7, "resid_tp2": -52.9, "pred_tp3": 87.0, "resid_tp3": -37.3, "pred_tp4": 109.0, "resid_tp4": -59.2, "pred_tp5": 105.1, "resid_tp5": -55.3, "pred_tp6": 101.5, "resid_tp6": -51.7}}, {"type": "Feature", "geometry": {"type": "Point", "coordinates": [-96.6162637, 40.8523837]}, "properties": {"plot_id": "Lincoln-hybrids-2-8", "site_id": "Lincoln", "year": 2022, "actual": 58.99, "pred_records": 114.9, "resid_records": -55.9, "pred_tp1": 112.0, "resid_tp1": -53.0, "pred_tp2": 126.4, "resid_tp2": -67.4, "pred_tp3": 103.6, "resid_tp3": -44.6, "pred_tp4": 115.6, "resid_tp4": -56.6, "pred_tp5": 119.0, "resid_tp5": -60.0, "pred_tp6": 132.6, "resid_tp6": -73.6}}, {"type": "Feature", "geometry": {"type": "Point", "coordinates": [-96.6161908, 40.8523835]}, "properties": {"plot_id": "Lincoln-hybrids-2-9", "site_id": "Lincoln", "year": 2022, "actual": 62.27, "pred_records": 119.1, "resid_records": -56.8, "pred_tp1": 136.1, "resid_tp1": -73.9, "pred_tp2": 146.6, "resid_tp2": -84.3, "pred_tp3": 129.6, "resid_tp3": -67.3, "pred_tp4": 129.5, "resid_tp4": -67.2, "pred_tp5": 139.1, "resid_tp5": -76.9, "pred_tp6": 141.4, "resid_tp6": -79.1}}, {"type": "Feature", "geometry": {"type": "Point", "coordinates": [-96.6161189, 40.852355]}, "properties": {"plot_id": "Lincoln-hybrids-3-10", "site_id": "Lincoln", "year": 2022, "actual": 29.12, "pred_records": 114.9, "resid_records": -85.8, "pred_tp1": 110.6, "resid_tp1": -81.4, "pred_tp2": 108.4, "resid_tp2": -79.3, "pred_tp3": 110.3, "resid_tp3": -81.1, "pred_tp4": 108.6, "resid_tp4": -79.5, "pred_tp5": 104.3, "resid_tp5": -75.2, "pred_tp6": 111.0, "resid_tp6": -81.9}}, {"type": "Feature", "geometry": {"type": "Point", "coordinates": [-96.6160477, 40.8523549]}, "properties": {"plot_id": "Lincoln-hybrids-3-11", "site_id": "Lincoln", "year": 2022, "actual": 52.14, "pred_records": 136.5, "resid_records": -84.4, "pred_tp1": 144.3, "resid_tp1": -92.2, "pred_tp2": 125.6, "resid_tp2": -73.5, "pred_tp3": 109.9, "resid_tp3": -57.8, "pred_tp4": 125.0, "resid_tp4": -72.9, "pred_tp5": 122.4, "resid_tp5": -70.3, "pred_tp6": 124.3, "resid_tp6": -72.1}}, {"type": "Feature", "geometry": {"type": "Point", "coordinates": [-96.6159748, 40.8523534]}, "properties": {"plot_id": "Lincoln-hybrids-3-12", "site_id": "Lincoln", "year": 2022, "actual": 22.88, "pred_records": 129.5, "resid_records": -106.7, "pred_tp1": 115.2, "resid_tp1": -92.3, "pred_tp2": 135.0, "resid_tp2": -112.2, "pred_tp3": 126.8, "resid_tp3": -103.9, "pred_tp4": 121.9, "resid_tp4": -99.1, "pred_tp5": 125.6, "resid_tp5": -102.7, "pred_tp6": 124.2, "resid_tp6": -101.3}}, {"type": "Feature", "geometry": {"type": "Point", "coordinates": [-96.6159036, 40.8523532]}, "properties": {"plot_id": "Lincoln-hybrids-3-13", "site_id": "Lincoln", "year": 2022, "actual": 36.04, "pred_records": 121.5, "resid_records": -85.4, "pred_tp1": 142.0, "resid_tp1": -105.9, "pred_tp2": 120.6, "resid_tp2": -84.6, "pred_tp3": 102.2, "resid_tp3": -66.2, "pred_tp4": 111.3, "resid_tp4": -75.2, "pred_tp5": 115.9, "resid_tp5": -79.8, "pred_tp6": 122.2, "resid_tp6": -86.2}}, {"type": "Feature", "geometry": {"type": "Point", "coordinates": [-96.6157596, 40.8523516]}, "properties": {"plot_id": "Lincoln-hybrids-3-15", "site_id": "Lincoln", "year": 2022, "actual": 47.01, "pred_records": 100.1, "resid_records": -53.0, "pred_tp1": 110.9, "resid_tp1": -63.8, "pred_tp2": 120.1, "resid_tp2": -73.1, "pred_tp3": 103.8, "resid_tp3": -56.8, "pred_tp4": 111.1, "resid_tp4": -64.1, "pred_tp5": 112.7, "resid_tp5": -65.7, "pred_tp6": 108.9, "resid_tp6": -61.9}}, {"type": "Feature", "geometry": {"type": "Point", "coordinates": [-96.6156866, 40.8523515]}, "properties": {"plot_id": "Lincoln-hybrids-3-16", "site_id": "Lincoln", "year": 2022, "actual": 34.89, "pred_records": 150.1, "resid_records": -115.2, "pred_tp1": 133.9, "resid_tp1": -99.0, "pred_tp2": 132.4, "resid_tp2": -97.5, "pred_tp3": 112.1, "resid_tp3": -77.2, "pred_tp4": 118.2, "resid_tp4": -83.3, "pred_tp5": 119.6, "resid_tp5": -84.7, "pred_tp6": 119.6, "resid_tp6": -84.7}}, {"type": "Feature", "geometry": {"type": "Point", "coordinates": [-96.6156155, 40.85235]}, "properties": {"plot_id": "Lincoln-hybrids-3-17", "site_id": "Lincoln", "year": 2022, "actual": 18.98, "pred_records": 99.1, "resid_records": -80.2, "pred_tp1": 105.9, "resid_tp1": -86.9, "pred_tp2": 102.3, "resid_tp2": -83.3, "pred_tp3": 82.8, "resid_tp3": -63.9, "pred_tp4": 104.3, "resid_tp4": -85.3, "pred_tp5": 106.4, "resid_tp5": -87.5, "pred_tp6": 104.3, "resid_tp6": -85.3}}, {"type": "Feature", "geometry": {"type": "Point", "coordinates": [-96.6155425, 40.8523498]}, "properties": {"plot_id": "Lincoln-hybrids-3-18", "site_id": "Lincoln", "year": 2022, "actual": 37.31, "pred_records": 100.1, "resid_records": -62.7, "pred_tp1": 108.4, "resid_tp1": -71.1, "pred_tp2": 106.2, "resid_tp2": -68.9, "pred_tp3": 76.4, "resid_tp3": -39.1, "pred_tp4": 102.6, "resid_tp4": -65.3, "pred_tp5": 98.6, "resid_tp5": -61.3, "pred_tp6": 101.4, "resid_tp6": -64.1}}, {"type": "Feature", "geometry": {"type": "Point", "coordinates": [-96.6154714, 40.8523484]}, "properties": {"plot_id": "Lincoln-hybrids-3-19", "site_id": "Lincoln", "year": 2022, "actual": 15.93, "pred_records": 130.9, "resid_records": -114.9, "pred_tp1": 116.1, "resid_tp1": -100.2, "pred_tp2": 114.7, "resid_tp2": -98.8, "pred_tp3": 99.9, "resid_tp3": -84.0, "pred_tp4": 100.7, "resid_tp4": -84.7, "pred_tp5": 107.8, "resid_tp5": -91.8, "pred_tp6": 107.6, "resid_tp6": -91.7}}, {"type": "Feature", "geometry": {"type": "Point", "coordinates": [-96.6166951, 40.8523615]}, "properties": {"plot_id": "Lincoln-hybrids-3-2", "site_id": "Lincoln", "year": 2022, "actual": 62.19, "pred_records": 136.5, "resid_records": -74.3, "pred_tp1": 140.0, "resid_tp1": -77.8, "pred_tp2": 142.9, "resid_tp2": -80.8, "pred_tp3": 113.6, "resid_tp3": -51.4, "pred_tp4": 135.0, "resid_tp4": -72.8, "pred_tp5": 130.1, "resid_tp5": -67.9, "pred_tp6": 138.8, "resid_tp6": -76.6}}, {"type": "Feature", "geometry": {"type": "Point", "coordinates": [-96.6153985, 40.8523482]}, "properties": {"plot_id": "Lincoln-hybrids-3-20", "site_id": "Lincoln", "year": 2022, "actual": 39.54, "pred_records": 148.1, "resid_records": -108.5, "pred_tp1": 125.8, "resid_tp1": -86.3, "pred_tp2": 126.9, "resid_tp2": -87.4, "pred_tp3": 110.3, "resid_tp3": -70.8, "pred_tp4": 112.7, "resid_tp4": -73.2, "pred_tp5": 113.0, "resid_tp5": -73.5, "pred_tp6": 113.9, "resid_tp6": -74.4}}, {"type": "Feature", "geometry": {"type": "Point", "coordinates": [-96.6153273, 40.8523481]}, "properties": {"plot_id": "Lincoln-hybrids-3-21", "site_id": "Lincoln", "year": 2022, "actual": 11.74, "pred_records": 151.4, "resid_records": -139.6, "pred_tp1": 132.9, "resid_tp1": -121.2, "pred_tp2": 124.9, "resid_tp2": -113.2, "pred_tp3": 122.5, "resid_tp3": -110.7, "pred_tp4": 114.9, "resid_tp4": -103.2, "pred_tp5": 108.8, "resid_tp5": -97.1, "pred_tp6": 117.7, "resid_tp6": -106.0}}, {"type": "Feature", "geometry": {"type": "Point", "coordinates": [-96.6152544, 40.8523466]}, "properties": {"plot_id": "Lincoln-hybrids-3-22", "site_id": "Lincoln", "year": 2022, "actual": 17.34, "pred_records": 135.0, "resid_records": -117.6, "pred_tp1": 115.1, "resid_tp1": -97.7, "pred_tp2": 120.1, "resid_tp2": -102.7, "pred_tp3": 104.7, "resid_tp3": -87.3, "pred_tp4": 104.9, "resid_tp4": -87.6, "pred_tp5": 100.1, "resid_tp5": -82.7, "pred_tp6": 112.8, "resid_tp6": -95.4}}, {"type": "Feature", "geometry": {"type": "Point", "coordinates": [-96.6151832, 40.8523465]}, "properties": {"plot_id": "Lincoln-hybrids-3-23", "site_id": "Lincoln", "year": 2022, "actual": 56.15, "pred_records": 133.8, "resid_records": -77.6, "pred_tp1": 126.5, "resid_tp1": -70.3, "pred_tp2": 119.0, "resid_tp2": -62.9, "pred_tp3": 101.8, "resid_tp3": -45.7, "pred_tp4": 105.9, "resid_tp4": -49.7, "pred_tp5": 107.6, "resid_tp5": -51.5, "pred_tp6": 119.2, "resid_tp6": -63.1}}, {"type": "Feature", "geometry": {"type": "Point", "coordinates": [-96.6151121, 40.852345]}, "properties": {"plot_id": "Lincoln-hybrids-3-24", "site_id": "Lincoln", "year": 2022, "actual": 92.63, "pred_records": 162.7, "resid_records": -70.1, "pred_tp1": 149.5, "resid_tp1": -56.8, "pred_tp2": 140.5, "resid_tp2": -47.9, "pred_tp3": 138.2, "resid_tp3": -45.6, "pred_tp4": 125.9, "resid_tp4": -33.3, "pred_tp5": 123.1, "resid_tp5": -30.4, "pred_tp6": 136.5, "resid_tp6": -43.8}}, {"type": "Feature", "geometry": {"type": "Point", "coordinates": [-96.6150392, 40.8523448]}, "properties": {"plot_id": "Lincoln-hybrids-3-25", "site_id": "Lincoln", "year": 2022, "actual": 26.54, "pred_records": 132.6, "resid_records": -106.1, "pred_tp1": 110.1, "resid_tp1": -83.6, "pred_tp2": 112.1, "resid_tp2": -85.5, "pred_tp3": 107.1, "resid_tp3": -80.5, "pred_tp4": 101.5, "resid_tp4": -74.9, "pred_tp5": 107.2, "resid_tp5": -80.7, "pred_tp6": 115.8, "resid_tp6": -89.3}}, {"type": "Feature", "geometry": {"type": "Point", "coordinates": [-96.6149663, 40.8523433]}, "properties": {"plot_id": "Lincoln-hybrids-3-26", "site_id": "Lincoln", "year": 2022, "actual": 18.35, "pred_records": 135.8, "resid_records": -117.4, "pred_tp1": 121.0, "resid_tp1": -102.6, "pred_tp2": 123.8, "resid_tp2": -105.5, "pred_tp3": 125.7, "resid_tp3": -107.3, "pred_tp4": 120.3, "resid_tp4": -102.0, "pred_tp5": 127.0, "resid_tp5": -108.7, "pred_tp6": 129.2, "resid_tp6": -110.9}}, {"type": "Feature", "geometry": {"type": "Point", "coordinates": [-96.6148239, 40.8523431]}, "properties": {"plot_id": "Lincoln-hybrids-3-28", "site_id": "Lincoln", "year": 2022, "actual": 46.99, "pred_records": 134.4, "resid_records": -87.4, "pred_tp1": 147.1, "resid_tp1": -100.1, "pred_tp2": 146.3, "resid_tp2": -99.3, "pred_tp3": 131.5, "resid_tp3": -84.5, "pred_tp4": 144.3, "resid_tp4": -97.3, "pred_tp5": 138.9, "resid_tp5": -91.9, "pred_tp6": 143.6, "resid_tp6": -96.6}}, {"type": "Feature", "geometry": {"type": "Point", "coordinates": [-96.614751, 40.8523416]}, "properties": {"plot_id": "Lincoln-hybrids-3-29", "site_id": "Lincoln", "year": 2022, "actual": 18.14, "pred_records": 128.8, "resid_records": -110.6, "pred_tp1": 121.1, "resid_tp1": -102.9, "pred_tp2": 122.7, "resid_tp2": -104.6, "pred_tp3": 119.9, "resid_tp3": -101.8, "pred_tp4": 130.8, "resid_tp4": -112.6, "pred_tp5": 121.3, "resid_tp5": -103.2, "pred_tp6": 130.9, "resid_tp6": -112.8}}, {"type": "Feature", "geometry": {"type": "Point", "coordinates": [-96.6166222, 40.85236]}, "properties": {"plot_id": "Lincoln-hybrids-3-3", "site_id": "Lincoln", "year": 2022, "actual": 45.02, "pred_records": 133.5, "resid_records": -88.4, "pred_tp1": 147.2, "resid_tp1": -102.2, "pred_tp2": 138.2, "resid_tp2": -93.1, "pred_tp3": 111.3, "resid_tp3": -66.2, "pred_tp4": 131.5, "resid_tp4": -86.4, "pred_tp5": 130.3, "resid_tp5": -85.3, "pred_tp6": 132.7, "resid_tp6": -87.7}}, {"type": "Feature", "geometry": {"type": "Point", "coordinates": [-96.6146798, 40.8523414]}, "properties": {"plot_id": "Lincoln-hybrids-3-30", "site_id": "Lincoln", "year": 2022, "actual": 6.11, "pred_records": 75.1, "resid_records": -69.0, "pred_tp1": 98.1, "resid_tp1": -92.0, "pred_tp2": 94.5, "resid_tp2": -88.4, "pred_tp3": 89.6, "resid_tp3": -83.5, "pred_tp4": 100.5, "resid_tp4": -94.4, "pred_tp5": 98.6, "resid_tp5": -92.5, "pred_tp6": 106.1, "resid_tp6": -100.0}}, {"type": "Feature", "geometry": {"type": "Point", "coordinates": [-96.6146069, 40.8523413]}, "properties": {"plot_id": "Lincoln-hybrids-3-31", "site_id": "Lincoln", "year": 2022, "actual": 15.22, "pred_records": 126.7, "resid_records": -111.4, "pred_tp1": 140.3, "resid_tp1": -125.1, "pred_tp2": 130.4, "resid_tp2": -115.2, "pred_tp3": 121.9, "resid_tp3": -106.7, "pred_tp4": 123.7, "resid_tp4": -108.5, "pred_tp5": 130.9, "resid_tp5": -115.7, "pred_tp6": 140.2, "resid_tp6": -125.0}}, {"type": "Feature", "geometry": {"type": "Point", "coordinates": [-96.6145358, 40.8523398]}, "properties": {"plot_id": "Lincoln-hybrids-3-32", "site_id": "Lincoln", "year": 2022, "actual": 14.01, "pred_records": 128.5, "resid_records": -114.5, "pred_tp1": 117.5, "resid_tp1": -103.5, "pred_tp2": 106.9, "resid_tp2": -92.9, "pred_tp3": 119.4, "resid_tp3": -105.4, "pred_tp4": 118.8, "resid_tp4": -104.8, "pred_tp5": 122.1, "resid_tp5": -108.1, "pred_tp6": 133.7, "resid_tp6": -119.7}}, {"type": "Feature", "geometry": {"type": "Point", "coordinates": [-96.6144629, 40.8523383]}, "properties": {"plot_id": "Lincoln-hybrids-3-33", "site_id": "Lincoln", "year": 2022, "actual": 5.75, "pred_records": 114.5, "resid_records": -108.8, "pred_tp1": 110.8, "resid_tp1": -105.1, "pred_tp2": 120.5, "resid_tp2": -114.7, "pred_tp3": 115.0, "resid_tp3": -109.2, "pred_tp4": 129.8, "resid_tp4": -124.1, "pred_tp5": 124.8, "resid_tp5": -119.0, "pred_tp6": 132.2, "resid_tp6": -126.5}}, {"type": "Feature", "geometry": {"type": "Point", "coordinates": [-96.6143917, 40.8523382]}, "properties": {"plot_id": "Lincoln-hybrids-3-34", "site_id": "Lincoln", "year": 2022, "actual": 3.5, "pred_records": 126.1, "resid_records": -122.6, "pred_tp1": 123.5, "resid_tp1": -120.0, "pred_tp2": 118.5, "resid_tp2": -115.0, "pred_tp3": 127.2, "resid_tp3": -123.7, "pred_tp4": 129.0, "resid_tp4": -125.5, "pred_tp5": 118.9, "resid_tp5": -115.4, "pred_tp6": 130.1, "resid_tp6": -126.6}}, {"type": "Feature", "geometry": {"type": "Point", "coordinates": [-96.6143188, 40.852338]}, "properties": {"plot_id": "Lincoln-hybrids-3-35", "site_id": "Lincoln", "year": 2022, "actual": 1.67, "pred_records": 107.4, "resid_records": -105.7, "pred_tp1": 101.6, "resid_tp1": -99.9, "pred_tp2": 109.0, "resid_tp2": -107.3, "pred_tp3": 116.8, "resid_tp3": -115.2, "pred_tp4": 120.6, "resid_tp4": -119.0, "pred_tp5": 115.8, "resid_tp5": -114.1, "pred_tp6": 119.6, "resid_tp6": -117.9}}, {"type": "Feature", "geometry": {"type": "Point", "coordinates": [-96.6142476, 40.8523366]}, "properties": {"plot_id": "Lincoln-hybrids-3-36", "site_id": "Lincoln", "year": 2022, "actual": 7.5, "pred_records": 75.1, "resid_records": -67.6, "pred_tp1": 82.5, "resid_tp1": -75.0, "pred_tp2": 90.4, "resid_tp2": -82.9, "pred_tp3": 88.0, "resid_tp3": -80.5, "pred_tp4": 105.1, "resid_tp4": -97.6, "pred_tp5": 96.4, "resid_tp5": -88.9, "pred_tp6": 98.1, "resid_tp6": -90.6}}, {"type": "Feature", "geometry": {"type": "Point", "coordinates": [-96.6141747, 40.8523364]}, "properties": {"plot_id": "Lincoln-hybrids-3-37", "site_id": "Lincoln", "year": 2022, "actual": 75.34, "pred_records": 149.3, "resid_records": -74.0, "pred_tp1": 163.9, "resid_tp1": -88.5, "pred_tp2": 142.6, "resid_tp2": -67.2, "pred_tp3": 135.1, "resid_tp3": -59.7, "pred_tp4": 136.7, "resid_tp4": -61.4, "pred_tp5": 130.4, "resid_tp5": -55.1, "pred_tp6": 141.1, "resid_tp6": -65.7}}, {"type": "Feature", "geometry": {"type": "Point", "coordinates": [-96.6141035, 40.8523363]}, "properties": {"plot_id": "Lincoln-hybrids-3-38", "site_id": "Lincoln", "year": 2022, "actual": 38.68, "pred_records": 138.1, "resid_records": -99.4, "pred_tp1": 127.4, "resid_tp1": -88.7, "pred_tp2": 129.7, "resid_tp2": -91.0, "pred_tp3": 132.7, "resid_tp3": -94.0, "pred_tp4": 136.5, "resid_tp4": -97.9, "pred_tp5": 133.2, "resid_tp5": -94.5, "pred_tp6": 141.3, "resid_tp6": -102.6}}, {"type": "Feature", "geometry": {"type": "Point", "coordinates": [-96.6140306, 40.8523348]}, "properties": {"plot_id": "Lincoln-hybrids-3-39", "site_id": "Lincoln", "year": 2022, "actual": 12.79, "pred_records": 136.8, "resid_records": -124.0, "pred_tp1": 126.9, "resid_tp1": -114.1, "pred_tp2": 128.7, "resid_tp2": -115.9, "pred_tp3": 130.0, "resid_tp3": -117.2, "pred_tp4": 134.5, "resid_tp4": -121.7, "pred_tp5": 127.9, "resid_tp5": -115.1, "pred_tp6": 144.2, "resid_tp6": -131.4}}, {"type": "Feature", "geometry": {"type": "Point", "coordinates": [-96.6165511, 40.8523599]}, "properties": {"plot_id": "Lincoln-hybrids-3-4", "site_id": "Lincoln", "year": 2022, "actual": 23.06, "pred_records": 124.3, "resid_records": -101.2, "pred_tp1": 121.9, "resid_tp1": -98.9, "pred_tp2": 132.6, "resid_tp2": -109.6, "pred_tp3": 117.3, "resid_tp3": -94.2, "pred_tp4": 133.1, "resid_tp4": -110.0, "pred_tp5": 128.6, "resid_tp5": -105.6, "pred_tp6": 131.7, "resid_tp6": -108.6}}, {"type": "Feature", "geometry": {"type": "Point", "coordinates": [-96.6164782, 40.8523584]}, "properties": {"plot_id": "Lincoln-hybrids-3-5", "site_id": "Lincoln", "year": 2022, "actual": 8.4, "pred_records": 108.0, "resid_records": -99.6, "pred_tp1": 121.3, "resid_tp1": -112.9, "pred_tp2": 107.4, "resid_tp2": -99.0, "pred_tp3": 120.0, "resid_tp3": -111.6, "pred_tp4": 117.1, "resid_tp4": -108.7, "pred_tp5": 114.2, "resid_tp5": -105.8, "pred_tp6": 117.6, "resid_tp6": -109.2}}, {"type": "Feature", "geometry": {"type": "Point", "coordinates": [-96.616407, 40.8523582]}, "properties": {"plot_id": "Lincoln-hybrids-3-6", "site_id": "Lincoln", "year": 2022, "actual": 63.74, "pred_records": 130.9, "resid_records": -67.2, "pred_tp1": 125.1, "resid_tp1": -61.3, "pred_tp2": 117.6, "resid_tp2": -53.9, "pred_tp3": 111.3, "resid_tp3": -47.6, "pred_tp4": 109.6, "resid_tp4": -45.8, "pred_tp5": 113.2, "resid_tp5": -49.5, "pred_tp6": 121.3, "resid_tp6": -57.6}}, {"type": "Feature", "geometry": {"type": "Point", "coordinates": [-96.6163358, 40.8523581]}, "properties": {"plot_id": "Lincoln-hybrids-3-7", "site_id": "Lincoln", "year": 2022, "actual": 50.24, "pred_records": 132.2, "resid_records": -81.9, "pred_tp1": 125.6, "resid_tp1": -75.3, "pred_tp2": 129.7, "resid_tp2": -79.5, "pred_tp3": 105.5, "resid_tp3": -55.3, "pred_tp4": 112.3, "resid_tp4": -62.1, "pred_tp5": 116.6, "resid_tp5": -66.4, "pred_tp6": 126.1, "resid_tp6": -75.9}}, {"type": "Feature", "geometry": {"type": "Point", "coordinates": [-96.6162629, 40.8523566]}, "properties": {"plot_id": "Lincoln-hybrids-3-8", "site_id": "Lincoln", "year": 2022, "actual": 66.54, "pred_records": 119.1, "resid_records": -52.6, "pred_tp1": 134.4, "resid_tp1": -67.9, "pred_tp2": 136.5, "resid_tp2": -69.9, "pred_tp3": 97.4, "resid_tp3": -30.8, "pred_tp4": 120.6, "resid_tp4": -54.0, "pred_tp5": 126.8, "resid_tp5": -60.3, "pred_tp6": 129.5, "resid_tp6": -63.0}}, {"type": "Feature", "geometry": {"type": "Point", "coordinates": [-96.6161918, 40.8523565]}, "properties": {"plot_id": "Lincoln-hybrids-3-9", "site_id": "Lincoln", "year": 2022, "actual": 60.57, "pred_records": 125.2, "resid_records": -64.6, "pred_tp1": 113.8, "resid_tp1": -53.2, "pred_tp2": 123.9, "resid_tp2": -63.3, "pred_tp3": 109.9, "resid_tp3": -49.4, "pred_tp4": 116.5, "resid_tp4": -55.9, "pred_tp5": 121.1, "resid_tp5": -60.5, "pred_tp6": 124.7, "resid_tp6": -64.1}}, {"type": "Feature", "geometry": {"type": "Point", "coordinates": [-96.6161198, 40.852328]}, "properties": {"plot_id": "Lincoln-hybrids-4-10", "site_id": "Lincoln", "year": 2022, "actual": 25.97, "pred_records": 133.3, "resid_records": -107.4, "pred_tp1": 145.0, "resid_tp1": -119.0, "pred_tp2": 120.2, "resid_tp2": -94.2, "pred_tp3": 123.5, "resid_tp3": -97.5, "pred_tp4": 122.3, "resid_tp4": -96.3, "pred_tp5": 123.9, "resid_tp5": -98.0, "pred_tp6": 120.7, "resid_tp6": -94.7}}, {"type": "Feature", "geometry": {"type": "Point", "coordinates": [-96.6160469, 40.8523278]}, "properties": {"plot_id": "Lincoln-hybrids-4-11", "site_id": "Lincoln", "year": 2022, "actual": 32.48, "pred_records": 126.1, "resid_records": -93.6, "pred_tp1": 124.2, "resid_tp1": -91.7, "pred_tp2": 113.6, "resid_tp2": -81.2, "pred_tp3": 110.5, "resid_tp3": -78.0, "pred_tp4": 107.0, "resid_tp4": -74.5, "pred_tp5": 104.5, "resid_tp5": -72.0, "pred_tp6": 112.9, "resid_tp6": -80.4}}, {"type": "Feature", "geometry": {"type": "Point", "coordinates": [-96.6159758, 40.8523264]}, "properties": {"plot_id": "Lincoln-hybrids-4-12", "site_id": "Lincoln", "year": 2022, "actual": 57.35, "pred_records": 141.6, "resid_records": -84.2, "pred_tp1": 138.8, "resid_tp1": -81.5, "pred_tp2": 135.0, "resid_tp2": -77.6, "pred_tp3": 120.6, "resid_tp3": -63.3, "pred_tp4": 125.7, "resid_tp4": -68.4, "pred_tp5": 129.7, "resid_tp5": -72.4, "pred_tp6": 133.0, "resid_tp6": -75.6}}, {"type": "Feature", "geometry": {"type": "Point", "coordinates": [-96.6159028, 40.8523262]}, "properties": {"plot_id": "Lincoln-hybrids-4-13", "site_id": "Lincoln", "year": 2022, "actual": 19.61, "pred_records": 112.3, "resid_records": -92.7, "pred_tp1": 104.2, "resid_tp1": -84.6, "pred_tp2": 102.8, "resid_tp2": -83.2, "pred_tp3": 86.5, "resid_tp3": -66.9, "pred_tp4": 96.1, "resid_tp4": -76.5, "pred_tp5": 94.9, "resid_tp5": -75.3, "pred_tp6": 105.4, "resid_tp6": -85.8}}, {"type": "Feature", "geometry": {"type": "Point", "coordinates": [-96.6157587, 40.8523246]}, "properties": {"plot_id": "Lincoln-hybrids-4-15", "site_id": "Lincoln", "year": 2022, "actual": 45.58, "pred_records": 128.0, "resid_records": -82.4, "pred_tp1": 104.8, "resid_tp1": -59.2, "pred_tp2": 110.8, "resid_tp2": -65.2, "pred_tp3": 94.8, "resid_tp3": -49.2, "pred_tp4": 100.4, "resid_tp4": -54.8, "pred_tp5": 104.5, "resid_tp5": -58.9, "pred_tp6": 111.9, "resid_tp6": -66.3}}, {"type": "Feature", "geometry": {"type": "Point", "coordinates": [-96.6156876, 40.8523231]}, "properties": {"plot_id": "Lincoln-hybrids-4-16", "site_id": "Lincoln", "year": 2022, "actual": 66.69, "pred_records": 148.1, "resid_records": -81.4, "pred_tp1": 142.8, "resid_tp1": -76.1, "pred_tp2": 131.6, "resid_tp2": -64.9, "pred_tp3": 132.1, "resid_tp3": -65.4, "pred_tp4": 130.1, "resid_tp4": -63.4, "pred_tp5": 123.9, "resid_tp5": -57.2, "pred_tp6": 125.2, "resid_tp6": -58.5}}, {"type": "Feature", "geometry": {"type": "Point", "coordinates": [-96.6156147, 40.8523229]}, "properties": {"plot_id": "Lincoln-hybrids-4-17", "site_id": "Lincoln", "year": 2022, "actual": 58.95, "pred_records": 150.1, "resid_records": -91.1, "pred_tp1": 131.7, "resid_tp1": -72.8, "pred_tp2": 129.4, "resid_tp2": -70.4, "pred_tp3": 106.8, "resid_tp3": -47.9, "pred_tp4": 123.2, "resid_tp4": -64.2, "pred_tp5": 115.2, "resid_tp5": -56.2, "pred_tp6": 120.3, "resid_tp6": -61.4}}, {"type": "Feature", "geometry": {"type": "Point", "coordinates": [-96.6155435, 40.8523228]}, "properties": {"plot_id": "Lincoln-hybrids-4-18", "site_id": "Lincoln", "year": 2022, "actual": 44.45, "pred_records": 148.4, "resid_records": -103.9, "pred_tp1": 133.1, "resid_tp1": -88.7, "pred_tp2": 125.0, "resid_tp2": -80.6, "pred_tp3": 100.9, "resid_tp3": -56.4, "pred_tp4": 115.2, "resid_tp4": -70.7, "pred_tp5": 121.3, "resid_tp5": -76.8, "pred_tp6": 114.9, "resid_tp6": -70.4}}, {"type": "Feature", "geometry": {"type": "Point", "coordinates": [-96.6154724, 40.8523214]}, "properties": {"plot_id": "Lincoln-hybrids-4-19", "site_id": "Lincoln", "year": 2022, "actual": 27.18, "pred_records": 129.3, "resid_records": -102.1, "pred_tp1": 115.1, "resid_tp1": -87.9, "pred_tp2": 111.9, "resid_tp2": -84.7, "pred_tp3": 98.2, "resid_tp3": -71.0, "pred_tp4": 100.9, "resid_tp4": -73.7, "pred_tp5": 112.4, "resid_tp5": -85.2, "pred_tp6": 106.7, "resid_tp6": -79.6}}, {"type": "Feature", "geometry": {"type": "Point", "coordinates": [-96.6166962, 40.8523332]}, "properties": {"plot_id": "Lincoln-hybrids-4-2", "site_id": "Lincoln", "year": 2022, "actual": 34.32, "pred_records": 138.1, "resid_records": -103.8, "pred_tp1": 149.0, "resid_tp1": -114.7, "pred_tp2": 127.5, "resid_tp2": -93.2, "pred_tp3": 114.9, "resid_tp3": -80.6, "pred_tp4": 123.5, "resid_tp4": -89.2, "pred_tp5": 112.6, "resid_tp5": -78.3, "pred_tp6": 125.0, "resid_tp6": -90.7}}, {"type": "Feature", "geometry": {"type": "Point", "coordinates": [-96.6153994, 40.8523212]}, "properties": {"plot_id": "Lincoln-hybrids-4-20", "site_id": "Lincoln", "year": 2022, "actual": 39.22, "pred_records": 132.5, "resid_records": -93.3, "pred_tp1": 122.0, "resid_tp1": -82.7, "pred_tp2": 123.8, "resid_tp2": -84.6, "pred_tp3": 103.6, "resid_tp3": -64.4, "pred_tp4": 105.9, "resid_tp4": -66.7, "pred_tp5": 111.3, "resid_tp5": -72.1, "pred_tp6": 114.6, "resid_tp6": -75.3}}, {"type": "Feature", "geometry": {"type": "Point", "coordinates": [-96.6153265, 40.852321]}, "properties": {"plot_id": "Lincoln-hybrids-4-21", "site_id": "Lincoln", "year": 2022, "actual": 19.5, "pred_records": 135.0, "resid_records": -115.5, "pred_tp1": 121.6, "resid_tp1": -102.1, "pred_tp2": 118.1, "resid_tp2": -98.6, "pred_tp3": 121.0, "resid_tp3": -101.5, "pred_tp4": 111.3, "resid_tp4": -91.8, "pred_tp5": 110.9, "resid_tp5": -91.4, "pred_tp6": 115.5, "resid_tp6": -96.0}}, {"type": "Feature", "geometry": {"type": "Point", "coordinates": [-96.6152554, 40.8523196]}, "properties": {"plot_id": "Lincoln-hybrids-4-22", "site_id": "Lincoln", "year": 2022, "actual": 31.99, "pred_records": 146.6, "resid_records": -114.6, "pred_tp1": 141.0, "resid_tp1": -109.0, "pred_tp2": 124.1, "resid_tp2": -92.1, "pred_tp3": 113.2, "resid_tp3": -81.2, "pred_tp4": 113.5, "resid_tp4": -81.5, "pred_tp5": 113.8, "resid_tp5": -81.8, "pred_tp6": 123.6, "resid_tp6": -91.6}}, {"type": "Feature", "geometry": {"type": "Point", "coordinates": [-96.6151842, 40.8523181]}, "properties": {"plot_id": "Lincoln-hybrids-4-23", "site_id": "Lincoln", "year": 2022, "actual": 51.99, "pred_records": 124.6, "resid_records": -72.7, "pred_tp1": 110.8, "resid_tp1": -58.8, "pred_tp2": 114.3, "resid_tp2": -62.3, "pred_tp3": 111.1, "resid_tp3": -59.1, "pred_tp4": 109.8, "resid_tp4": -57.8, "pred_tp5": 108.1, "resid_tp5": -56.2, "pred_tp6": 113.9, "resid_tp6": -61.9}}, {"type": "Feature", "geometry": {"type": "Point", "coordinates": [-96.6151113, 40.8523179]}, "properties": {"plot_id": "Lincoln-hybrids-4-24", "site_id": "Lincoln", "year": 2022, "actual": 29.14, "pred_records": 126.3, "resid_records": -97.2, "pred_tp1": 112.8, "resid_tp1": -83.7, "pred_tp2": 109.9, "resid_tp2": -80.8, "pred_tp3": 96.5, "resid_tp3": -67.4, "pred_tp4": 99.0, "resid_tp4": -69.9, "pred_tp5": 106.9, "resid_tp5": -77.8, "pred_tp6": 106.2, "resid_tp6": -77.1}}, {"type": "Feature", "geometry": {"type": "Point", "coordinates": [-96.6150401, 40.8523178]}, "properties": {"plot_id": "Lincoln-hybrids-4-25", "site_id": "Lincoln", "year": 2022, "actual": 47.78, "pred_records": 147.0, "resid_records": -99.2, "pred_tp1": 152.8, "resid_tp1": -105.0, "pred_tp2": 136.9, "resid_tp2": -89.1, "pred_tp3": 132.7, "resid_tp3": -84.9, "pred_tp4": 117.0, "resid_tp4": -69.2, "pred_tp5": 118.5, "resid_tp5": -70.7, "pred_tp6": 120.5, "resid_tp6": -72.7}}, {"type": "Feature", "geometry": {"type": "Point", "coordinates": [-96.6149672, 40.8523163]}, "properties": {"plot_id": "Lincoln-hybrids-4-26", "site_id": "Lincoln", "year": 2022, "actual": 33.64, "pred_records": 135.6, "resid_records": -102.0, "pred_tp1": 113.0, "resid_tp1": -79.3, "pred_tp2": 111.8, "resid_tp2": -78.1, "pred_tp3": 98.5, "resid_tp3": -64.9, "pred_tp4": 108.4, "resid_tp4": -74.7, "pred_tp5": 106.8, "resid_tp5": -73.1, "pred_tp6": 108.9, "resid_tp6": -75.3}}, {"type": "Feature", "geometry": {"type": "Point", "coordinates": [-96.6148231, 40.852316]}, "properties": {"plot_id": "Lincoln-hybrids-4-28", "site_id": "Lincoln", "year": 2022, "actual": 37.77, "pred_records": 130.9, "resid_records": -93.1, "pred_tp1": 119.8, "resid_tp1": -82.1, "pred_tp2": 126.0, "resid_tp2": -88.3, "pred_tp3": 114.3, "resid_tp3": -76.5, "pred_tp4": 124.9, "resid_tp4": -87.1, "pred_tp5": 118.4, "resid_tp5": -80.6, "pred_tp6": 131.0, "resid_tp6": -93.2}}, {"type": "Feature", "geometry": {"type": "Point", "coordinates": [-96.614752, 40.8523146]}, "properties": {"plot_id": "Lincoln-hybrids-4-29", "site_id": "Lincoln", "year": 2022, "actual": 32.01, "pred_records": 114.5, "resid_records": -82.5, "pred_tp1": 121.7, "resid_tp1": -89.7, "pred_tp2": 109.0, "resid_tp2": -76.9, "pred_tp3": 122.9, "resid_tp3": -90.9, "pred_tp4": 122.4, "resid_tp4": -90.4, "pred_tp5": 125.5, "resid_tp5": -93.5, "pred_tp6": 131.5, "resid_tp6": -99.5}}, {"type": "Feature", "geometry": {"type": "Point", "coordinates": [-96.6166232, 40.852333]}, "properties": {"plot_id": "Lincoln-hybrids-4-3", "site_id": "Lincoln", "year": 2022, "actual": 74.58, "pred_records": 132.7, "resid_records": -58.1, "pred_tp1": 138.9, "resid_tp1": -64.3, "pred_tp2": 127.1, "resid_tp2": -52.5, "pred_tp3": 118.7, "resid_tp3": -44.1, "pred_tp4": 126.7, "resid_tp4": -52.1, "pred_tp5": 123.3, "resid_tp5": -48.8, "pred_tp6": 127.5, "resid_tp6": -52.9}}, {"type": "Feature", "geometry": {"type": "Point", "coordinates": [-96.614679, 40.8523144]}, "properties": {"plot_id": "Lincoln-hybrids-4-30", "site_id": "Lincoln", "year": 2022, "actual": 35.56, "pred_records": 110.8, "resid_records": -75.3, "pred_tp1": 127.7, "resid_tp1": -92.1, "pred_tp2": 121.9, "resid_tp2": -86.3, "pred_tp3": 110.4, "resid_tp3": -74.8, "pred_tp4": 119.3, "resid_tp4": -83.8, "pred_tp5": 124.2, "resid_tp5": -88.7, "pred_tp6": 130.1, "resid_tp6": -94.5}}, {"type": "Feature", "geometry": {"type": "Point", "coordinates": [-96.6146079, 40.8523129]}, "properties": {"plot_id": "Lincoln-hybrids-4-31", "site_id": "Lincoln", "year": 2022, "actual": 22.82, "pred_records": 88.1, "resid_records": -65.3, "pred_tp1": 110.3, "resid_tp1": -87.5, "pred_tp2": 117.4, "resid_tp2": -94.6, "pred_tp3": 93.6, "resid_tp3": -70.8, "pred_tp4": 109.2, "resid_tp4": -86.4, "pred_tp5": 114.4, "resid_tp5": -91.6, "pred_tp6": 118.1, "resid_tp6": -95.3}}, {"type": "Feature", "geometry": {"type": "Point", "coordinates": [-96.6145367, 40.8523128]}, "properties": {"plot_id": "Lincoln-hybrids-4-32", "site_id": "Lincoln", "year": 2022, "actual": 38.21, "pred_records": 137.6, "resid_records": -99.4, "pred_tp1": 148.9, "resid_tp1": -110.7, "pred_tp2": 132.7, "resid_tp2": -94.5, "pred_tp3": 122.0, "resid_tp3": -83.8, "pred_tp4": 124.0, "resid_tp4": -85.8, "pred_tp5": 126.0, "resid_tp5": -87.8, "pred_tp6": 126.0, "resid_tp6": -87.8}}, {"type": "Feature", "geometry": {"type": "Point", "coordinates": [-96.6144638, 40.8523113]}, "properties": {"plot_id": "Lincoln-hybrids-4-33", "site_id": "Lincoln", "year": 2022, "actual": 26.09, "pred_records": 128.3, "resid_records": -102.2, "pred_tp1": 137.1, "resid_tp1": -111.1, "pred_tp2": 129.2, "resid_tp2": -103.1, "pred_tp3": 125.5, "resid_tp3": -99.4, "pred_tp4": 118.5, "resid_tp4": -92.4, "pred_tp5": 125.4, "resid_tp5": -99.3, "pred_tp6": 138.0, "resid_tp6": -111.9}}, {"type": "Feature", "geometry": {"type": "Point", "coordinates": [-96.6143909, 40.8523111]}, "properties": {"plot_id": "Lincoln-hybrids-4-34", "site_id": "Lincoln", "year": 2022, "actual": 24.61, "pred_records": 107.1, "resid_records": -82.5, "pred_tp1": 115.9, "resid_tp1": -91.3, "pred_tp2": 101.0, "resid_tp2": -76.4, "pred_tp3": 113.9, "resid_tp3": -89.3, "pred_tp4": 120.3, "resid_tp4": -95.7, "pred_tp5": 111.0, "resid_tp5": -86.3, "pred_tp6": 118.5, "resid_tp6": -93.9}}, {"type": "Feature", "geometry": {"type": "Point", "coordinates": [-96.6143197, 40.852311]}, "properties": {"plot_id": "Lincoln-hybrids-4-35", "site_id": "Lincoln", "year": 2022, "actual": 12.73, "pred_records": 126.7, "resid_records": -113.9, "pred_tp1": 110.8, "resid_tp1": -98.1, "pred_tp2": 105.9, "resid_tp2": -93.1, "pred_tp3": 121.1, "resid_tp3": -108.4, "pred_tp4": 118.0, "resid_tp4": -105.3, "pred_tp5": 112.5, "resid_tp5": -99.8, "pred_tp6": 127.5, "resid_tp6": -114.8}}, {"type": "Feature", "geometry": {"type": "Point", "coordinates": [-96.6142486, 40.8523096]}, "properties": {"plot_id": "Lincoln-hybrids-4-36", "site_id": "Lincoln", "year": 2022, "actual": 14.1, "pred_records": 143.3, "resid_records": -129.2, "pred_tp1": 112.3, "resid_tp1": -98.2, "pred_tp2": 114.3, "resid_tp2": -100.2, "pred_tp3": 116.2, "resid_tp3": -102.1, "pred_tp4": 117.9, "resid_tp4": -103.8, "pred_tp5": 117.7, "resid_tp5": -103.6, "pred_tp6": 134.7, "resid_tp6": -120.6}}, {"type": "Feature", "geometry": {"type": "Point", "coordinates": [-96.6141757, 40.8523094]}, "properties": {"plot_id": "Lincoln-hybrids-4-37", "site_id": "Lincoln", "year": 2022, "actual": 10.84, "pred_records": 75.1, "resid_records": -64.2, "pred_tp1": 81.8, "resid_tp1": -70.9, "pred_tp2": 91.7, "resid_tp2": -80.8, "pred_tp3": 105.1, "resid_tp3": -94.3, "pred_tp4": 112.4, "resid_tp4": -101.5, "pred_tp5": 109.0, "resid_tp5": -98.2, "pred_tp6": 113.5, "resid_tp6": -102.6}}, {"type": "Feature", "geometry": {"type": "Point", "coordinates": [-96.6141028, 40.8523079]}, "properties": {"plot_id": "Lincoln-hybrids-4-38", "site_id": "Lincoln", "year": 2022, "actual": 52.81, "pred_records": 152.9, "resid_records": -100.1, "pred_tp1": 145.9, "resid_tp1": -93.1, "pred_tp2": 141.8, "resid_tp2": -89.0, "pred_tp3": 126.0, "resid_tp3": -73.2, "pred_tp4": 127.5, "resid_tp4": -74.7, "pred_tp5": 127.4, "resid_tp5": -74.6, "pred_tp6": 141.2, "resid_tp6": -88.4}}, {"type": "Feature", "geometry": {"type": "Point", "coordinates": [-96.6140316, 40.8523078]}, "properties": {"plot_id": "Lincoln-hybrids-4-39", "site_id": "Lincoln", "year": 2022, "actual": 17.57, "pred_records": 113.3, "resid_records": -95.8, "pred_tp1": 96.6, "resid_tp1": -79.0, "pred_tp2": 113.2, "resid_tp2": -95.6, "pred_tp3": 118.6, "resid_tp3": -101.0, "pred_tp4": 121.2, "resid_tp4": -103.6, "pred_tp5": 110.5, "resid_tp5": -92.9, "pred_tp6": 126.2, "resid_tp6": -108.6}}, {"type": "Feature", "geometry": {"type": "Point", "coordinates": [-96.6165503, 40.8523328]}, "properties": {"plot_id": "Lincoln-hybrids-4-4", "site_id": "Lincoln", "year": 2022, "actual": 54.73, "pred_records": 127.6, "resid_records": -72.9, "pred_tp1": 128.4, "resid_tp1": -73.7, "pred_tp2": 133.8, "resid_tp2": -79.1, "pred_tp3": 120.9, "resid_tp3": -66.1, "pred_tp4": 130.0, "resid_tp4": -75.3, "pred_tp5": 131.0, "resid_tp5": -76.3, "pred_tp6": 131.8, "resid_tp6": -77.0}}, {"type": "Feature", "geometry": {"type": "Point", "coordinates": [-96.6164791, 40.8523314]}, "properties": {"plot_id": "Lincoln-hybrids-4-5", "site_id": "Lincoln", "year": 2022, "actual": 45.65, "pred_records": 109.3, "resid_records": -63.6, "pred_tp1": 109.2, "resid_tp1": -63.6, "pred_tp2": 111.0, "resid_tp2": -65.3, "pred_tp3": 103.3, "resid_tp3": -57.7, "pred_tp4": 109.4, "resid_tp4": -63.8, "pred_tp5": 112.0, "resid_tp5": -66.4, "pred_tp6": 111.3, "resid_tp6": -65.6}}, {"type": "Feature", "geometry": {"type": "Point", "coordinates": [-96.616408, 40.8523312]}, "properties": {"plot_id": "Lincoln-hybrids-4-6", "site_id": "Lincoln", "year": 2022, "actual": 66.25, "pred_records": 129.7, "resid_records": -63.4, "pred_tp1": 132.8, "resid_tp1": -66.6, "pred_tp2": 135.9, "resid_tp2": -69.7, "pred_tp3": 102.2, "resid_tp3": -36.0, "pred_tp4": 120.9, "resid_tp4": -54.7, "pred_tp5": 122.8, "resid_tp5": -56.6, "pred_tp6": 130.3, "resid_tp6": -64.1}}, {"type": "Feature", "geometry": {"type": "Point", "coordinates": [-96.616335, 40.8523311]}, "properties": {"plot_id": "Lincoln-hybrids-4-7", "site_id": "Lincoln", "year": 2022, "actual": 81.65, "pred_records": 77.8, "resid_records": 3.8, "pred_tp1": 109.0, "resid_tp1": -27.4, "pred_tp2": 122.4, "resid_tp2": -40.8, "pred_tp3": 79.7, "resid_tp3": 2.0, "pred_tp4": 101.0, "resid_tp4": -19.3, "pred_tp5": 110.4, "resid_tp5": -28.8, "pred_tp6": 113.4, "resid_tp6": -31.8}}, {"type": "Feature", "geometry": {"type": "Point", "coordinates": [-96.6162639, 40.8523296]}, "properties": {"plot_id": "Lincoln-hybrids-4-8", "site_id": "Lincoln", "year": 2022, "actual": 42.26, "pred_records": 125.2, "resid_records": -82.9, "pred_tp1": 111.1, "resid_tp1": -68.9, "pred_tp2": 128.7, "resid_tp2": -86.5, "pred_tp3": 107.3, "resid_tp3": -65.1, "pred_tp4": 117.3, "resid_tp4": -75.0, "pred_tp5": 121.7, "resid_tp5": -79.4, "pred_tp6": 119.5, "resid_tp6": -77.2}}, {"type": "Feature", "geometry": {"type": "Point", "coordinates": [-96.616191, 40.8523281]}, "properties": {"plot_id": "Lincoln-hybrids-4-9", "site_id": "Lincoln", "year": 2022, "actual": 59.86, "pred_records": 105.3, "resid_records": -45.4, "pred_tp1": 124.6, "resid_tp1": -64.7, "pred_tp2": 132.6, "resid_tp2": -72.8, "pred_tp3": 106.9, "resid_tp3": -47.0, "pred_tp4": 114.4, "resid_tp4": -54.5, "pred_tp5": 125.1, "resid_tp5": -65.2, "pred_tp6": 127.9, "resid_tp6": -68.0}}, {"type": "Feature", "geometry": {"type": "Point", "coordinates": [-96.616119, 40.852301]}, "properties": {"plot_id": "Lincoln-hybrids-5-10", "site_id": "Lincoln", "year": 2022, "actual": 87.25, "pred_records": 152.3, "resid_records": -65.1, "pred_tp1": 149.5, "resid_tp1": -62.2, "pred_tp2": 153.3, "resid_tp2": -66.1, "pred_tp3": 130.6, "resid_tp3": -43.3, "pred_tp4": 140.3, "resid_tp4": -53.0, "pred_tp5": 146.4, "resid_tp5": -59.2, "pred_tp6": 151.1, "resid_tp6": -63.9}}, {"type": "Feature", "geometry": {"type": "Point", "coordinates": [-96.6160479, 40.8523008]}, "properties": {"plot_id": "Lincoln-hybrids-5-11", "site_id": "Lincoln", "year": 2022, "actual": 55.23, "pred_records": 114.0, "resid_records": -58.8, "pred_tp1": 123.9, "resid_tp1": -68.7, "pred_tp2": 126.5, "resid_tp2": -71.3, "pred_tp3": 94.5, "resid_tp3": -39.2, "pred_tp4": 114.9, "resid_tp4": -59.7, "pred_tp5": 127.5, "resid_tp5": -72.3, "pred_tp6": 123.5, "resid_tp6": -68.3}}, {"type": "Feature", "geometry": {"type": "Point", "coordinates": [-96.615975, 40.8522993]}, "properties": {"plot_id": "Lincoln-hybrids-5-12", "site_id": "Lincoln", "year": 2022, "actual": 65.22, "pred_records": 109.4, "resid_records": -44.2, "pred_tp1": 116.6, "resid_tp1": -51.3, "pred_tp2": 128.3, "resid_tp2": -63.1, "pred_tp3": 110.2, "resid_tp3": -45.0, "pred_tp4": 113.7, "resid_tp4": -48.5, "pred_tp5": 126.0, "resid_tp5": -60.7, "pred_tp6": 123.4, "resid_tp6": -58.2}}, {"type": "Feature", "geometry": {"type": "Point", "coordinates": [-96.6159038, 40.8522992]}, "properties": {"plot_id": "Lincoln-hybrids-5-13", "site_id": "Lincoln", "year": 2022, "actual": 62.08, "pred_records": 131.9, "resid_records": -69.8, "pred_tp1": 139.2, "resid_tp1": -77.1, "pred_tp2": 120.6, "resid_tp2": -58.5, "pred_tp3": 97.6, "resid_tp3": -35.5, "pred_tp4": 111.6, "resid_tp4": -49.5, "pred_tp5": 110.1, "resid_tp5": -48.0, "pred_tp6": 119.4, "resid_tp6": -57.3}}, {"type": "Feature", "geometry": {"type": "Point", "coordinates": [-96.6157597, 40.8522976]}, "properties": {"plot_id": "Lincoln-hybrids-5-15", "site_id": "Lincoln", "year": 2022, "actual": 60.09, "pred_records": 133.8, "resid_records": -73.7, "pred_tp1": 122.8, "resid_tp1": -62.7, "pred_tp2": 121.4, "resid_tp2": -61.3, "pred_tp3": 103.3, "resid_tp3": -43.2, "pred_tp4": 107.5, "resid_tp4": -47.4, "pred_tp5": 108.4, "resid_tp5": -48.3, "pred_tp6": 114.9, "resid_tp6": -54.8}}, {"type": "Feature", "geometry": {"type": "Point", "coordinates": [-96.6156868, 40.8522961]}, "properties": {"plot_id": "Lincoln-hybrids-5-16", "site_id": "Lincoln", "year": 2022, "actual": 126.8, "pred_records": 161.7, "resid_records": -34.9, "pred_tp1": 156.0, "resid_tp1": -29.2, "pred_tp2": 154.4, "resid_tp2": -27.6, "pred_tp3": 142.9, "resid_tp3": -16.1, "pred_tp4": 147.1, "resid_tp4": -20.3, "pred_tp5": 148.4, "resid_tp5": -21.6, "pred_tp6": 153.2, "resid_tp6": -26.4}}, {"type": "Feature", "geometry": {"type": "Point", "coordinates": [-96.6156156, 40.8522959]}, "properties": {"plot_id": "Lincoln-hybrids-5-17", "site_id": "Lincoln", "year": 2022, "actual": 89.02, "pred_records": 157.1, "resid_records": -68.1, "pred_tp1": 159.3, "resid_tp1": -70.3, "pred_tp2": 144.4, "resid_tp2": -55.4, "pred_tp3": 142.2, "resid_tp3": -53.2, "pred_tp4": 135.3, "resid_tp4": -46.3, "pred_tp5": 135.1, "resid_tp5": -46.1, "pred_tp6": 131.9, "resid_tp6": -42.9}}, {"type": "Feature", "geometry": {"type": "Point", "coordinates": [-96.6155445, 40.8522958]}, "properties": {"plot_id": "Lincoln-hybrids-5-18", "site_id": "Lincoln", "year": 2022, "actual": 44.79, "pred_records": 99.1, "resid_records": -54.4, "pred_tp1": 104.0, "resid_tp1": -59.2, "pred_tp2": 101.9, "resid_tp2": -57.1, "pred_tp3": 93.2, "resid_tp3": -48.4, "pred_tp4": 97.3, "resid_tp4": -52.5, "pred_tp5": 97.0, "resid_tp5": -52.2, "pred_tp6": 98.1, "resid_tp6": -53.4}}, {"type": "Feature", "geometry": {"type": "Point", "coordinates": [-96.6154716, 40.8522943]}, "properties": {"plot_id": "Lincoln-hybrids-5-19", "site_id": "Lincoln", "year": 2022, "actual": 57.43, "pred_records": 133.8, "resid_records": -76.4, "pred_tp1": 125.8, "resid_tp1": -68.4, "pred_tp2": 120.3, "resid_tp2": -62.8, "pred_tp3": 126.6, "resid_tp3": -69.2, "pred_tp4": 107.0, "resid_tp4": -49.6, "pred_tp5": 109.5, "resid_tp5": -52.0, "pred_tp6": 122.1, "resid_tp6": -64.7}}, {"type": "Feature", "geometry": {"type": "Point", "coordinates": [-96.6166954, 40.8523061]}, "properties": {"plot_id": "Lincoln-hybrids-5-2", "site_id": "Lincoln", "year": 2022, "actual": 77.88, "pred_records": 114.9, "resid_records": -37.0, "pred_tp1": 112.0, "resid_tp1": -34.2, "pred_tp2": 111.7, "resid_tp2": -33.9, "pred_tp3": 98.6, "resid_tp3": -20.7, "pred_tp4": 106.4, "resid_tp4": -28.6, "pred_tp5": 115.1, "resid_tp5": -37.2, "pred_tp6": 116.7, "resid_tp6": -38.8}}, {"type": "Feature", "geometry": {"type": "Point", "coordinates": [-96.6154004, 40.8522942]}, "properties": {"plot_id": "Lincoln-hybrids-5-20", "site_id": "Lincoln", "year": 2022, "actual": 59.49, "pred_records": 145.0, "resid_records": -85.5, "pred_tp1": 138.7, "resid_tp1": -79.2, "pred_tp2": 129.8, "resid_tp2": -70.3, "pred_tp3": 102.6, "resid_tp3": -43.1, "pred_tp4": 108.5, "resid_tp4": -49.0, "pred_tp5": 113.0, "resid_tp5": -53.6, "pred_tp6": 122.4, "resid_tp6": -62.9}}, {"type": "Feature", "geometry": {"type": "Point", "coordinates": [-96.6153275, 40.852294]}, "properties": {"plot_id": "Lincoln-hybrids-5-21", "site_id": "Lincoln", "year": 2022, "actual": 62.83, "pred_records": 134.8, "resid_records": -72.0, "pred_tp1": 131.1, "resid_tp1": -68.3, "pred_tp2": 128.4, "resid_tp2": -65.5, "pred_tp3": 98.0, "resid_tp3": -35.2, "pred_tp4": 114.5, "resid_tp4": -51.7, "pred_tp5": 121.5, "resid_tp5": -58.6, "pred_tp6": 122.2, "resid_tp6": -59.4}}, {"type": "Feature", "geometry": {"type": "Point", "coordinates": [-96.6152563, 40.8522926]}, "properties": {"plot_id": "Lincoln-hybrids-5-22", "site_id": "Lincoln", "year": 2022, "actual": 31.85, "pred_records": 133.8, "resid_records": -102.0, "pred_tp1": 115.0, "resid_tp1": -83.2, "pred_tp2": 110.6, "resid_tp2": -78.8, "pred_tp3": 107.4, "resid_tp3": -75.5, "pred_tp4": 110.3, "resid_tp4": -78.5, "pred_tp5": 114.8, "resid_tp5": -83.0, "pred_tp6": 114.8, "resid_tp6": -83.0}}, {"type": "Feature", "geometry": {"type": "Point", "coordinates": [-96.6151834, 40.8522911]}, "properties": {"plot_id": "Lincoln-hybrids-5-23", "site_id": "Lincoln", "year": 2022, "actual": 52.51, "pred_records": 128.5, "resid_records": -76.0, "pred_tp1": 122.3, "resid_tp1": -69.8, "pred_tp2": 112.3, "resid_tp2": -59.8, "pred_tp3": 90.0, "resid_tp3": -37.5, "pred_tp4": 104.0, "resid_tp4": -51.5, "pred_tp5": 113.9, "resid_tp5": -61.4, "pred_tp6": 116.6, "resid_tp6": -64.1}}, {"type": "Feature", "geometry": {"type": "Point", "coordinates": [-96.6151123, 40.8522909]}, "properties": {"plot_id": "Lincoln-hybrids-5-24", "site_id": "Lincoln", "year": 2022, "actual": 46.99, "pred_records": 131.8, "resid_records": -84.9, "pred_tp1": 116.6, "resid_tp1": -69.6, "pred_tp2": 113.3, "resid_tp2": -66.3, "pred_tp3": 82.2, "resid_tp3": -35.2, "pred_tp4": 100.4, "resid_tp4": -53.4, "pred_tp5": 101.1, "resid_tp5": -54.1, "pred_tp6": 116.9, "resid_tp6": -69.9}}, {"type": "Feature", "geometry": {"type": "Point", "coordinates": [-96.6150393, 40.8522908]}, "properties": {"plot_id": "Lincoln-hybrids-5-25", "site_id": "Lincoln", "year": 2022, "actual": 30.78, "pred_records": 148.7, "resid_records": -117.9, "pred_tp1": 128.6, "resid_tp1": -97.8, "pred_tp2": 125.7, "resid_tp2": -95.0, "pred_tp3": 102.5, "resid_tp3": -71.7, "pred_tp4": 112.8, "resid_tp4": -82.0, "pred_tp5": 113.3, "resid_tp5": -82.5, "pred_tp6": 115.8, "resid_tp6": -85.0}}, {"type": "Feature", "geometry": {"type": "Point", "coordinates": [-96.6149682, 40.8522893]}, "properties": {"plot_id": "Lincoln-hybrids-5-26", "site_id": "Lincoln", "year": 2022, "actual": 3.08, "pred_records": 133.8, "resid_records": -130.7, "pred_tp1": 115.1, "resid_tp1": -112.0, "pred_tp2": 118.9, "resid_tp2": -115.8, "pred_tp3": 116.7, "resid_tp3": -113.6, "pred_tp4": 114.6, "resid_tp4": -111.5, "pred_tp5": 112.8, "resid_tp5": -109.7, "pred_tp6": 119.5, "resid_tp6": -116.5}}, {"type": "Feature", "geometry": {"type": "Point", "coordinates": [-96.6148241, 40.852289]}, "properties": {"plot_id": "Lincoln-hybrids-5-28", "site_id": "Lincoln", "year": 2022, "actual": 51.34, "pred_records": 125.9, "resid_records": -74.5, "pred_tp1": 126.2, "resid_tp1": -74.9, "pred_tp2": 133.3, "resid_tp2": -81.9, "pred_tp3": 126.6, "resid_tp3": -75.3, "pred_tp4": 137.2, "resid_tp4": -85.8, "pred_tp5": 131.0, "resid_tp5": -79.7, "pred_tp6": 138.5, "resid_tp6": -87.2}}, {"type": "Feature", "geometry": {"type": "Point", "coordinates": [-96.6147512, 40.8522875]}, "properties": {"plot_id": "Lincoln-hybrids-5-29", "site_id": "Lincoln", "year": 2022, "actual": 47.99, "pred_records": 103.4, "resid_records": -55.4, "pred_tp1": 106.8, "resid_tp1": -58.8, "pred_tp2": 118.5, "resid_tp2": -70.5, "pred_tp3": 117.0, "resid_tp3": -69.0, "pred_tp4": 126.4, "resid_tp4": -78.4, "pred_tp5": 123.4, "resid_tp5": -75.4, "pred_tp6": 125.7, "resid_tp6": -77.7}}, {"type": "Feature", "geometry": {"type": "Point", "coordinates": [-96.6166224, 40.852306]}, "properties": {"plot_id": "Lincoln-hybrids-5-3", "site_id": "Lincoln", "year": 2022, "actual": 39.22, "pred_records": 116.9, "resid_records": -77.7, "pred_tp1": 100.8, "resid_tp1": -61.6, "pred_tp2": 108.4, "resid_tp2": -69.2, "pred_tp3": 105.9, "resid_tp3": -66.7, "pred_tp4": 107.0, "resid_tp4": -67.8, "pred_tp5": 106.1, "resid_tp5": -66.9, "pred_tp6": 112.7, "resid_tp6": -73.4}}, {"type": "Feature", "geometry": {"type": "Point", "coordinates": [-96.6146801, 40.8522861]}, "properties": {"plot_id": "Lincoln-hybrids-5-30", "site_id": "Lincoln", "year": 2022, "actual": 45.93, "pred_records": 126.7, "resid_records": -80.7, "pred_tp1": 122.9, "resid_tp1": -77.0, "pred_tp2": 122.8, "resid_tp2": -76.9, "pred_tp3": 109.2, "resid_tp3": -63.3, "pred_tp4": 116.8, "resid_tp4": -70.9, "pred_tp5": 117.1, "resid_tp5": -71.1, "pred_tp6": 132.5, "resid_tp6": -86.6}}, {"type": "Feature", "geometry": {"type": "Point", "coordinates": [-96.6146089, 40.8522859]}, "properties": {"plot_id": "Lincoln-hybrids-5-31", "site_id": "Lincoln", "year": 2022, "actual": 34.34, "pred_records": 140.9, "resid_records": -106.6, "pred_tp1": 133.4, "resid_tp1": -99.1, "pred_tp2": 134.0, "resid_tp2": -99.6, "pred_tp3": 111.9, "resid_tp3": -77.5, "pred_tp4": 128.1, "resid_tp4": -93.8, "pred_tp5": 124.7, "resid_tp5": -90.4, "pred_tp6": 140.5, "resid_tp6": -106.2}}, {"type": "Feature", "geometry": {"type": "Point", "coordinates": [-96.6145359, 40.8522858]}, "properties": {"plot_id": "Lincoln-hybrids-5-32", "site_id": "Lincoln", "year": 2022, "actual": 49.64, "pred_records": 88.1, "resid_records": -38.5, "pred_tp1": 105.0, "resid_tp1": -55.4, "pred_tp2": 113.7, "resid_tp2": -64.1, "pred_tp3": 88.0, "resid_tp3": -38.3, "pred_tp4": 108.3, "resid_tp4": -58.6, "pred_tp5": 108.8, "resid_tp5": -59.2, "pred_tp6": 113.1, "resid_tp6": -63.5}}, {"type": "Feature", "geometry": {"type": "Point", "coordinates": [-96.6144648, 40.8522843]}, "properties": {"plot_id": "Lincoln-hybrids-5-33", "site_id": "Lincoln", "year": 2022, "actual": 29.85, "pred_records": 134.6, "resid_records": -104.7, "pred_tp1": 136.0, "resid_tp1": -106.2, "pred_tp2": 137.7, "resid_tp2": -107.9, "pred_tp3": 124.2, "resid_tp3": -94.4, "pred_tp4": 133.5, "resid_tp4": -103.7, "pred_tp5": 135.6, "resid_tp5": -105.8, "pred_tp6": 146.0, "resid_tp6": -116.1}}, {"type": "Feature", "geometry": {"type": "Point", "coordinates": [-96.6143919, 40.8522841]}, "properties": {"plot_id": "Lincoln-hybrids-5-34", "site_id": "Lincoln", "year": 2022, "actual": 26.54, "pred_records": 101.5, "resid_records": -74.9, "pred_tp1": 125.2, "resid_tp1": -98.7, "pred_tp2": 101.9, "resid_tp2": -75.4, "pred_tp3": 116.2, "resid_tp3": -89.6, "pred_tp4": 122.9, "resid_tp4": -96.4, "pred_tp5": 123.9, "resid_tp5": -97.3, "pred_tp6": 121.3, "resid_tp6": -94.7}}, {"type": "Feature", "geometry": {"type": "Point", "coordinates": [-96.6143207, 40.852284]}, "properties": {"plot_id": "Lincoln-hybrids-5-35", "site_id": "Lincoln", "year": 2022, "actual": 12.65, "pred_records": 88.1, "resid_records": -75.4, "pred_tp1": 85.8, "resid_tp1": -73.1, "pred_tp2": 94.1, "resid_tp2": -81.5, "pred_tp3": 82.9, "resid_tp3": -70.3, "pred_tp4": 105.3, "resid_tp4": -92.7, "pred_tp5": 93.3, "resid_tp5": -80.6, "pred_tp6": 96.0, "resid_tp6": -83.4}}, {"type": "Feature", "geometry": {"type": "Point", "coordinates": [-96.6142478, 40.8522825]}, "properties": {"plot_id": "Lincoln-hybrids-5-36", "site_id": "Lincoln", "year": 2022, "actual": 14.35, "pred_records": 143.5, "resid_records": -129.1, "pred_tp1": 108.0, "resid_tp1": -93.6, "pred_tp2": 120.3, "resid_tp2": -105.9, "pred_tp3": 127.6, "resid_tp3": -113.2, "pred_tp4": 126.5, "resid_tp4": -112.2, "pred_tp5": 116.7, "resid_tp5": -102.4, "pred_tp6": 135.6, "resid_tp6": -121.3}}, {"type": "Feature", "geometry": {"type": "Point", "coordinates": [-96.6141767, 40.852281]}, "properties": {"plot_id": "Lincoln-hybrids-5-37", "site_id": "Lincoln", "year": 2022, "actual": 9.42, "pred_records": 103.4, "resid_records": -94.0, "pred_tp1": 94.3, "resid_tp1": -84.9, "pred_tp2": 103.2, "resid_tp2": -93.7, "pred_tp3": 118.7, "resid_tp3": -109.3, "pred_tp4": 127.0, "resid_tp4": -117.6, "pred_tp5": 126.0, "resid_tp5": -116.6, "pred_tp6": 123.3, "resid_tp6": -113.9}}, {"type": "Feature", "geometry": {"type": "Point", "coordinates": [-96.6141037, 40.8522809]}, "properties": {"plot_id": "Lincoln-hybrids-5-38", "site_id": "Lincoln", "year": 2022, "actual": 35.39, "pred_records": 128.3, "resid_records": -92.9, "pred_tp1": 120.4, "resid_tp1": -85.0, "pred_tp2": 120.8, "resid_tp2": -85.4, "pred_tp3": 122.5, "resid_tp3": -87.1, "pred_tp4": 123.7, "resid_tp4": -88.3, "pred_tp5": 120.8, "resid_tp5": -85.4, "pred_tp6": 135.0, "resid_tp6": -99.6}}, {"type": "Feature", "geometry": {"type": "Point", "coordinates": [-96.6140326, 40.8522808]}, "properties": {"plot_id": "Lincoln-hybrids-5-39", "site_id": "Lincoln", "year": 2022, "actual": 7.49, "pred_records": 111.2, "resid_records": -103.8, "pred_tp1": 92.7, "resid_tp1": -85.2, "pred_tp2": 115.7, "resid_tp2": -108.2, "pred_tp3": 113.8, "resid_tp3": -106.3, "pred_tp4": 128.8, "resid_tp4": -121.3, "pred_tp5": 119.2, "resid_tp5": -111.7, "pred_tp6": 129.4, "resid_tp6": -121.9}}, {"type": "Feature", "geometry": {"type": "Point", "coordinates": [-96.6165512, 40.8523058]}, "properties": {"plot_id": "Lincoln-hybrids-5-4", "site_id": "Lincoln", "year": 2022, "actual": 74.22, "pred_records": 132.1, "resid_records": -57.9, "pred_tp1": 144.0, "resid_tp1": -69.8, "pred_tp2": 144.2, "resid_tp2": -70.0, "pred_tp3": 130.7, "resid_tp3": -56.5, "pred_tp4": 129.8, "resid_tp4": -55.6, "pred_tp5": 143.2, "resid_tp5": -69.0, "pred_tp6": 144.0, "resid_tp6": -69.7}}, {"type": "Feature", "geometry": {"type": "Point", "coordinates": [-96.6164801, 40.8523044]}, "properties": {"plot_id": "Lincoln-hybrids-5-5", "site_id": "Lincoln", "year": 2022, "actual": 44.76, "pred_records": 125.1, "resid_records": -80.4, "pred_tp1": 130.6, "resid_tp1": -85.8, "pred_tp2": 114.6, "resid_tp2": -69.9, "pred_tp3": 124.9, "resid_tp3": -80.2, "pred_tp4": 116.6, "resid_tp4": -71.8, "pred_tp5": 117.0, "resid_tp5": -72.3, "pred_tp6": 110.7, "resid_tp6": -66.0}}, {"type": "Feature", "geometry": {"type": "Point", "coordinates": [-96.6164072, 40.8523042]}, "properties": {"plot_id": "Lincoln-hybrids-5-6", "site_id": "Lincoln", "year": 2022, "actual": 19.72, "pred_records": 125.4, "resid_records": -105.7, "pred_tp1": 103.2, "resid_tp1": -83.5, "pred_tp2": 107.6, "resid_tp2": -87.9, "pred_tp3": 96.2, "resid_tp3": -76.5, "pred_tp4": 104.1, "resid_tp4": -84.4, "pred_tp5": 106.3, "resid_tp5": -86.6, "pred_tp6": 101.5, "resid_tp6": -81.7}}, {"type": "Feature", "geometry": {"type": "Point", "coordinates": [-96.616336, 40.8523027]}, "properties": {"plot_id": "Lincoln-hybrids-5-7", "site_id": "Lincoln", "year": 2022, "actual": 43.07, "pred_records": 123.2, "resid_records": -80.1, "pred_tp1": 131.4, "resid_tp1": -88.3, "pred_tp2": 118.8, "resid_tp2": -75.8, "pred_tp3": 85.5, "resid_tp3": -42.4, "pred_tp4": 104.4, "resid_tp4": -61.4, "pred_tp5": 123.9, "resid_tp5": -80.8, "pred_tp6": 118.2, "resid_tp6": -75.2}}, {"type": "Feature", "geometry": {"type": "Point", "coordinates": [-96.6162631, 40.8523026]}, "properties": {"plot_id": "Lincoln-hybrids-5-8", "site_id": "Lincoln", "year": 2022, "actual": 23.5, "pred_records": 109.6, "resid_records": -86.1, "pred_tp1": 110.2, "resid_tp1": -86.7, "pred_tp2": 101.2, "resid_tp2": -77.7, "pred_tp3": 82.7, "resid_tp3": -59.2, "pred_tp4": 93.1, "resid_tp4": -69.6, "pred_tp5": 88.4, "resid_tp5": -64.9, "pred_tp6": 97.0, "resid_tp6": -73.5}}, {"type": "Feature", "geometry": {"type": "Point", "coordinates": [-96.616192, 40.8523011]}, "properties": {"plot_id": "Lincoln-hybrids-5-9", "site_id": "Lincoln", "year": 2022, "actual": 45.52, "pred_records": 125.2, "resid_records": -79.6, "pred_tp1": 124.0, "resid_tp1": -78.5, "pred_tp2": 124.8, "resid_tp2": -79.3, "pred_tp3": 123.8, "resid_tp3": -78.2, "pred_tp4": 120.4, "resid_tp4": -74.8, "pred_tp5": 117.0, "resid_tp5": -71.5, "pred_tp6": 130.7, "resid_tp6": -85.2}}, {"type": "Feature", "geometry": {"type": "Point", "coordinates": [-96.61612, 40.852274]}, "properties": {"plot_id": "Lincoln-hybrids-6-10", "site_id": "Lincoln", "year": 2022, "actual": 38.31, "pred_records": 125.2, "resid_records": -86.9, "pred_tp1": 130.0, "resid_tp1": -91.7, "pred_tp2": 130.8, "resid_tp2": -92.5, "pred_tp3": 97.0, "resid_tp3": -58.7, "pred_tp4": 110.9, "resid_tp4": -72.6, "pred_tp5": 121.0, "resid_tp5": -82.7, "pred_tp6": 133.1, "resid_tp6": -94.8}}, {"type": "Feature", "geometry": {"type": "Point", "coordinates": [-96.616047, 40.8522738]}, "properties": {"plot_id": "Lincoln-hybrids-6-11", "site_id": "Lincoln", "year": 2022, "actual": 23.59, "pred_records": 65.1, "resid_records": -41.6, "pred_tp1": 109.4, "resid_tp1": -85.8, "pred_tp2": 111.4, "resid_tp2": -87.8, "pred_tp3": 94.8, "resid_tp3": -71.2, "pred_tp4": 110.7, "resid_tp4": -87.1, "pred_tp5": 103.1, "resid_tp5": -79.5, "pred_tp6": 109.8, "resid_tp6": -86.2}}, {"type": "Feature", "geometry": {"type": "Point", "coordinates": [-96.6159759, 40.8522723]}, "properties": {"plot_id": "Lincoln-hybrids-6-12", "site_id": "Lincoln", "year": 2022, "actual": 58.92, "pred_records": 125.4, "resid_records": -66.4, "pred_tp1": 121.8, "resid_tp1": -62.9, "pred_tp2": 132.5, "resid_tp2": -73.6, "pred_tp3": 95.5, "resid_tp3": -36.6, "pred_tp4": 115.1, "resid_tp4": -56.2, "pred_tp5": 112.0, "resid_tp5": -53.1, "pred_tp6": 130.4, "resid_tp6": -71.5}}, {"type": "Feature", "geometry": {"type": "Point", "coordinates": [-96.6159048, 40.8522722]}, "properties": {"plot_id": "Lincoln-hybrids-6-13", "site_id": "Lincoln", "year": 2022, "actual": 35.03, "pred_records": 128.8, "resid_records": -93.7, "pred_tp1": 145.9, "resid_tp1": -110.9, "pred_tp2": 136.2, "resid_tp2": -101.2, "pred_tp3": 117.4, "resid_tp3": -82.4, "pred_tp4": 115.4, "resid_tp4": -80.4, "pred_tp5": 120.9, "resid_tp5": -85.9, "pred_tp6": 126.4, "resid_tp6": -91.4}}, {"type": "Feature", "geometry": {"type": "Point", "coordinates": [-96.6157607, 40.8522706]}, "properties": {"plot_id": "Lincoln-hybrids-6-15", "site_id": "Lincoln", "year": 2022, "actual": 22.2, "pred_records": 134.1, "resid_records": -111.9, "pred_tp1": 122.6, "resid_tp1": -100.4, "pred_tp2": 117.1, "resid_tp2": -94.9, "pred_tp3": 128.4, "resid_tp3": -106.2, "pred_tp4": 108.1, "resid_tp4": -85.9, "pred_tp5": 106.5, "resid_tp5": -84.3, "pred_tp6": 111.7, "resid_tp6": -89.5}}, {"type": "Feature", "geometry": {"type": "Point", "coordinates": [-96.6156878, 40.8522691]}, "properties": {"plot_id": "Lincoln-hybrids-6-16", "site_id": "Lincoln", "year": 2022, "actual": 36.15, "pred_records": 129.9, "resid_records": -93.8, "pred_tp1": 108.0, "resid_tp1": -71.8, "pred_tp2": 115.5, "resid_tp2": -79.3, "pred_tp3": 118.5, "resid_tp3": -82.3, "pred_tp4": 114.0, "resid_tp4": -77.9, "pred_tp5": 115.7, "resid_tp5": -79.5, "pred_tp6": 118.9, "resid_tp6": -82.7}}, {"type": "Feature", "geometry": {"type": "Point", "coordinates": [-96.6156166, 40.8522689]}, "properties": {"plot_id": "Lincoln-hybrids-6-17", "site_id": "Lincoln", "year": 2022, "actual": 57.55, "pred_records": 135.0, "resid_records": -77.4, "pred_tp1": 144.3, "resid_tp1": -86.8, "pred_tp2": 134.4, "resid_tp2": -76.8, "pred_tp3": 124.9, "resid_tp3": -67.3, "pred_tp4": 116.2, "resid_tp4": -58.6, "pred_tp5": 120.6, "resid_tp5": -63.1, "pred_tp6": 120.6, "resid_tp6": -63.0}}, {"type": "Feature", "geometry": {"type": "Point", "coordinates": [-96.6155437, 40.8522688]}, "properties": {"plot_id": "Lincoln-hybrids-6-18", "site_id": "Lincoln", "year": 2022, "actual": 24.13, "pred_records": 99.1, "resid_records": -75.0, "pred_tp1": 98.4, "resid_tp1": -74.2, "pred_tp2": 100.6, "resid_tp2": -76.5, "pred_tp3": 82.3, "resid_tp3": -58.1, "pred_tp4": 104.2, "resid_tp4": -80.1, "pred_tp5": 106.0, "resid_tp5": -81.9, "pred_tp6": 99.2, "resid_tp6": -75.1}}, {"type": "Feature", "geometry": {"type": "Point", "coordinates": [-96.6154725, 40.8522673]}, "properties": {"plot_id": "Lincoln-hybrids-6-19", "site_id": "Lincoln", "year": 2022, "actual": 47.27, "pred_records": 129.5, "resid_records": -82.3, "pred_tp1": 123.6, "resid_tp1": -76.3, "pred_tp2": 124.9, "resid_tp2": -77.7, "pred_tp3": 91.7, "resid_tp3": -44.4, "pred_tp4": 110.3, "resid_tp4": -63.1, "pred_tp5": 112.2, "resid_tp5": -65.0, "pred_tp6": 116.7, "resid_tp6": -69.5}}, {"type": "Feature", "geometry": {"type": "Point", "coordinates": [-96.6166945, 40.8522791]}, "properties": {"plot_id": "Lincoln-hybrids-6-2", "site_id": "Lincoln", "year": 2022, "actual": 38.89, "pred_records": 114.9, "resid_records": -76.0, "pred_tp1": 110.9, "resid_tp1": -72.0, "pred_tp2": 104.7, "resid_tp2": -65.8, "pred_tp3": 84.5, "resid_tp3": -45.6, "pred_tp4": 96.0, "resid_tp4": -57.1, "pred_tp5": 111.6, "resid_tp5": -72.7, "pred_tp6": 108.1, "resid_tp6": -69.2}}, {"type": "Feature", "geometry": {"type": "Point", "coordinates": [-96.6153996, 40.8522672]}, "properties": {"plot_id": "Lincoln-hybrids-6-20", "site_id": "Lincoln", "year": 2022, "actual": 50.11, "pred_records": 131.8, "resid_records": -81.7, "pred_tp1": 116.4, "resid_tp1": -66.2, "pred_tp2": 116.4, "resid_tp2": -66.3, "pred_tp3": 90.0, "resid_tp3": -39.9, "pred_tp4": 100.2, "resid_tp4": -50.1, "pred_tp5": 105.7, "resid_tp5": -55.6, "pred_tp6": 108.3, "resid_tp6": -58.2}}, {"type": "Feature", "geometry": {"type": "Point", "coordinates": [-96.6153285, 40.8522657]}, "properties": {"plot_id": "Lincoln-hybrids-6-21", "site_id": "Lincoln", "year": 2022, "actual": 32.75, "pred_records": 124.6, "resid_records": -91.9, "pred_tp1": 103.1, "resid_tp1": -70.3, "pred_tp2": 109.6, "resid_tp2": -76.8, "pred_tp3": 96.4, "resid_tp3": -63.6, "pred_tp4": 106.2, "resid_tp4": -73.5, "pred_tp5": 100.5, "resid_tp5": -67.8, "pred_tp6": 106.6, "resid_tp6": -73.8}}, {"type": "Feature", "geometry": {"type": "Point", "coordinates": [-96.6152555, 40.8522655]}, "properties": {"plot_id": "Lincoln-hybrids-6-22", "site_id": "Lincoln", "year": 2022, "actual": 6.91, "pred_records": 148.7, "resid_records": -141.8, "pred_tp1": 127.0, "resid_tp1": -120.1, "pred_tp2": 129.1, "resid_tp2": -122.1, "pred_tp3": 130.1, "resid_tp3": -123.2, "pred_tp4": 114.2, "resid_tp4": -107.3, "pred_tp5": 109.7, "resid_tp5": -102.8, "pred_tp6": 117.9, "resid_tp6": -111.0}}, {"type": "Feature", "geometry": {"type": "Point", "coordinates": [-96.6151844, 40.8522641]}, "properties": {"plot_id": "Lincoln-hybrids-6-23", "site_id": "Lincoln", "year": 2022, "actual": 20.34, "pred_records": 131.8, "resid_records": -111.5, "pred_tp1": 113.9, "resid_tp1": -93.6, "pred_tp2": 116.4, "resid_tp2": -96.1, "pred_tp3": 125.8, "resid_tp3": -105.5, "pred_tp4": 113.8, "resid_tp4": -93.5, "pred_tp5": 118.8, "resid_tp5": -98.5, "pred_tp6": 116.8, "resid_tp6": -96.5}}, {"type": "Feature", "geometry": {"type": "Point", "coordinates": [-96.6151115, 40.8522639]}, "properties": {"plot_id": "Lincoln-hybrids-6-24", "site_id": "Lincoln", "year": 2022, "actual": 22.41, "pred_records": 149.7, "resid_records": -127.3, "pred_tp1": 128.9, "resid_tp1": -106.5, "pred_tp2": 134.2, "resid_tp2": -111.8, "pred_tp3": 111.5, "resid_tp3": -89.1, "pred_tp4": 109.5, "resid_tp4": -87.1, "pred_tp5": 113.8, "resid_tp5": -91.3, "pred_tp6": 118.9, "resid_tp6": -96.4}}, {"type": "Feature", "geometry": {"type": "Point", "coordinates": [-96.6150403, 40.8522638]}, "properties": {"plot_id": "Lincoln-hybrids-6-25", "site_id": "Lincoln", "year": 2022, "actual": 6.53, "pred_records": 130.3, "resid_records": -123.8, "pred_tp1": 106.8, "resid_tp1": -100.2, "pred_tp2": 117.2, "resid_tp2": -110.7, "pred_tp3": 106.9, "resid_tp3": -100.3, "pred_tp4": 110.1, "resid_tp4": -103.6, "pred_tp5": 106.2, "resid_tp5": -99.6, "pred_tp6": 100.3, "resid_tp6": -93.8}}, {"type": "Feature", "geometry": {"type": "Point", "coordinates": [-96.6149692, 40.8522623]}, "properties": {"plot_id": "Lincoln-hybrids-6-26", "site_id": "Lincoln", "year": 2022, "actual": 12.38, "pred_records": 134.8, "resid_records": -122.4, "pred_tp1": 118.6, "resid_tp1": -106.2, "pred_tp2": 138.2, "resid_tp2": -125.8, "pred_tp3": 115.0, "resid_tp3": -102.7, "pred_tp4": 115.2, "resid_tp4": -102.8, "pred_tp5": 117.7, "resid_tp5": -105.4, "pred_tp6": 119.6, "resid_tp6": -107.2}}, {"type": "Feature", "geometry": {"type": "Point", "coordinates": [-96.614825, 40.852262]}, "properties": {"plot_id": "Lincoln-hybrids-6-28", "site_id": "Lincoln", "year": 2022, "actual": 34.6, "pred_records": 128.5, "resid_records": -93.9, "pred_tp1": 125.3, "resid_tp1": -90.7, "pred_tp2": 119.9, "resid_tp2": -85.3, "pred_tp3": 124.4, "resid_tp3": -89.8, "pred_tp4": 127.6, "resid_tp4": -93.0, "pred_tp5": 119.6, "resid_tp5": -85.0, "pred_tp6": 132.7, "resid_tp6": -98.1}}, {"type": "Feature", "geometry": {"type": "Point", "coordinates": [-96.6147521, 40.8522605]}, "properties": {"plot_id": "Lincoln-hybrids-6-29", "site_id": "Lincoln", "year": 2022, "actual": 53.76, "pred_records": 155.6, "resid_records": -101.8, "pred_tp1": 145.5, "resid_tp1": -91.8, "pred_tp2": 135.7, "resid_tp2": -81.9, "pred_tp3": 126.0, "resid_tp3": -72.2, "pred_tp4": 135.3, "resid_tp4": -81.5, "pred_tp5": 135.0, "resid_tp5": -81.2, "pred_tp6": 146.8, "resid_tp6": -93.0}}, {"type": "Feature", "geometry": {"type": "Point", "coordinates": [-96.6166234, 40.852279]}, "properties": {"plot_id": "Lincoln-hybrids-6-3", "site_id": "Lincoln", "year": 2022, "actual": 35.14, "pred_records": 119.7, "resid_records": -84.6, "pred_tp1": 121.4, "resid_tp1": -86.3, "pred_tp2": 122.1, "resid_tp2": -87.0, "pred_tp3": 120.0, "resid_tp3": -84.9, "pred_tp4": 116.0, "resid_tp4": -80.9, "pred_tp5": 115.5, "resid_tp5": -80.3, "pred_tp6": 130.5, "resid_tp6": -95.3}}, {"type": "Feature", "geometry": {"type": "Point", "coordinates": [-96.614681, 40.8522591]}, "properties": {"plot_id": "Lincoln-hybrids-6-30", "site_id": "Lincoln", "year": 2022, "actual": 24.47, "pred_records": 138.4, "resid_records": -113.9, "pred_tp1": 147.0, "resid_tp1": -122.6, "pred_tp2": 132.8, "resid_tp2": -108.3, "pred_tp3": 125.6, "resid_tp3": -101.2, "pred_tp4": 131.2, "resid_tp4": -106.7, "pred_tp5": 125.5, "resid_tp5": -101.0, "pred_tp6": 139.3, "resid_tp6": -114.8}}, {"type": "Feature", "geometry": {"type": "Point", "coordinates": [-96.6146081, 40.8522589]}, "properties": {"plot_id": "Lincoln-hybrids-6-31", "site_id": "Lincoln", "year": 2022, "actual": 16.39, "pred_records": 106.7, "resid_records": -90.3, "pred_tp1": 112.4, "resid_tp1": -96.0, "pred_tp2": 102.9, "resid_tp2": -86.5, "pred_tp3": 115.7, "resid_tp3": -99.3, "pred_tp4": 119.8, "resid_tp4": -103.4, "pred_tp5": 123.0, "resid_tp5": -106.7, "pred_tp6": 127.5, "resid_tp6": -111.1}}, {"type": "Feature", "geometry": {"type": "Point", "coordinates": [-96.6145369, 40.8522588]}, "properties": {"plot_id": "Lincoln-hybrids-6-32", "site_id": "Lincoln", "year": 2022, "actual": 30.0, "pred_records": 128.8, "resid_records": -98.8, "pred_tp1": 127.3, "resid_tp1": -97.3, "pred_tp2": 112.9, "resid_tp2": -82.9, "pred_tp3": 121.7, "resid_tp3": -91.7, "pred_tp4": 124.8, "resid_tp4": -94.8, "pred_tp5": 124.7, "resid_tp5": -94.7, "pred_tp6": 130.8, "resid_tp6": -100.8}}, {"type": "Feature", "geometry": {"type": "Point", "coordinates": [-96.614464, 40.8522573]}, "properties": {"plot_id": "Lincoln-hybrids-6-33", "site_id": "Lincoln", "year": 2022, "actual": 25.52, "pred_records": 130.8, "resid_records": -105.3, "pred_tp1": 145.5, "resid_tp1": -120.0, "pred_tp2": 131.1, "resid_tp2": -105.6, "pred_tp3": 122.3, "resid_tp3": -96.8, "pred_tp4": 122.4, "resid_tp4": -96.9, "pred_tp5": 122.6, "resid_tp5": -97.0, "pred_tp6": 129.9, "resid_tp6": -104.4}}, {"type": "Feature", "geometry": {"type": "Point", "coordinates": [-96.6143928, 40.8522571]}, "properties": {"plot_id": "Lincoln-hybrids-6-34", "site_id": "Lincoln", "year": 2022, "actual": 16.72, "pred_records": 106.1, "resid_records": -89.4, "pred_tp1": 132.6, "resid_tp1": -115.9, "pred_tp2": 101.7, "resid_tp2": -85.0, "pred_tp3": 100.1, "resid_tp3": -83.4, "pred_tp4": 106.8, "resid_tp4": -90.1, "pred_tp5": 101.7, "resid_tp5": -85.0, "pred_tp6": 112.8, "resid_tp6": -96.1}}, {"type": "Feature", "geometry": {"type": "Point", "coordinates": [-96.6143217, 40.852257]}, "properties": {"plot_id": "Lincoln-hybrids-6-35", "site_id": "Lincoln", "year": 2022, "actual": 26.03, "pred_records": 134.5, "resid_records": -108.5, "pred_tp1": 128.7, "resid_tp1": -102.7, "pred_tp2": 115.3, "resid_tp2": -89.3, "pred_tp3": 111.3, "resid_tp3": -85.2, "pred_tp4": 113.3, "resid_tp4": -87.3, "pred_tp5": 108.1, "resid_tp5": -82.1, "pred_tp6": 119.9, "resid_tp6": -93.8}}, {"type": "Feature", "geometry": {"type": "Point", "coordinates": [-96.6142488, 40.8522555]}, "properties": {"plot_id": "Lincoln-hybrids-6-36", "site_id": "Lincoln", "year": 2022, "actual": 7.47, "pred_records": 96.1, "resid_records": -88.7, "pred_tp1": 87.8, "resid_tp1": -80.3, "pred_tp2": 88.9, "resid_tp2": -81.4, "pred_tp3": 102.1, "resid_tp3": -94.6, "pred_tp4": 100.8, "resid_tp4": -93.3, "pred_tp5": 87.8, "resid_tp5": -80.3, "pred_tp6": 108.9, "resid_tp6": -101.5}}, {"type": "Feature", "geometry": {"type": "Point", "coordinates": [-96.6141759, 40.852254]}, "properties": {"plot_id": "Lincoln-hybrids-6-37", "site_id": "Lincoln", "year": 2022, "actual": 5.05, "pred_records": 126.6, "resid_records": -121.5, "pred_tp1": 105.7, "resid_tp1": -100.7, "pred_tp2": 121.4, "resid_tp2": -116.4, "pred_tp3": 119.9, "resid_tp3": -114.8, "pred_tp4": 134.0, "resid_tp4": -128.9, "pred_tp5": 120.5, "resid_tp5": -115.5, "pred_tp6": 126.6, "resid_tp6": -121.5}}, {"type": "Feature", "geometry": {"type": "Point", "coordinates": [-96.6141047, 40.8522539]}, "properties": {"plot_id": "Lincoln-hybrids-6-38", "site_id": "Lincoln", "year": 2022, "actual": 26.18, "pred_records": 126.3, "resid_records": -100.1, "pred_tp1": 139.2, "resid_tp1": -113.0, "pred_tp2": 124.6, "resid_tp2": -98.4, "pred_tp3": 125.6, "resid_tp3": -99.4, "pred_tp4": 134.4, "resid_tp4": -108.2, "pred_tp5": 132.3, "resid_tp5": -106.1, "pred_tp6": 133.8, "resid_tp6": -107.6}}, {"type": "Feature", "geometry": {"type": "Point", "coordinates": [-96.6140335, 40.8522538]}, "properties": {"plot_id": "Lincoln-hybrids-6-39", "site_id": "Lincoln", "year": 2022, "actual": 36.58, "pred_records": 138.4, "resid_records": -101.8, "pred_tp1": 140.2, "resid_tp1": -103.6, "pred_tp2": 129.6, "resid_tp2": -93.0, "pred_tp3": 127.3, "resid_tp3": -90.8, "pred_tp4": 135.4, "resid_tp4": -98.8, "pred_tp5": 126.8, "resid_tp5": -90.2, "pred_tp6": 140.4, "resid_tp6": -103.9}}, {"type": "Feature", "geometry": {"type": "Point", "coordinates": [-96.6165522, 40.8522788]}, "properties": {"plot_id": "Lincoln-hybrids-6-4", "site_id": "Lincoln", "year": 2022, "actual": 64.62, "pred_records": 65.1, "resid_records": -0.5, "pred_tp1": 89.9, "resid_tp1": -25.3, "pred_tp2": 104.8, "resid_tp2": -40.2, "pred_tp3": 81.9, "resid_tp3": -17.3, "pred_tp4": 108.3, "resid_tp4": -43.7, "pred_tp5": 105.9, "resid_tp5": -41.3, "pred_tp6": 103.5, "resid_tp6": -38.9}}, {"type": "Feature", "geometry": {"type": "Point", "coordinates": [-96.6164793, 40.8522773]}, "properties": {"plot_id": "Lincoln-hybrids-6-5", "site_id": "Lincoln", "year": 2022, "actual": 66.13, "pred_records": 125.4, "resid_records": -59.3, "pred_tp1": 135.8, "resid_tp1": -69.7, "pred_tp2": 129.3, "resid_tp2": -63.2, "pred_tp3": 126.3, "resid_tp3": -60.2, "pred_tp4": 117.2, "resid_tp4": -51.1, "pred_tp5": 130.0, "resid_tp5": -63.9, "pred_tp6": 132.3, "resid_tp6": -66.2}}, {"type": "Feature", "geometry": {"type": "Point", "coordinates": [-96.6164082, 40.8522759]}, "properties": {"plot_id": "Lincoln-hybrids-6-6", "site_id": "Lincoln", "year": 2022, "actual": 65.04, "pred_records": 125.4, "resid_records": -60.4, "pred_tp1": 123.5, "resid_tp1": -58.5, "pred_tp2": 111.3, "resid_tp2": -46.3, "pred_tp3": 77.3, "resid_tp3": -12.2, "pred_tp4": 99.5, "resid_tp4": -34.5, "pred_tp5": 102.9, "resid_tp5": -37.9, "pred_tp6": 110.5, "resid_tp6": -45.5}}, {"type": "Feature", "geometry": {"type": "Point", "coordinates": [-96.6163352, 40.8522757]}, "properties": {"plot_id": "Lincoln-hybrids-6-7", "site_id": "Lincoln", "year": 2022, "actual": 64.34, "pred_records": 132.7, "resid_records": -68.4, "pred_tp1": 135.3, "resid_tp1": -70.9, "pred_tp2": 116.5, "resid_tp2": -52.2, "pred_tp3": 81.8, "resid_tp3": -17.5, "pred_tp4": 108.2, "resid_tp4": -43.9, "pred_tp5": 106.5, "resid_tp5": -42.2, "pred_tp6": 112.7, "resid_tp6": -48.4}}, {"type": "Feature", "geometry": {"type": "Point", "coordinates": [-96.6162641, 40.8522756]}, "properties": {"plot_id": "Lincoln-hybrids-6-8", "site_id": "Lincoln", "year": 2022, "actual": 19.0, "pred_records": 114.3, "resid_records": -95.3, "pred_tp1": 112.2, "resid_tp1": -93.2, "pred_tp2": 107.8, "resid_tp2": -88.8, "pred_tp3": 93.2, "resid_tp3": -74.2, "pred_tp4": 95.7, "resid_tp4": -76.7, "pred_tp5": 98.0, "resid_tp5": -79.0, "pred_tp6": 102.7, "resid_tp6": -83.7}}, {"type": "Feature", "geometry": {"type": "Point", "coordinates": [-96.6161912, 40.8522741]}, "properties": {"plot_id": "Lincoln-hybrids-6-9", "site_id": "Lincoln", "year": 2022, "actual": 37.78, "pred_records": 112.0, "resid_records": -74.3, "pred_tp1": 112.4, "resid_tp1": -74.6, "pred_tp2": 120.4, "resid_tp2": -82.6, "pred_tp3": 97.9, "resid_tp3": -60.1, "pred_tp4": 109.3, "resid_tp4": -71.5, "pred_tp5": 109.0, "resid_tp5": -71.2, "pred_tp6": 112.8, "resid_tp6": -75.0}}, {"type": "Feature", "geometry": {"type": "Point", "coordinates": [-96.6161192, 40.8522469]}, "properties": {"plot_id": "Lincoln-hybrids-7-10", "site_id": "Lincoln", "year": 2022, "actual": 47.79, "pred_records": 112.0, "resid_records": -64.2, "pred_tp1": 116.1, "resid_tp1": -68.3, "pred_tp2": 112.1, "resid_tp2": -64.3, "pred_tp3": 97.8, "resid_tp3": -50.0, "pred_tp4": 101.1, "resid_tp4": -53.3, "pred_tp5": 106.7, "resid_tp5": -58.9, "pred_tp6": 114.3, "resid_tp6": -66.5}}, {"type": "Feature", "geometry": {"type": "Point", "coordinates": [-96.616048, 40.8522468]}, "properties": {"plot_id": "Lincoln-hybrids-7-11", "site_id": "Lincoln", "year": 2022, "actual": 49.67, "pred_records": 114.0, "resid_records": -64.3, "pred_tp1": 130.9, "resid_tp1": -81.3, "pred_tp2": 131.8, "resid_tp2": -82.1, "pred_tp3": 111.4, "resid_tp3": -61.7, "pred_tp4": 118.1, "resid_tp4": -68.4, "pred_tp5": 126.3, "resid_tp5": -76.6, "pred_tp6": 133.1, "resid_tp6": -83.5}}, {"type": "Feature", "geometry": {"type": "Point", "coordinates": [-96.6159769, 40.8522453]}, "properties": {"plot_id": "Lincoln-hybrids-7-12", "site_id": "Lincoln", "year": 2022, "actual": 37.47, "pred_records": 125.2, "resid_records": -87.7, "pred_tp1": 115.0, "resid_tp1": -77.6, "pred_tp2": 112.3, "resid_tp2": -74.8, "pred_tp3": 92.3, "resid_tp3": -54.8, "pred_tp4": 100.9, "resid_tp4": -63.4, "pred_tp5": 102.4, "resid_tp5": -64.9, "pred_tp6": 113.8, "resid_tp6": -76.4}}, {"type": "Feature", "geometry": {"type": "Point", "coordinates": [-96.615904, 40.8522438]}, "properties": {"plot_id": "Lincoln-hybrids-7-13", "site_id": "Lincoln", "year": 2022, "actual": 88.29, "pred_records": 150.5, "resid_records": -62.2, "pred_tp1": 143.1, "resid_tp1": -54.8, "pred_tp2": 137.2, "resid_tp2": -48.9, "pred_tp3": 101.6, "resid_tp3": -13.3, "pred_tp4": 112.3, "resid_tp4": -24.1, "pred_tp5": 115.2, "resid_tp5": -26.9, "pred_tp6": 129.4, "resid_tp6": -41.1}}, {"type": "Feature", "geometry": {"type": "Point", "coordinates": [-96.6157599, 40.8522435]}, "properties": {"plot_id": "Lincoln-hybrids-7-15", "site_id": "Lincoln", "year": 2022, "actual": 99.9, "pred_records": 156.9, "resid_records": -57.0, "pred_tp1": 153.0, "resid_tp1": -53.1, "pred_tp2": 146.0, "resid_tp2": -46.1, "pred_tp3": 138.1, "resid_tp3": -38.2, "pred_tp4": 132.6, "resid_tp4": -32.7, "pred_tp5": 134.0, "resid_tp5": -34.1, "pred_tp6": 143.2, "resid_tp6": -43.3}}, {"type": "Feature", "geometry": {"type": "Point", "coordinates": [-96.6156888, 40.8522421]}, "properties": {"plot_id": "Lincoln-hybrids-7-16", "site_id": "Lincoln", "year": 2022, "actual": 57.0, "pred_records": 140.8, "resid_records": -83.8, "pred_tp1": 119.8, "resid_tp1": -62.8, "pred_tp2": 119.3, "resid_tp2": -62.3, "pred_tp3": 109.4, "resid_tp3": -52.4, "pred_tp4": 104.9, "resid_tp4": -47.9, "pred_tp5": 114.1, "resid_tp5": -57.1, "pred_tp6": 112.7, "resid_tp6": -55.7}}, {"type": "Feature", "geometry": {"type": "Point", "coordinates": [-96.6156158, 40.8522419]}, "properties": {"plot_id": "Lincoln-hybrids-7-17", "site_id": "Lincoln", "year": 2022, "actual": 86.01, "pred_records": 130.0, "resid_records": -44.0, "pred_tp1": 142.1, "resid_tp1": -56.1, "pred_tp2": 139.7, "resid_tp2": -53.7, "pred_tp3": 108.0, "resid_tp3": -22.0, "pred_tp4": 102.5, "resid_tp4": -16.5, "pred_tp5": 113.1, "resid_tp5": -27.1, "pred_tp6": 119.7, "resid_tp6": -33.7}}, {"type": "Feature", "geometry": {"type": "Point", "coordinates": [-96.6155446, 40.8522418]}, "properties": {"plot_id": "Lincoln-hybrids-7-18", "site_id": "Lincoln", "year": 2022, "actual": 129.79, "pred_records": 147.0, "resid_records": -17.2, "pred_tp1": 150.2, "resid_tp1": -20.5, "pred_tp2": 140.4, "resid_tp2": -10.6, "pred_tp3": 134.0, "resid_tp3": -4.2, "pred_tp4": 129.6, "resid_tp4": 0.2, "pred_tp5": 131.9, "resid_tp5": -2.1, "pred_tp6": 135.9, "resid_tp6": -6.1}}, {"type": "Feature", "geometry": {"type": "Point", "coordinates": [-96.6154717, 40.8522403]}, "properties": {"plot_id": "Lincoln-hybrids-7-19", "site_id": "Lincoln", "year": 2022, "actual": 37.04, "pred_records": 129.9, "resid_records": -92.9, "pred_tp1": 127.5, "resid_tp1": -90.5, "pred_tp2": 123.7, "resid_tp2": -86.7, "pred_tp3": 99.1, "resid_tp3": -62.1, "pred_tp4": 109.5, "resid_tp4": -72.4, "pred_tp5": 112.7, "resid_tp5": -75.6, "pred_tp6": 111.6, "resid_tp6": -74.5}}, {"type": "Feature", "geometry": {"type": "Point", "coordinates": [-96.6166955, 40.8522521]}, "properties": {"plot_id": "Lincoln-hybrids-7-2", "site_id": "Lincoln", "year": 2022, "actual": 32.33, "pred_records": 138.2, "resid_records": -105.9, "pred_tp1": 145.5, "resid_tp1": -113.2, "pred_tp2": 124.1, "resid_tp2": -91.8, "pred_tp3": 125.1, "resid_tp3": -92.7, "pred_tp4": 126.3, "resid_tp4": -94.0, "pred_tp5": 114.9, "resid_tp5": -82.5, "pred_tp6": 118.8, "resid_tp6": -86.5}}, {"type": "Feature", "geometry": {"type": "Point", "coordinates": [-96.6154006, 40.8522388]}, "properties": {"plot_id": "Lincoln-hybrids-7-20", "site_id": "Lincoln", "year": 2022, "actual": 6.67, "pred_records": 131.2, "resid_records": -124.5, "pred_tp1": 114.2, "resid_tp1": -107.5, "pred_tp2": 111.6, "resid_tp2": -104.9, "pred_tp3": 99.0, "resid_tp3": -92.3, "pred_tp4": 101.7, "resid_tp4": -95.0, "pred_tp5": 103.4, "resid_tp5": -96.7, "pred_tp6": 105.0, "resid_tp6": -98.3}}, {"type": "Feature", "geometry": {"type": "Point", "coordinates": [-96.6153294, 40.8522387]}, "properties": {"plot_id": "Lincoln-hybrids-7-21", "site_id": "Lincoln", "year": 2022, "actual": 40.09, "pred_records": 134.0, "resid_records": -93.9, "pred_tp1": 119.6, "resid_tp1": -79.6, "pred_tp2": 119.9, "resid_tp2": -79.8, "pred_tp3": 94.2, "resid_tp3": -54.2, "pred_tp4": 107.1, "resid_tp4": -67.0, "pred_tp5": 107.8, "resid_tp5": -67.7, "pred_tp6": 113.4, "resid_tp6": -73.3}}, {"type": "Feature", "geometry": {"type": "Point", "coordinates": [-96.6152565, 40.8522385]}, "properties": {"plot_id": "Lincoln-hybrids-7-22", "site_id": "Lincoln", "year": 2022, "actual": 42.46, "pred_records": 148.7, "resid_records": -106.2, "pred_tp1": 145.2, "resid_tp1": -102.8, "pred_tp2": 129.4, "resid_tp2": -86.9, "pred_tp3": 114.3, "resid_tp3": -71.8, "pred_tp4": 120.7, "resid_tp4": -78.2, "pred_tp5": 117.7, "resid_tp5": -75.2, "pred_tp6": 126.3, "resid_tp6": -83.9}}, {"type": "Feature", "geometry": {"type": "Point", "coordinates": [-96.6151836, 40.852237]}, "properties": {"plot_id": "Lincoln-hybrids-7-23", "site_id": "Lincoln", "year": 2022, "actual": 25.03, "pred_records": 100.1, "resid_records": -75.0, "pred_tp1": 89.9, "resid_tp1": -64.9, "pred_tp2": 110.0, "resid_tp2": -84.9, "pred_tp3": 86.6, "resid_tp3": -61.6, "pred_tp4": 105.0, "resid_tp4": -80.0, "pred_tp5": 99.9, "resid_tp5": -74.9, "pred_tp6": 99.2, "resid_tp6": -74.2}}, {"type": "Feature", "geometry": {"type": "Point", "coordinates": [-96.6151124, 40.8522369]}, "properties": {"plot_id": "Lincoln-hybrids-7-24", "site_id": "Lincoln", "year": 2022, "actual": 13.01, "pred_records": 135.8, "resid_records": -122.8, "pred_tp1": 120.1, "resid_tp1": -107.0, "pred_tp2": 114.4, "resid_tp2": -101.4, "pred_tp3": 124.2, "resid_tp3": -111.2, "pred_tp4": 112.2, "resid_tp4": -99.2, "pred_tp5": 111.1, "resid_tp5": -98.1, "pred_tp6": 114.0, "resid_tp6": -101.0}}, {"type": "Feature", "geometry": {"type": "Point", "coordinates": [-96.6150413, 40.8522368]}, "properties": {"plot_id": "Lincoln-hybrids-7-25", "site_id": "Lincoln", "year": 2022, "actual": 24.09, "pred_records": 129.9, "resid_records": -105.8, "pred_tp1": 111.1, "resid_tp1": -87.0, "pred_tp2": 121.8, "resid_tp2": -97.7, "pred_tp3": 106.9, "resid_tp3": -82.8, "pred_tp4": 110.9, "resid_tp4": -86.8, "pred_tp5": 104.0, "resid_tp5": -79.9, "pred_tp6": 112.4, "resid_tp6": -88.3}}, {"type": "Feature", "geometry": {"type": "Point", "coordinates": [-96.6149684, 40.8522353]}, "properties": {"plot_id": "Lincoln-hybrids-7-26", "site_id": "Lincoln", "year": 2022, "actual": 7.57, "pred_records": 149.7, "resid_records": -142.1, "pred_tp1": 126.1, "resid_tp1": -118.5, "pred_tp2": 132.4, "resid_tp2": -124.8, "pred_tp3": 133.9, "resid_tp3": -126.3, "pred_tp4": 130.5, "resid_tp4": -122.9, "pred_tp5": 122.4, "resid_tp5": -114.9, "pred_tp6": 132.2, "resid_tp6": -124.7}}, {"type": "Feature", "geometry": {"type": "Point", "coordinates": [-96.6148243, 40.8522336]}, "properties": {"plot_id": "Lincoln-hybrids-7-28", "site_id": "Lincoln", "year": 2022, "actual": 41.09, "pred_records": 89.4, "resid_records": -48.3, "pred_tp1": 94.5, "resid_tp1": -53.4, "pred_tp2": 96.0, "resid_tp2": -54.9, "pred_tp3": 98.5, "resid_tp3": -57.4, "pred_tp4": 110.8, "resid_tp4": -69.7, "pred_tp5": 101.4, "resid_tp5": -60.4, "pred_tp6": 110.7, "resid_tp6": -69.6}}, {"type": "Feature", "geometry": {"type": "Point", "coordinates": [-96.6147531, 40.8522335]}, "properties": {"plot_id": "Lincoln-hybrids-7-29", "site_id": "Lincoln", "year": 2022, "actual": 29.95, "pred_records": 134.5, "resid_records": -104.6, "pred_tp1": 137.6, "resid_tp1": -107.7, "pred_tp2": 123.3, "resid_tp2": -93.4, "pred_tp3": 113.7, "resid_tp3": -83.8, "pred_tp4": 119.7, "resid_tp4": -89.8, "pred_tp5": 117.3, "resid_tp5": -87.3, "pred_tp6": 128.9, "resid_tp6": -98.9}}, {"type": "Feature", "geometry": {"type": "Point", "coordinates": [-96.6166243, 40.852252]}, "properties": {"plot_id": "Lincoln-hybrids-7-3", "site_id": "Lincoln", "year": 2022, "actual": 54.66, "pred_records": 125.4, "resid_records": -70.8, "pred_tp1": 125.9, "resid_tp1": -71.3, "pred_tp2": 129.4, "resid_tp2": -74.7, "pred_tp3": 108.3, "resid_tp3": -53.7, "pred_tp4": 112.1, "resid_tp4": -57.4, "pred_tp5": 121.0, "resid_tp5": -66.3, "pred_tp6": 127.7, "resid_tp6": -73.0}}, {"type": "Feature", "geometry": {"type": "Point", "coordinates": [-96.614682, 40.852232]}, "properties": {"plot_id": "Lincoln-hybrids-7-30", "site_id": "Lincoln", "year": 2022, "actual": 23.87, "pred_records": 130.9, "resid_records": -107.1, "pred_tp1": 101.8, "resid_tp1": -77.9, "pred_tp2": 107.3, "resid_tp2": -83.5, "pred_tp3": 112.0, "resid_tp3": -88.1, "pred_tp4": 117.1, "resid_tp4": -93.2, "pred_tp5": 112.3, "resid_tp5": -88.4, "pred_tp6": 119.5, "resid_tp6": -95.6}}, {"type": "Feature", "geometry": {"type": "Point", "coordinates": [-96.614609, 40.8522319]}, "properties": {"plot_id": "Lincoln-hybrids-7-31", "site_id": "Lincoln", "year": 2022, "actual": 23.48, "pred_records": 110.8, "resid_records": -87.4, "pred_tp1": 113.0, "resid_tp1": -89.6, "pred_tp2": 116.7, "resid_tp2": -93.2, "pred_tp3": 112.5, "resid_tp3": -89.0, "pred_tp4": 115.8, "resid_tp4": -92.3, "pred_tp5": 116.6, "resid_tp5": -93.1, "pred_tp6": 130.9, "resid_tp6": -107.4}}, {"type": "Feature", "geometry": {"type": "Point", "coordinates": [-96.6145361, 40.8522317]}, "properties": {"plot_id": "Lincoln-hybrids-7-32", "site_id": "Lincoln", "year": 2022, "actual": 20.75, "pred_records": 113.6, "resid_records": -92.9, "pred_tp1": 104.8, "resid_tp1": -84.1, "pred_tp2": 103.7, "resid_tp2": -83.0, "pred_tp3": 113.1, "resid_tp3": -92.3, "pred_tp4": 108.6, "resid_tp4": -87.9, "pred_tp5": 105.6, "resid_tp5": -84.9, "pred_tp6": 107.7, "resid_tp6": -86.9}}, {"type": "Feature", "geometry": {"type": "Point", "coordinates": [-96.614465, 40.8522303]}, "properties": {"plot_id": "Lincoln-hybrids-7-33", "site_id": "Lincoln", "year": 2022, "actual": 16.97, "pred_records": 143.6, "resid_records": -126.6, "pred_tp1": 114.0, "resid_tp1": -97.0, "pred_tp2": 117.8, "resid_tp2": -100.8, "pred_tp3": 100.6, "resid_tp3": -83.6, "pred_tp4": 114.0, "resid_tp4": -97.0, "pred_tp5": 100.5, "resid_tp5": -83.6, "pred_tp6": 116.5, "resid_tp6": -99.6}}, {"type": "Feature", "geometry": {"type": "Point", "coordinates": [-96.6143938, 40.8522301]}, "properties": {"plot_id": "Lincoln-hybrids-7-34", "site_id": "Lincoln", "year": 2022, "actual": 26.54, "pred_records": 126.3, "resid_records": -99.7, "pred_tp1": 128.2, "resid_tp1": -101.7, "pred_tp2": 114.2, "resid_tp2": -87.7, "pred_tp3": 89.4, "resid_tp3": -62.8, "pred_tp4": 110.1, "resid_tp4": -83.6, "pred_tp5": 107.9, "resid_tp5": -81.3, "pred_tp6": 113.4, "resid_tp6": -86.9}}, {"type": "Feature", "geometry": {"type": "Point", "coordinates": [-96.6143209, 40.85223]}, "properties": {"plot_id": "Lincoln-hybrids-7-35", "site_id": "Lincoln", "year": 2022, "actual": 15.62, "pred_records": 109.7, "resid_records": -94.1, "pred_tp1": 110.6, "resid_tp1": -94.9, "pred_tp2": 99.3, "resid_tp2": -83.6, "pred_tp3": 102.1, "resid_tp3": -86.5, "pred_tp4": 113.6, "resid_tp4": -98.0, "pred_tp5": 108.2, "resid_tp5": -92.6, "pred_tp6": 118.3, "resid_tp6": -102.7}}, {"type": "Feature", "geometry": {"type": "Point", "coordinates": [-96.6142497, 40.8522285]}, "properties": {"plot_id": "Lincoln-hybrids-7-36", "site_id": "Lincoln", "year": 2022, "actual": 19.47, "pred_records": 126.6, "resid_records": -107.1, "pred_tp1": 121.6, "resid_tp1": -102.1, "pred_tp2": 116.3, "resid_tp2": -96.8, "pred_tp3": 117.4, "resid_tp3": -97.9, "pred_tp4": 116.9, "resid_tp4": -97.4, "pred_tp5": 107.7, "resid_tp5": -88.2, "pred_tp6": 129.0, "resid_tp6": -109.5}}, {"type": "Feature", "geometry": {"type": "Point", "coordinates": [-96.6141768, 40.852227]}, "properties": {"plot_id": "Lincoln-hybrids-7-37", "site_id": "Lincoln", "year": 2022, "actual": 18.11, "pred_records": 134.3, "resid_records": -116.2, "pred_tp1": 133.3, "resid_tp1": -115.2, "pred_tp2": 116.9, "resid_tp2": -98.8, "pred_tp3": 129.4, "resid_tp3": -111.3, "pred_tp4": 125.8, "resid_tp4": -107.7, "pred_tp5": 120.8, "resid_tp5": -102.7, "pred_tp6": 132.9, "resid_tp6": -114.8}}, {"type": "Feature", "geometry": {"type": "Point", "coordinates": [-96.6141057, 40.8522269]}, "properties": {"plot_id": "Lincoln-hybrids-7-38", "site_id": "Lincoln", "year": 2022, "actual": 22.45, "pred_records": 128.8, "resid_records": -106.3, "pred_tp1": 121.3, "resid_tp1": -98.8, "pred_tp2": 108.0, "resid_tp2": -85.5, "pred_tp3": 117.3, "resid_tp3": -94.8, "pred_tp4": 119.5, "resid_tp4": -97.0, "pred_tp5": 109.7, "resid_tp5": -87.3, "pred_tp6": 118.7, "resid_tp6": -96.2}}, {"type": "Feature", "geometry": {"type": "Point", "coordinates": [-96.6140345, 40.8522268]}, "properties": {"plot_id": "Lincoln-hybrids-7-39", "site_id": "Lincoln", "year": 2022, "actual": 17.87, "pred_records": 136.4, "resid_records": -118.5, "pred_tp1": 115.6, "resid_tp1": -97.7, "pred_tp2": 105.4, "resid_tp2": -87.5, "pred_tp3": 119.0, "resid_tp3": -101.1, "pred_tp4": 112.7, "resid_tp4": -94.8, "pred_tp5": 108.9, "resid_tp5": -91.0, "pred_tp6": 122.8, "resid_tp6": -105.0}}, {"type": "Feature", "geometry": {"type": "Point", "coordinates": [-96.6165514, 40.8522504]}, "properties": {"plot_id": "Lincoln-hybrids-7-4", "site_id": "Lincoln", "year": 2022, "actual": 31.92, "pred_records": 123.8, "resid_records": -91.8, "pred_tp1": 150.5, "resid_tp1": -118.5, "pred_tp2": 121.7, "resid_tp2": -89.8, "pred_tp3": 120.8, "resid_tp3": -88.9, "pred_tp4": 118.2, "resid_tp4": -86.2, "pred_tp5": 114.1, "resid_tp5": -82.2, "pred_tp6": 118.7, "resid_tp6": -86.8}}, {"type": "Feature", "geometry": {"type": "Point", "coordinates": [-96.6164803, 40.8522503]}, "properties": {"plot_id": "Lincoln-hybrids-7-5", "site_id": "Lincoln", "year": 2022, "actual": 31.01, "pred_records": 65.1, "resid_records": -34.1, "pred_tp1": 94.4, "resid_tp1": -63.4, "pred_tp2": 88.8, "resid_tp2": -57.8, "pred_tp3": 66.8, "resid_tp3": -35.8, "pred_tp4": 87.2, "resid_tp4": -56.1, "pred_tp5": 97.8, "resid_tp5": -66.8, "pred_tp6": 89.2, "resid_tp6": -58.2}}, {"type": "Feature", "geometry": {"type": "Point", "coordinates": [-96.6164074, 40.8522488]}, "properties": {"plot_id": "Lincoln-hybrids-7-6", "site_id": "Lincoln", "year": 2022, "actual": 23.71, "pred_records": 122.0, "resid_records": -98.3, "pred_tp1": 127.1, "resid_tp1": -103.4, "pred_tp2": 111.2, "resid_tp2": -87.5, "pred_tp3": 89.7, "resid_tp3": -66.0, "pred_tp4": 98.0, "resid_tp4": -74.3, "pred_tp5": 107.8, "resid_tp5": -84.1, "pred_tp6": 110.0, "resid_tp6": -86.3}}, {"type": "Feature", "geometry": {"type": "Point", "coordinates": [-96.6163362, 40.8522487]}, "properties": {"plot_id": "Lincoln-hybrids-7-7", "site_id": "Lincoln", "year": 2022, "actual": 12.24, "pred_records": 125.4, "resid_records": -113.2, "pred_tp1": 112.1, "resid_tp1": -99.8, "pred_tp2": 110.2, "resid_tp2": -98.0, "pred_tp3": 103.3, "resid_tp3": -91.0, "pred_tp4": 95.7, "resid_tp4": -83.5, "pred_tp5": 99.7, "resid_tp5": -87.5, "pred_tp6": 107.8, "resid_tp6": -95.5}}, {"type": "Feature", "geometry": {"type": "Point", "coordinates": [-96.6162633, 40.8522485]}, "properties": {"plot_id": "Lincoln-hybrids-7-8", "site_id": "Lincoln", "year": 2022, "actual": 36.83, "pred_records": 114.1, "resid_records": -77.3, "pred_tp1": 104.3, "resid_tp1": -67.5, "pred_tp2": 108.1, "resid_tp2": -71.2, "pred_tp3": 82.9, "resid_tp3": -46.1, "pred_tp4": 99.8, "resid_tp4": -63.0, "pred_tp5": 99.2, "resid_tp5": -62.4, "pred_tp6": 109.0, "resid_tp6": -72.1}}, {"type": "Feature", "geometry": {"type": "Point", "coordinates": [-96.6161921, 40.8522471]}, "properties": {"plot_id": "Lincoln-hybrids-7-9", "site_id": "Lincoln", "year": 2022, "actual": 13.33, "pred_records": 124.7, "resid_records": -111.4, "pred_tp1": 111.8, "resid_tp1": -98.5, "pred_tp2": 117.3, "resid_tp2": -104.0, "pred_tp3": 129.8, "resid_tp3": -116.5, "pred_tp4": 121.7, "resid_tp4": -108.4, "pred_tp5": 110.1, "resid_tp5": -96.8, "pred_tp6": 116.6, "resid_tp6": -103.3}}, {"type": "Feature", "geometry": {"type": "Point", "coordinates": [-96.6161202, 40.8522199]}, "properties": {"plot_id": "Lincoln-hybrids-8-10", "site_id": "Lincoln", "year": 2022, "actual": 50.72, "pred_records": 150.5, "resid_records": -99.8, "pred_tp1": 140.5, "resid_tp1": -89.7, "pred_tp2": 137.3, "resid_tp2": -86.5, "pred_tp3": 111.9, "resid_tp3": -61.1, "pred_tp4": 114.8, "resid_tp4": -64.1, "pred_tp5": 122.1, "resid_tp5": -71.4, "pred_tp6": 131.5, "resid_tp6": -80.8}}, {"type": "Feature", "geometry": {"type": "Point", "coordinates": [-96.616049, 40.8522184]}, "properties": {"plot_id": "Lincoln-hybrids-8-11", "site_id": "Lincoln", "year": 2022, "actual": 105.55, "pred_records": 150.5, "resid_records": -45.0, "pred_tp1": 158.3, "resid_tp1": -52.8, "pred_tp2": 160.1, "resid_tp2": -54.6, "pred_tp3": 121.8, "resid_tp3": -16.3, "pred_tp4": 134.3, "resid_tp4": -28.8, "pred_tp5": 139.4, "resid_tp5": -33.9, "pred_tp6": 142.2, "resid_tp6": -36.7}}, {"type": "Feature", "geometry": {"type": "Point", "coordinates": [-96.6159761, 40.8522183]}, "properties": {"plot_id": "Lincoln-hybrids-8-12", "site_id": "Lincoln", "year": 2022, "actual": 82.11, "pred_records": 150.5, "resid_records": -68.4, "pred_tp1": 146.6, "resid_tp1": -64.5, "pred_tp2": 149.4, "resid_tp2": -67.3, "pred_tp3": 104.9, "resid_tp3": -22.8, "pred_tp4": 117.3, "resid_tp4": -35.2, "pred_tp5": 131.5, "resid_tp5": -49.4, "pred_tp6": 134.0, "resid_tp6": -51.9}}, {"type": "Feature", "geometry": {"type": "Point", "coordinates": [-96.615905, 40.8522168]}, "properties": {"plot_id": "Lincoln-hybrids-8-13", "site_id": "Lincoln", "year": 2022, "actual": 64.3, "pred_records": 125.1, "resid_records": -60.8, "pred_tp1": 127.2, "resid_tp1": -62.9, "pred_tp2": 112.9, "resid_tp2": -48.6, "pred_tp3": 109.1, "resid_tp3": -44.8, "pred_tp4": 102.2, "resid_tp4": -37.9, "pred_tp5": 110.4, "resid_tp5": -46.1, "pred_tp6": 110.9, "resid_tp6": -46.6}}, {"type": "Feature", "geometry": {"type": "Point", "coordinates": [-96.6157608, 40.8522165]}, "properties": {"plot_id": "Lincoln-hybrids-8-15", "site_id": "Lincoln", "year": 2022, "actual": 91.51, "pred_records": 135.0, "resid_records": -43.5, "pred_tp1": 138.5, "resid_tp1": -47.0, "pred_tp2": 132.8, "resid_tp2": -41.3, "pred_tp3": 127.2, "resid_tp3": -35.7, "pred_tp4": 123.3, "resid_tp4": -31.8, "pred_tp5": 128.2, "resid_tp5": -36.7, "pred_tp6": 128.7, "resid_tp6": -37.2}}, {"type": "Feature", "geometry": {"type": "Point", "coordinates": [-96.6156879, 40.852215]}, "properties": {"plot_id": "Lincoln-hybrids-8-16", "site_id": "Lincoln", "year": 2022, "actual": 57.37, "pred_records": 148.3, "resid_records": -90.9, "pred_tp1": 138.1, "resid_tp1": -80.7, "pred_tp2": 129.4, "resid_tp2": -72.1, "pred_tp3": 124.6, "resid_tp3": -67.2, "pred_tp4": 119.0, "resid_tp4": -61.7, "pred_tp5": 117.1, "resid_tp5": -59.8, "pred_tp6": 124.3, "resid_tp6": -66.9}}, {"type": "Feature", "geometry": {"type": "Point", "coordinates": [-96.6156168, 40.8522149]}, "properties": {"plot_id": "Lincoln-hybrids-8-17", "site_id": "Lincoln", "year": 2022, "actual": 74.51, "pred_records": 159.1, "resid_records": -84.6, "pred_tp1": 141.3, "resid_tp1": -66.8, "pred_tp2": 148.6, "resid_tp2": -74.1, "pred_tp3": 136.4, "resid_tp3": -61.9, "pred_tp4": 126.3, "resid_tp4": -51.8, "pred_tp5": 127.8, "resid_tp5": -53.3, "pred_tp6": 139.4, "resid_tp6": -64.9}}, {"type": "Feature", "geometry": {"type": "Point", "coordinates": [-96.6155438, 40.8522147]}, "properties": {"plot_id": "Lincoln-hybrids-8-18", "site_id": "Lincoln", "year": 2022, "actual": 70.75, "pred_records": 99.1, "resid_records": -28.4, "pred_tp1": 108.2, "resid_tp1": -37.4, "pred_tp2": 120.9, "resid_tp2": -50.2, "pred_tp3": 82.9, "resid_tp3": -12.1, "pred_tp4": 101.2, "resid_tp4": -30.5, "pred_tp5": 101.6, "resid_tp5": -30.9, "pred_tp6": 104.4, "resid_tp6": -33.7}}, {"type": "Feature", "geometry": {"type": "Point", "coordinates": [-96.6154727, 40.8522133]}, "properties": {"plot_id": "Lincoln-hybrids-8-19", "site_id": "Lincoln", "year": 2022, "actual": 95.41, "pred_records": 131.8, "resid_records": -36.4, "pred_tp1": 123.0, "resid_tp1": -27.6, "pred_tp2": 130.3, "resid_tp2": -34.9, "pred_tp3": 107.4, "resid_tp3": -12.0, "pred_tp4": 116.3, "resid_tp4": -20.9, "pred_tp5": 118.3, "resid_tp5": -22.9, "pred_tp6": 115.5, "resid_tp6": -20.1}}, {"type": "Feature", "geometry": {"type": "Point", "coordinates": [-96.6166965, 40.8522251]}, "properties": {"plot_id": "Lincoln-hybrids-8-2", "site_id": "Lincoln", "year": 2022, "actual": 98.82, "pred_records": 153.5, "resid_records": -54.7, "pred_tp1": 144.3, "resid_tp1": -45.4, "pred_tp2": 153.9, "resid_tp2": -55.0, "pred_tp3": 135.0, "resid_tp3": -36.2, "pred_tp4": 137.5, "resid_tp4": -38.7, "pred_tp5": 141.8, "resid_tp5": -43.0, "pred_tp6": 155.7, "resid_tp6": -56.8}}, {"type": "Feature", "geometry": {"type": "Point", "coordinates": [-96.6154016, 40.8522118]}, "properties": {"plot_id": "Lincoln-hybrids-8-20", "site_id": "Lincoln", "year": 2022, "actual": 41.8, "pred_records": 143.6, "resid_records": -101.8, "pred_tp1": 130.0, "resid_tp1": -88.2, "pred_tp2": 125.9, "resid_tp2": -84.1, "pred_tp3": 127.0, "resid_tp3": -85.2, "pred_tp4": 111.2, "resid_tp4": -69.4, "pred_tp5": 112.6, "resid_tp5": -70.8, "pred_tp6": 119.7, "resid_tp6": -77.9}}, {"type": "Feature", "geometry": {"type": "Point", "coordinates": [-96.6153286, 40.8522116]}, "properties": {"plot_id": "Lincoln-hybrids-8-21", "site_id": "Lincoln", "year": 2022, "actual": 20.78, "pred_records": 151.7, "resid_records": -130.9, "pred_tp1": 126.6, "resid_tp1": -105.8, "pred_tp2": 126.7, "resid_tp2": -105.9, "pred_tp3": 107.0, "resid_tp3": -86.3, "pred_tp4": 115.7, "resid_tp4": -95.0, "pred_tp5": 114.7, "resid_tp5": -93.9, "pred_tp6": 117.6, "resid_tp6": -96.9}}, {"type": "Feature", "geometry": {"type": "Point", "coordinates": [-96.6152575, 40.8522115]}, "properties": {"plot_id": "Lincoln-hybrids-8-22", "site_id": "Lincoln", "year": 2022, "actual": 89.93, "pred_records": 156.9, "resid_records": -67.0, "pred_tp1": 152.6, "resid_tp1": -62.6, "pred_tp2": 146.5, "resid_tp2": -56.6, "pred_tp3": 106.8, "resid_tp3": -16.9, "pred_tp4": 115.7, "resid_tp4": -25.8, "pred_tp5": 122.6, "resid_tp5": -32.7, "pred_tp6": 136.1, "resid_tp6": -46.1}}, {"type": "Feature", "geometry": {"type": "Point", "coordinates": [-96.6151846, 40.85221]}, "properties": {"plot_id": "Lincoln-hybrids-8-23", "site_id": "Lincoln", "year": 2022, "actual": 43.09, "pred_records": 156.9, "resid_records": -113.8, "pred_tp1": 119.1, "resid_tp1": -76.0, "pred_tp2": 126.7, "resid_tp2": -83.6, "pred_tp3": 105.2, "resid_tp3": -62.1, "pred_tp4": 116.6, "resid_tp4": -73.5, "pred_tp5": 113.5, "resid_tp5": -70.4, "pred_tp6": 120.1, "resid_tp6": -77.0}}, {"type": "Feature", "geometry": {"type": "Point", "coordinates": [-96.6151134, 40.8522099]}, "properties": {"plot_id": "Lincoln-hybrids-8-24", "site_id": "Lincoln", "year": 2022, "actual": 86.26, "pred_records": 156.9, "resid_records": -70.6, "pred_tp1": 154.9, "resid_tp1": -68.6, "pred_tp2": 143.6, "resid_tp2": -57.4, "pred_tp3": 120.7, "resid_tp3": -34.4, "pred_tp4": 117.0, "resid_tp4": -30.8, "pred_tp5": 120.8, "resid_tp5": -34.6, "pred_tp6": 126.7, "resid_tp6": -40.5}}, {"type": "Feature", "geometry": {"type": "Point", "coordinates": [-96.6150404, 40.8522097]}, "properties": {"plot_id": "Lincoln-hybrids-8-25", "site_id": "Lincoln", "year": 2022, "actual": 71.29, "pred_records": 156.9, "resid_records": -85.6, "pred_tp1": 160.1, "resid_tp1": -88.9, "pred_tp2": 134.5, "resid_tp2": -63.3, "pred_tp3": 94.2, "resid_tp3": -22.9, "pred_tp4": 107.8, "resid_tp4": -36.5, "pred_tp5": 113.7, "resid_tp5": -42.4, "pred_tp6": 123.4, "resid_tp6": -52.1}}, {"type": "Feature", "geometry": {"type": "Point", "coordinates": [-96.6149693, 40.8522083]}, "properties": {"plot_id": "Lincoln-hybrids-8-26", "site_id": "Lincoln", "year": 2022, "actual": 53.91, "pred_records": 150.1, "resid_records": -96.2, "pred_tp1": 134.8, "resid_tp1": -80.9, "pred_tp2": 128.8, "resid_tp2": -74.9, "pred_tp3": 110.5, "resid_tp3": -56.6, "pred_tp4": 120.4, "resid_tp4": -66.5, "pred_tp5": 120.7, "resid_tp5": -66.8, "pred_tp6": 131.1, "resid_tp6": -77.2}}, {"type": "Feature", "geometry": {"type": "Point", "coordinates": [-96.6148253, 40.8522066]}, "properties": {"plot_id": "Lincoln-hybrids-8-28", "site_id": "Lincoln", "year": 2022, "actual": 48.92, "pred_records": 113.6, "resid_records": -64.7, "pred_tp1": 116.8, "resid_tp1": -67.8, "pred_tp2": 105.4, "resid_tp2": -56.5, "pred_tp3": 103.3, "resid_tp3": -54.3, "pred_tp4": 109.5, "resid_tp4": -60.6, "pred_tp5": 110.0, "resid_tp5": -61.1, "pred_tp6": 118.3, "resid_tp6": -69.3}}, {"type": "Feature", "geometry": {"type": "Point", "coordinates": [-96.6147541, 40.8522065]}, "properties": {"plot_id": "Lincoln-hybrids-8-29", "site_id": "Lincoln", "year": 2022, "actual": 11.6, "pred_records": 113.0, "resid_records": -101.4, "pred_tp1": 108.3, "resid_tp1": -96.7, "pred_tp2": 104.2, "resid_tp2": -92.6, "pred_tp3": 115.7, "resid_tp3": -104.1, "pred_tp4": 113.2, "resid_tp4": -101.6, "pred_tp5": 116.9, "resid_tp5": -105.3, "pred_tp6": 125.6, "resid_tp6": -114.0}}, {"type": "Feature", "geometry": {"type": "Point", "coordinates": [-96.6166236, 40.8522236]}, "properties": {"plot_id": "Lincoln-hybrids-8-3", "site_id": "Lincoln", "year": 2022, "actual": 70.15, "pred_records": 127.1, "resid_records": -56.9, "pred_tp1": 137.4, "resid_tp1": -67.3, "pred_tp2": 146.8, "resid_tp2": -76.6, "pred_tp3": 114.0, "resid_tp3": -43.8, "pred_tp4": 124.6, "resid_tp4": -54.5, "pred_tp5": 128.8, "resid_tp5": -58.7, "pred_tp6": 145.6, "resid_tp6": -75.4}}, {"type": "Feature", "geometry": {"type": "Point", "coordinates": [-96.6146812, 40.852205]}, "properties": {"plot_id": "Lincoln-hybrids-8-30", "site_id": "Lincoln", "year": 2022, "actual": 44.4, "pred_records": 143.8, "resid_records": -99.4, "pred_tp1": 136.3, "resid_tp1": -91.9, "pred_tp2": 129.2, "resid_tp2": -84.8, "pred_tp3": 118.9, "resid_tp3": -74.5, "pred_tp4": 133.0, "resid_tp4": -88.6, "pred_tp5": 125.4, "resid_tp5": -81.0, "pred_tp6": 138.6, "resid_tp6": -94.2}}, {"type": "Feature", "geometry": {"type": "Point", "coordinates": [-96.61461, 40.8522049]}, "properties": {"plot_id": "Lincoln-hybrids-8-31", "site_id": "Lincoln", "year": 2022, "actual": 5.06, "pred_records": 128.1, "resid_records": -123.1, "pred_tp1": 107.6, "resid_tp1": -102.5, "pred_tp2": 120.6, "resid_tp2": -115.5, "pred_tp3": 118.2, "resid_tp3": -113.2, "pred_tp4": 130.8, "resid_tp4": -125.8, "pred_tp5": 132.2, "resid_tp5": -127.2, "pred_tp6": 135.4, "resid_tp6": -130.3}}, {"type": "Feature", "geometry": {"type": "Point", "coordinates": [-96.6145371, 40.8522047]}, "properties": {"plot_id": "Lincoln-hybrids-8-32", "site_id": "Lincoln", "year": 2022, "actual": 23.4, "pred_records": 126.7, "resid_records": -103.3, "pred_tp1": 131.9, "resid_tp1": -108.5, "pred_tp2": 107.2, "resid_tp2": -83.8, "pred_tp3": 127.1, "resid_tp3": -103.7, "pred_tp4": 133.5, "resid_tp4": -110.1, "pred_tp5": 130.2, "resid_tp5": -106.8, "pred_tp6": 128.3, "resid_tp6": -104.9}}, {"type": "Feature", "geometry": {"type": "Point", "coordinates": [-96.6144659, 40.8522033]}, "properties": {"plot_id": "Lincoln-hybrids-8-33", "site_id": "Lincoln", "year": 2022, "actual": 12.73, "pred_records": 139.8, "resid_records": -127.1, "pred_tp1": 112.4, "resid_tp1": -99.7, "pred_tp2": 115.3, "resid_tp2": -102.6, "pred_tp3": 128.7, "resid_tp3": -116.0, "pred_tp4": 139.0, "resid_tp4": -126.2, "pred_tp5": 134.8, "resid_tp5": -122.1, "pred_tp6": 136.6, "resid_tp6": -123.9}}, {"type": "Feature", "geometry": {"type": "Point", "coordinates": [-96.614393, 40.8522031]}, "properties": {"plot_id": "Lincoln-hybrids-8-34", "site_id": "Lincoln", "year": 2022, "actual": 14.73, "pred_records": 138.4, "resid_records": -123.7, "pred_tp1": 113.6, "resid_tp1": -98.9, "pred_tp2": 115.9, "resid_tp2": -101.2, "pred_tp3": 121.6, "resid_tp3": -106.9, "pred_tp4": 122.0, "resid_tp4": -107.2, "pred_tp5": 120.3, "resid_tp5": -105.6, "pred_tp6": 137.3, "resid_tp6": -122.6}}, {"type": "Feature", "geometry": {"type": "Point", "coordinates": [-96.6143219, 40.8522016]}, "properties": {"plot_id": "Lincoln-hybrids-8-35", "site_id": "Lincoln", "year": 2022, "actual": 26.27, "pred_records": 113.6, "resid_records": -87.4, "pred_tp1": 123.7, "resid_tp1": -97.5, "pred_tp2": 101.8, "resid_tp2": -75.6, "pred_tp3": 106.5, "resid_tp3": -80.3, "pred_tp4": 109.9, "resid_tp4": -83.7, "pred_tp5": 109.2, "resid_tp5": -82.9, "pred_tp6": 113.7, "resid_tp6": -87.5}}, {"type": "Feature", "geometry": {"type": "Point", "coordinates": [-96.6142489, 40.8522015]}, "properties": {"plot_id": "Lincoln-hybrids-8-36", "site_id": "Lincoln", "year": 2022, "actual": 37.17, "pred_records": 103.4, "resid_records": -66.3, "pred_tp1": 86.8, "resid_tp1": -49.7, "pred_tp2": 99.0, "resid_tp2": -61.9, "pred_tp3": 114.9, "resid_tp3": -77.7, "pred_tp4": 124.0, "resid_tp4": -86.8, "pred_tp5": 122.7, "resid_tp5": -85.5, "pred_tp6": 124.4, "resid_tp6": -87.2}}, {"type": "Feature", "geometry": {"type": "Point", "coordinates": [-96.6141778, 40.8522]}, "properties": {"plot_id": "Lincoln-hybrids-8-37", "site_id": "Lincoln", "year": 2022, "actual": 46.07, "pred_records": 128.3, "resid_records": -82.2, "pred_tp1": 130.2, "resid_tp1": -84.1, "pred_tp2": 118.3, "resid_tp2": -72.2, "pred_tp3": 122.9, "resid_tp3": -76.8, "pred_tp4": 125.7, "resid_tp4": -79.6, "pred_tp5": 122.2, "resid_tp5": -76.1, "pred_tp6": 131.8, "resid_tp6": -85.8}}, {"type": "Feature", "geometry": {"type": "Point", "coordinates": [-96.6141066, 40.8521999]}, "properties": {"plot_id": "Lincoln-hybrids-8-38", "site_id": "Lincoln", "year": 2022, "actual": 41.09, "pred_records": 152.9, "resid_records": -111.8, "pred_tp1": 149.2, "resid_tp1": -108.1, "pred_tp2": 135.6, "resid_tp2": -94.5, "pred_tp3": 124.0, "resid_tp3": -82.9, "pred_tp4": 128.6, "resid_tp4": -87.5, "pred_tp5": 124.9, "resid_tp5": -83.8, "pred_tp6": 142.7, "resid_tp6": -101.7}}, {"type": "Feature", "geometry": {"type": "Point", "coordinates": [-96.6140337, 40.8521997]}, "properties": {"plot_id": "Lincoln-hybrids-8-39", "site_id": "Lincoln", "year": 2022, "actual": 41.79, "pred_records": 113.6, "resid_records": -71.8, "pred_tp1": 107.5, "resid_tp1": -65.7, "pred_tp2": 111.2, "resid_tp2": -69.4, "pred_tp3": 114.6, "resid_tp3": -72.8, "pred_tp4": 122.1, "resid_tp4": -80.3, "pred_tp5": 112.2, "resid_tp5": -70.4, "pred_tp6": 126.5, "resid_tp6": -84.7}}, {"type": "Feature", "geometry": {"type": "Point", "coordinates": [-96.6165524, 40.8522234]}, "properties": {"plot_id": "Lincoln-hybrids-8-4", "site_id": "Lincoln", "year": 2022, "actual": 96.27, "pred_records": 153.2, "resid_records": -57.0, "pred_tp1": 143.9, "resid_tp1": -47.6, "pred_tp2": 144.2, "resid_tp2": -47.9, "pred_tp3": 116.8, "resid_tp3": -20.6, "pred_tp4": 125.3, "resid_tp4": -29.0, "pred_tp5": 123.4, "resid_tp5": -27.2, "pred_tp6": 139.8, "resid_tp6": -43.5}}, {"type": "Feature", "geometry": {"type": "Point", "coordinates": [-96.6164795, 40.8522233]}, "properties": {"plot_id": "Lincoln-hybrids-8-5", "site_id": "Lincoln", "year": 2022, "actual": 52.26, "pred_records": 115.3, "resid_records": -63.0, "pred_tp1": 123.3, "resid_tp1": -71.0, "pred_tp2": 124.4, "resid_tp2": -72.2, "pred_tp3": 97.8, "resid_tp3": -45.6, "pred_tp4": 103.8, "resid_tp4": -51.6, "pred_tp5": 117.6, "resid_tp5": -65.3, "pred_tp6": 127.2, "resid_tp6": -75.0}}, {"type": "Feature", "geometry": {"type": "Point", "coordinates": [-96.6164083, 40.8522218]}, "properties": {"plot_id": "Lincoln-hybrids-8-6", "site_id": "Lincoln", "year": 2022, "actual": 40.14, "pred_records": 77.8, "resid_records": -37.7, "pred_tp1": 91.9, "resid_tp1": -51.8, "pred_tp2": 89.1, "resid_tp2": -49.0, "pred_tp3": 58.1, "resid_tp3": -18.0, "pred_tp4": 91.7, "resid_tp4": -51.6, "pred_tp5": 94.1, "resid_tp5": -53.9, "pred_tp6": 95.3, "resid_tp6": -55.2}}, {"type": "Feature", "geometry": {"type": "Point", "coordinates": [-96.6163354, 40.8522217]}, "properties": {"plot_id": "Lincoln-hybrids-8-7", "site_id": "Lincoln", "year": 2022, "actual": 35.95, "pred_records": 136.5, "resid_records": -100.6, "pred_tp1": 136.4, "resid_tp1": -100.4, "pred_tp2": 118.2, "resid_tp2": -82.3, "pred_tp3": 106.9, "resid_tp3": -70.9, "pred_tp4": 116.4, "resid_tp4": -80.4, "pred_tp5": 113.9, "resid_tp5": -77.9, "pred_tp6": 121.1, "resid_tp6": -85.1}}, {"type": "Feature", "geometry": {"type": "Point", "coordinates": [-96.6162642, 40.8522215]}, "properties": {"plot_id": "Lincoln-hybrids-8-8", "site_id": "Lincoln", "year": 2022, "actual": 44.64, "pred_records": 93.6, "resid_records": -49.0, "pred_tp1": 90.1, "resid_tp1": -45.4, "pred_tp2": 99.7, "resid_tp2": -55.1, "pred_tp3": 84.6, "resid_tp3": -40.0, "pred_tp4": 99.0, "resid_tp4": -54.4, "pred_tp5": 101.3, "resid_tp5": -56.7, "pred_tp6": 111.4, "resid_tp6": -66.7}}, {"type": "Feature", "geometry": {"type": "Point", "coordinates": [-96.6161913, 40.85222]}, "properties": {"plot_id": "Lincoln-hybrids-8-9", "site_id": "Lincoln", "year": 2022, "actual": 80.36, "pred_records": 150.5, "resid_records": -70.1, "pred_tp1": 147.8, "resid_tp1": -67.4, "pred_tp2": 149.7, "resid_tp2": -69.3, "pred_tp3": 109.2, "resid_tp3": -28.9, "pred_tp4": 125.2, "resid_tp4": -44.9, "pred_tp5": 133.1, "resid_tp5": -52.7, "pred_tp6": 135.2, "resid_tp6": -54.9}}, {"type": "Feature", "geometry": {"type": "Point", "coordinates": [-96.6161212, 40.8521916]}, "properties": {"plot_id": "Lincoln-hybrids-9-10", "site_id": "Lincoln", "year": 2022, "actual": 70.62, "pred_records": 131.9, "resid_records": -61.3, "pred_tp1": 136.7, "resid_tp1": -66.1, "pred_tp2": 132.9, "resid_tp2": -62.2, "pred_tp3": 94.4, "resid_tp3": -23.8, "pred_tp4": 121.5, "resid_tp4": -50.8, "pred_tp5": 127.3, "resid_tp5": -56.7, "pred_tp6": 128.4, "resid_tp6": -57.8}}, {"type": "Feature", "geometry": {"type": "Point", "coordinates": [-96.6160482, 40.8521914]}, "properties": {"plot_id": "Lincoln-hybrids-9-11", "site_id": "Lincoln", "year": 2022, "actual": 82.66, "pred_records": 153.2, "resid_records": -70.6, "pred_tp1": 147.6, "resid_tp1": -65.0, "pred_tp2": 150.4, "resid_tp2": -67.7, "pred_tp3": 121.2, "resid_tp3": -38.6, "pred_tp4": 126.6, "resid_tp4": -43.9, "pred_tp5": 128.3, "resid_tp5": -45.6, "pred_tp6": 137.2, "resid_tp6": -54.5}}, {"type": "Feature", "geometry": {"type": "Point", "coordinates": [-96.6159771, 40.8521913]}, "properties": {"plot_id": "Lincoln-hybrids-9-12", "site_id": "Lincoln", "year": 2022, "actual": 50.02, "pred_records": 127.6, "resid_records": -77.6, "pred_tp1": 138.8, "resid_tp1": -88.7, "pred_tp2": 122.3, "resid_tp2": -72.3, "pred_tp3": 121.8, "resid_tp3": -71.8, "pred_tp4": 112.8, "resid_tp4": -62.8, "pred_tp5": 119.6, "resid_tp5": -69.6, "pred_tp6": 120.2, "resid_tp6": -70.2}}, {"type": "Feature", "geometry": {"type": "Point", "coordinates": [-96.6159042, 40.8521898]}, "properties": {"plot_id": "Lincoln-hybrids-9-13", "site_id": "Lincoln", "year": 2022, "actual": 78.63, "pred_records": 141.6, "resid_records": -63.0, "pred_tp1": 145.9, "resid_tp1": -67.3, "pred_tp2": 132.9, "resid_tp2": -54.2, "pred_tp3": 114.1, "resid_tp3": -35.5, "pred_tp4": 126.5, "resid_tp4": -47.9, "pred_tp5": 123.0, "resid_tp5": -44.3, "pred_tp6": 128.1, "resid_tp6": -49.5}}, {"type": "Feature", "geometry": {"type": "Point", "coordinates": [-96.6157618, 40.8521895]}, "properties": {"plot_id": "Lincoln-hybrids-9-15", "site_id": "Lincoln", "year": 2022, "actual": 121.12, "pred_records": 151.4, "resid_records": -30.3, "pred_tp1": 130.9, "resid_tp1": -9.8, "pred_tp2": 130.8, "resid_tp2": -9.7, "pred_tp3": 128.7, "resid_tp3": -7.5, "pred_tp4": 122.9, "resid_tp4": -1.8, "pred_tp5": 116.3, "resid_tp5": 4.9, "pred_tp6": 122.9, "resid_tp6": -1.8}}, {"type": "Feature", "geometry": {"type": "Point", "coordinates": [-96.6156889, 40.852188]}, "properties": {"plot_id": "Lincoln-hybrids-9-16", "site_id": "Lincoln", "year": 2022, "actual": 56.79, "pred_records": 129.9, "resid_records": -73.1, "pred_tp1": 125.5, "resid_tp1": -68.7, "pred_tp2": 124.3, "resid_tp2": -67.5, "pred_tp3": 127.9, "resid_tp3": -71.1, "pred_tp4": 121.2, "resid_tp4": -64.4, "pred_tp5": 119.9, "resid_tp5": -63.1, "pred_tp6": 125.8, "resid_tp6": -69.0}}, {"type": "Feature", "geometry": {"type": "Point", "coordinates": [-96.615616, 40.8521879]}, "properties": {"plot_id": "Lincoln-hybrids-9-17", "site_id": "Lincoln", "year": 2022, "actual": 27.92, "pred_records": 135.0, "resid_records": -107.1, "pred_tp1": 113.6, "resid_tp1": -85.7, "pred_tp2": 112.7, "resid_tp2": -84.8, "pred_tp3": 110.7, "resid_tp3": -82.8, "pred_tp4": 106.5, "resid_tp4": -78.6, "pred_tp5": 107.8, "resid_tp5": -79.9, "pred_tp6": 117.8, "resid_tp6": -89.9}}, {"type": "Feature", "geometry": {"type": "Point", "coordinates": [-96.6155448, 40.8521864]}, "properties": {"plot_id": "Lincoln-hybrids-9-18", "site_id": "Lincoln", "year": 2022, "actual": 25.96, "pred_records": 137.6, "resid_records": -111.6, "pred_tp1": 122.4, "resid_tp1": -96.5, "pred_tp2": 118.1, "resid_tp2": -92.1, "pred_tp3": 120.3, "resid_tp3": -94.4, "pred_tp4": 113.7, "resid_tp4": -87.8, "pred_tp5": 108.9, "resid_tp5": -83.0, "pred_tp6": 116.1, "resid_tp6": -90.2}}, {"type": "Feature", "geometry": {"type": "Point", "coordinates": [-96.6154737, 40.8521863]}, "properties": {"plot_id": "Lincoln-hybrids-9-19", "site_id": "Lincoln", "year": 2022, "actual": 57.23, "pred_records": 144.2, "resid_records": -87.0, "pred_tp1": 136.7, "resid_tp1": -79.5, "pred_tp2": 131.7, "resid_tp2": -74.4, "pred_tp3": 121.1, "resid_tp3": -63.9, "pred_tp4": 115.7, "resid_tp4": -58.5, "pred_tp5": 115.6, "resid_tp5": -58.3, "pred_tp6": 124.0, "resid_tp6": -66.8}}, {"type": "Feature", "geometry": {"type": "Point", "coordinates": [-96.6166957, 40.852198]}, "properties": {"plot_id": "Lincoln-hybrids-9-2", "site_id": "Lincoln", "year": 2022, "actual": 63.26, "pred_records": 127.1, "resid_records": -63.8, "pred_tp1": 149.4, "resid_tp1": -86.1, "pred_tp2": 158.3, "resid_tp2": -95.0, "pred_tp3": 126.8, "resid_tp3": -63.6, "pred_tp4": 140.7, "resid_tp4": -77.5, "pred_tp5": 139.2, "resid_tp5": -76.0, "pred_tp6": 153.5, "resid_tp6": -90.2}}, {"type": "Feature", "geometry": {"type": "Point", "coordinates": [-96.6154008, 40.8521848]}, "properties": {"plot_id": "Lincoln-hybrids-9-20", "site_id": "Lincoln", "year": 2022, "actual": 29.48, "pred_records": 99.1, "resid_records": -69.7, "pred_tp1": 104.0, "resid_tp1": -74.6, "pred_tp2": 101.5, "resid_tp2": -72.0, "pred_tp3": 82.6, "resid_tp3": -53.1, "pred_tp4": 97.8, "resid_tp4": -68.3, "pred_tp5": 97.4, "resid_tp5": -67.9, "pred_tp6": 105.1, "resid_tp6": -75.7}}, {"type": "Feature", "geometry": {"type": "Point", "coordinates": [-96.6153296, 40.8521846]}, "properties": {"plot_id": "Lincoln-hybrids-9-21", "site_id": "Lincoln", "year": 2022, "actual": 59.54, "pred_records": 99.1, "resid_records": -39.6, "pred_tp1": 107.1, "resid_tp1": -47.5, "pred_tp2": 105.1, "resid_tp2": -45.6, "pred_tp3": 74.6, "resid_tp3": -15.1, "pred_tp4": 104.3, "resid_tp4": -44.7, "pred_tp5": 100.5, "resid_tp5": -41.0, "pred_tp6": 103.3, "resid_tp6": -43.7}}, {"type": "Feature", "geometry": {"type": "Point", "coordinates": [-96.6152567, 40.8521845]}, "properties": {"plot_id": "Lincoln-hybrids-9-22", "site_id": "Lincoln", "year": 2022, "actual": 50.83, "pred_records": 148.3, "resid_records": -97.5, "pred_tp1": 145.0, "resid_tp1": -94.1, "pred_tp2": 126.4, "resid_tp2": -75.6, "pred_tp3": 95.4, "resid_tp3": -44.6, "pred_tp4": 118.7, "resid_tp4": -67.9, "pred_tp5": 115.9, "resid_tp5": -65.1, "pred_tp6": 121.4, "resid_tp6": -70.6}}, {"type": "Feature", "geometry": {"type": "Point", "coordinates": [-96.6151855, 40.852183]}, "properties": {"plot_id": "Lincoln-hybrids-9-23", "site_id": "Lincoln", "year": 2022, "actual": 52.02, "pred_records": 135.0, "resid_records": -83.0, "pred_tp1": 132.0, "resid_tp1": -80.0, "pred_tp2": 119.5, "resid_tp2": -67.5, "pred_tp3": 98.3, "resid_tp3": -46.3, "pred_tp4": 112.5, "resid_tp4": -60.4, "pred_tp5": 115.1, "resid_tp5": -63.1, "pred_tp6": 117.8, "resid_tp6": -65.8}}, {"type": "Feature", "geometry": {"type": "Point", "coordinates": [-96.6151144, 40.8521829]}, "properties": {"plot_id": "Lincoln-hybrids-9-24", "site_id": "Lincoln", "year": 2022, "actual": 38.94, "pred_records": 140.8, "resid_records": -101.9, "pred_tp1": 135.9, "resid_tp1": -97.0, "pred_tp2": 118.9, "resid_tp2": -80.0, "pred_tp3": 105.8, "resid_tp3": -66.9, "pred_tp4": 117.8, "resid_tp4": -78.9, "pred_tp5": 117.5, "resid_tp5": -78.6, "pred_tp6": 120.1, "resid_tp6": -81.2}}, {"type": "Feature", "geometry": {"type": "Point", "coordinates": [-96.6150414, 40.8521827]}, "properties": {"plot_id": "Lincoln-hybrids-9-25", "site_id": "Lincoln", "year": 2022, "actual": 44.55, "pred_records": 148.1, "resid_records": -103.5, "pred_tp1": 141.3, "resid_tp1": -96.8, "pred_tp2": 123.6, "resid_tp2": -79.0, "pred_tp3": 104.7, "resid_tp3": -60.2, "pred_tp4": 116.5, "resid_tp4": -71.9, "pred_tp5": 113.2, "resid_tp5": -68.6, "pred_tp6": 122.0, "resid_tp6": -77.4}}, {"type": "Feature", "geometry": {"type": "Point", "coordinates": [-96.6149685, 40.8521812]}, "properties": {"plot_id": "Lincoln-hybrids-9-26", "site_id": "Lincoln", "year": 2022, "actual": 45.43, "pred_records": 129.5, "resid_records": -84.1, "pred_tp1": 152.5, "resid_tp1": -107.1, "pred_tp2": 132.1, "resid_tp2": -86.7, "pred_tp3": 133.6, "resid_tp3": -88.2, "pred_tp4": 125.6, "resid_tp4": -80.1, "pred_tp5": 124.8, "resid_tp5": -79.4, "pred_tp6": 131.7, "resid_tp6": -86.3}}, {"type": "Feature", "geometry": {"type": "Point", "coordinates": [-96.6148262, 40.8521796]}, "properties": {"plot_id": "Lincoln-hybrids-9-28", "site_id": "Lincoln", "year": 2022, "actual": 80.73, "pred_records": 155.6, "resid_records": -74.9, "pred_tp1": 159.6, "resid_tp1": -78.8, "pred_tp2": 154.4, "resid_tp2": -73.7, "pred_tp3": 129.6, "resid_tp3": -48.9, "pred_tp4": 146.7, "resid_tp4": -66.0, "pred_tp5": 147.4, "resid_tp5": -66.7, "pred_tp6": 151.2, "resid_tp6": -70.5}}, {"type": "Feature", "geometry": {"type": "Point", "coordinates": [-96.6147533, 40.8521795]}, "properties": {"plot_id": "Lincoln-hybrids-9-29", "site_id": "Lincoln", "year": 2022, "actual": 60.3, "pred_records": 136.8, "resid_records": -76.5, "pred_tp1": 145.2, "resid_tp1": -84.9, "pred_tp2": 133.5, "resid_tp2": -73.2, "pred_tp3": 117.1, "resid_tp3": -56.8, "pred_tp4": 118.7, "resid_tp4": -58.4, "pred_tp5": 119.6, "resid_tp5": -59.3, "pred_tp6": 135.1, "resid_tp6": -74.8}}, {"type": "Feature", "geometry": {"type": "Point", "coordinates": [-96.6166245, 40.8521966]}, "properties": {"plot_id": "Lincoln-hybrids-9-3", "site_id": "Lincoln", "year": 2022, "actual": 106.87, "pred_records": 153.5, "resid_records": -46.7, "pred_tp1": 144.1, "resid_tp1": -37.3, "pred_tp2": 151.3, "resid_tp2": -44.4, "pred_tp3": 123.4, "resid_tp3": -16.5, "pred_tp4": 127.8, "resid_tp4": -20.9, "pred_tp5": 136.6, "resid_tp5": -29.7, "pred_tp6": 152.2, "resid_tp6": -45.3}}, {"type": "Feature", "geometry": {"type": "Point", "coordinates": [-96.6146821, 40.852178]}, "properties": {"plot_id": "Lincoln-hybrids-9-30", "site_id": "Lincoln", "year": 2022, "actual": 63.74, "pred_records": 143.8, "resid_records": -80.0, "pred_tp1": 143.9, "resid_tp1": -80.2, "pred_tp2": 134.5, "resid_tp2": -70.8, "pred_tp3": 115.6, "resid_tp3": -51.9, "pred_tp4": 127.0, "resid_tp4": -63.2, "pred_tp5": 124.4, "resid_tp5": -60.7, "pred_tp6": 142.2, "resid_tp6": -78.4}}, {"type": "Feature", "geometry": {"type": "Point", "coordinates": [-96.6146092, 40.8521778]}, "properties": {"plot_id": "Lincoln-hybrids-9-31", "site_id": "Lincoln", "year": 2022, "actual": 4.02, "pred_records": 113.0, "resid_records": -109.0, "pred_tp1": 109.3, "resid_tp1": -105.2, "pred_tp2": 102.4, "resid_tp2": -98.4, "pred_tp3": 118.4, "resid_tp3": -114.3, "pred_tp4": 110.2, "resid_tp4": -106.2, "pred_tp5": 109.7, "resid_tp5": -105.7, "pred_tp6": 118.1, "resid_tp6": -114.1}}, {"type": "Feature", "geometry": {"type": "Point", "coordinates": [-96.614538, 40.8521777]}, "properties": {"plot_id": "Lincoln-hybrids-9-32", "site_id": "Lincoln", "year": 2022, "actual": 45.14, "pred_records": 125.9, "resid_records": -80.7, "pred_tp1": 126.3, "resid_tp1": -81.2, "pred_tp2": 118.6, "resid_tp2": -73.5, "pred_tp3": 121.0, "resid_tp3": -75.9, "pred_tp4": 126.1, "resid_tp4": -80.9, "pred_tp5": 121.4, "resid_tp5": -76.2, "pred_tp6": 133.3, "resid_tp6": -88.1}}, {"type": "Feature", "geometry": {"type": "Point", "coordinates": [-96.6144669, 40.8521763]}, "properties": {"plot_id": "Lincoln-hybrids-9-33", "site_id": "Lincoln", "year": 2022, "actual": 32.47, "pred_records": 126.3, "resid_records": -93.8, "pred_tp1": 146.2, "resid_tp1": -113.7, "pred_tp2": 122.1, "resid_tp2": -89.6, "pred_tp3": 134.0, "resid_tp3": -101.5, "pred_tp4": 140.8, "resid_tp4": -108.3, "pred_tp5": 138.1, "resid_tp5": -105.6, "pred_tp6": 130.7, "resid_tp6": -98.2}}, {"type": "Feature", "geometry": {"type": "Point", "coordinates": [-96.614394, 40.8521747]}, "properties": {"plot_id": "Lincoln-hybrids-9-34", "site_id": "Lincoln", "year": 2022, "actual": 26.18, "pred_records": 113.3, "resid_records": -87.2, "pred_tp1": 99.7, "resid_tp1": -73.6, "pred_tp2": 103.2, "resid_tp2": -77.0, "pred_tp3": 116.0, "resid_tp3": -89.8, "pred_tp4": 116.5, "resid_tp4": -90.4, "pred_tp5": 107.8, "resid_tp5": -81.6, "pred_tp6": 122.8, "resid_tp6": -96.6}}, {"type": "Feature", "geometry": {"type": "Point", "coordinates": [-96.6143211, 40.8521746]}, "properties": {"plot_id": "Lincoln-hybrids-9-35", "site_id": "Lincoln", "year": 2022, "actual": 39.95, "pred_records": 128.3, "resid_records": -88.4, "pred_tp1": 137.4, "resid_tp1": -97.5, "pred_tp2": 118.5, "resid_tp2": -78.6, "pred_tp3": 122.7, "resid_tp3": -82.7, "pred_tp4": 121.5, "resid_tp4": -81.5, "pred_tp5": 115.0, "resid_tp5": -75.1, "pred_tp6": 122.0, "resid_tp6": -82.0}}, {"type": "Feature", "geometry": {"type": "Point", "coordinates": [-96.6142499, 40.8521745]}, "properties": {"plot_id": "Lincoln-hybrids-9-36", "site_id": "Lincoln", "year": 2022, "actual": 82.11, "pred_records": 149.3, "resid_records": -67.2, "pred_tp1": 161.4, "resid_tp1": -79.2, "pred_tp2": 141.9, "resid_tp2": -59.8, "pred_tp3": 126.3, "resid_tp3": -44.2, "pred_tp4": 149.0, "resid_tp4": -66.9, "pred_tp5": 138.0, "resid_tp5": -55.9, "pred_tp6": 149.3, "resid_tp6": -67.2}}, {"type": "Feature", "geometry": {"type": "Point", "coordinates": [-96.6141788, 40.852173]}, "properties": {"plot_id": "Lincoln-hybrids-9-37", "site_id": "Lincoln", "year": 2022, "actual": 32.57, "pred_records": 138.4, "resid_records": -105.8, "pred_tp1": 149.5, "resid_tp1": -116.9, "pred_tp2": 129.8, "resid_tp2": -97.2, "pred_tp3": 127.9, "resid_tp3": -95.4, "pred_tp4": 142.6, "resid_tp4": -110.0, "pred_tp5": 131.4, "resid_tp5": -98.8, "pred_tp6": 142.1, "resid_tp6": -109.6}}, {"type": "Feature", "geometry": {"type": "Point", "coordinates": [-96.6141058, 40.8521728]}, "properties": {"plot_id": "Lincoln-hybrids-9-38", "site_id": "Lincoln", "year": 2022, "actual": 11.74, "pred_records": 126.1, "resid_records": -114.4, "pred_tp1": 116.3, "resid_tp1": -104.6, "pred_tp2": 116.3, "resid_tp2": -104.6, "pred_tp3": 125.5, "resid_tp3": -113.8, "pred_tp4": 123.1, "resid_tp4": -111.3, "pred_tp5": 127.7, "resid_tp5": -115.9, "pred_tp6": 132.9, "resid_tp6": -121.1}}, {"type": "Feature", "geometry": {"type": "Point", "coordinates": [-96.6140347, 40.8521727]}, "properties": {"plot_id": "Lincoln-hybrids-9-39", "site_id": "Lincoln", "year": 2022, "actual": 11.2, "pred_records": 128.2, "resid_records": -117.0, "pred_tp1": 116.0, "resid_tp1": -104.8, "pred_tp2": 119.0, "resid_tp2": -107.8, "pred_tp3": 127.8, "resid_tp3": -116.6, "pred_tp4": 135.8, "resid_tp4": -124.6, "pred_tp5": 121.8, "resid_tp5": -110.6, "pred_tp6": 136.8, "resid_tp6": -125.6}}, {"type": "Feature", "geometry": {"type": "Point", "coordinates": [-96.6165516, 40.8521964]}, "properties": {"plot_id": "Lincoln-hybrids-9-4", "site_id": "Lincoln", "year": 2022, "actual": 60.2, "pred_records": 132.7, "resid_records": -72.5, "pred_tp1": 132.1, "resid_tp1": -71.9, "pred_tp2": 119.5, "resid_tp2": -59.3, "pred_tp3": 88.5, "resid_tp3": -28.3, "pred_tp4": 117.7, "resid_tp4": -57.5, "pred_tp5": 109.3, "resid_tp5": -49.1, "pred_tp6": 116.0, "resid_tp6": -55.8}}, {"type": "Feature", "geometry": {"type": "Point", "coordinates": [-96.6164804, 40.8521963]}, "properties": {"plot_id": "Lincoln-hybrids-9-5", "site_id": "Lincoln", "year": 2022, "actual": 81.1, "pred_records": 132.2, "resid_records": -51.1, "pred_tp1": 148.3, "resid_tp1": -67.2, "pred_tp2": 117.9, "resid_tp2": -36.8, "pred_tp3": 89.2, "resid_tp3": -8.1, "pred_tp4": 116.0, "resid_tp4": -34.9, "pred_tp5": 116.5, "resid_tp5": -35.4, "pred_tp6": 118.5, "resid_tp6": -37.4}}, {"type": "Feature", "geometry": {"type": "Point", "coordinates": [-96.6164075, 40.8521948]}, "properties": {"plot_id": "Lincoln-hybrids-9-6", "site_id": "Lincoln", "year": 2022, "actual": 69.43, "pred_records": 105.3, "resid_records": -35.9, "pred_tp1": 132.8, "resid_tp1": -63.3, "pred_tp2": 116.2, "resid_tp2": -46.8, "pred_tp3": 81.0, "resid_tp3": -11.5, "pred_tp4": 98.3, "resid_tp4": -28.8, "pred_tp5": 101.4, "resid_tp5": -32.0, "pred_tp6": 112.5, "resid_tp6": -43.1}}, {"type": "Feature", "geometry": {"type": "Point", "coordinates": [-96.6163364, 40.8521947]}, "properties": {"plot_id": "Lincoln-hybrids-9-7", "site_id": "Lincoln", "year": 2022, "actual": 33.51, "pred_records": 112.0, "resid_records": -78.5, "pred_tp1": 101.4, "resid_tp1": -67.9, "pred_tp2": 106.8, "resid_tp2": -73.3, "pred_tp3": 79.7, "resid_tp3": -46.2, "pred_tp4": 100.3, "resid_tp4": -66.8, "pred_tp5": 110.9, "resid_tp5": -77.4, "pred_tp6": 109.0, "resid_tp6": -75.4}}, {"type": "Feature", "geometry": {"type": "Point", "coordinates": [-96.6162634, 40.8521945]}, "properties": {"plot_id": "Lincoln-hybrids-9-8", "site_id": "Lincoln", "year": 2022, "actual": 42.95, "pred_records": 65.1, "resid_records": -22.2, "pred_tp1": 90.5, "resid_tp1": -47.5, "pred_tp2": 99.8, "resid_tp2": -56.8, "pred_tp3": 96.2, "resid_tp3": -53.3, "pred_tp4": 103.9, "resid_tp4": -61.0, "pred_tp5": 102.7, "resid_tp5": -59.7, "pred_tp6": 107.6, "resid_tp6": -64.7}}, {"type": "Feature", "geometry": {"type": "Point", "coordinates": [-96.6161923, 40.852193]}, "properties": {"plot_id": "Lincoln-hybrids-9-9", "site_id": "Lincoln", "year": 2022, "actual": 73.82, "pred_records": 125.4, "resid_records": -51.5, "pred_tp1": 132.7, "resid_tp1": -58.9, "pred_tp2": 136.5, "resid_tp2": -62.7, "pred_tp3": 115.0, "resid_tp3": -41.2, "pred_tp4": 121.2, "resid_tp4": -47.4, "pred_tp5": 128.8, "resid_tp5": -54.9, "pred_tp6": 133.8, "resid_tp6": -60.0}}]}
